Date,Pharma_vs_NIFTY,RSI_14,VIX_Pct_Chg,Bank_vs_NIFTY,Ret_Lag1,Ret_Lag5,Bank_Ret,Mom_20d,Vol_Ratio_10_30,Pharma_vs_Bank,IT_Ret,ATR_14,Pharma_Ret,Ret_Lag2,VIX_Change,EMA_26,Vol_10d,CumRet_3d,INR_Ret,Vol_Ratio_5_20,Gold_Mom5,CumRet_10d,IT_vs_NIFTY,Vol_30d,SMA_5,Target_Direction,Target_Return,Target_5d_Dir,Regime
2018-01-05,0.6082050421551077,56.68977463646537,-1.4684273931396485,-0.021103017077384045,0.5898537634340117,0.029968693161475102,0.5687507463566277,1.1654211583689178,0.9674493128809692,0.6293080592324918,0.03538202685746672,105.72421614583254,1.1980588055891195,0.03012675726422609,-0.1999998092651385,10447.763129340277,0.7466606294842941,0.24082751578580197,-0.06444590289125252,0.9018241516122083,0.15880147893938545,0.6862642959537757,-0.554471736576545,0.7959421868270482,13809.795019531251,1,0.6132296831134809,0,Pre-COVID
2018-01-08,0.1856308419077024,56.68977463646537,-2.3099882105388714,0.03236206463401725,0.5145248428569005,0.029968693161475102,0.5468869074909177,1.1654211583689178,0.9674493128809692,0.15326877727368515,0.36882700693967596,105.87352769097137,0.7001556847646029,0.5898537634340117,-0.31000041961669744,10455.991757490998,0.7466606294842941,0.24082751578580197,-0.0780574386537447,0.9018241516122083,0.15880147893938545,0.6862642959537757,-0.14569783591722452,0.7959421868270482,13809.795019531251,1,0.12613794869653638,0,Pre-COVID
2018-01-09,0.8010522562102995,56.68977463646537,4.805492989620652,-0.323215840416724,0.6132296831134809,0.029968693161475102,0.2900138426967569,1.1654211583689178,0.9674493128809692,1.1242680966270235,1.2317805578978103,107.47279040509163,1.4142819393237804,0.5145248428569005,0.630000114440918,10468.40715392685,0.7466606294842941,1.7274342221599293,-0.16506179884855365,0.9018241516122083,0.15880147893938545,0.6862642959537757,0.6185508747843294,0.7959421868270482,13809.795019531251,0,-0.04512366915013777,1,Pre-COVID
2018-01-10,-0.8178240177382889,56.68977463646537,0.8005866971176223,-0.018249699714534273,0.12613794869653638,0.029968693161475102,0.10788824898200211,1.1654211583689178,0.9674493128809692,-0.7995743180237547,0.11887729286155224,107.32575168441262,-0.6916860690417526,0.6132296831134809,0.11000061035156428,10480.895512895231,0.7466606294842941,1.258474200084314,0.29558251238803734,0.9018241516122083,0.15880147893938545,0.6862642959537757,-0.007260655834984142,0.7959421868270482,10553.48984375,1,0.17870242895141608,1,Pre-COVID
2018-01-11,-0.1759627518616136,56.68977463646537,1.37183808772674,-0.2913987511517502,-0.04512366915013777,0.5898537634340117,-0.33652242030188795,1.1654211583689178,0.9674493128809692,0.11543599929013659,2.237757198834167,107.19191838690742,-0.22108642101175136,0.12613794869653638,0.189999580383299,10492.103267148363,0.7466606294842941,0.6946834991604867,0.29014232129849216,0.9018241516122083,0.21351090182786248,0.6862642959537757,2.282880867984305,0.7959421868270482,10591.28984375,1,0.282125996474325,1,Pre-COVID
2018-01-12,0.07005124820933517,56.68977463646537,-0.21367331234117826,-0.00851212719108485,0.17870242895141608,0.5145248428569005,0.17019030176033123,1.1654211583689178,0.9674493128809692,0.07856337540042002,0.40149828098852147,107.10126286240299,0.24875367716075125,-0.04512366915013777,-0.029999732971191406,10503.888224790151,0.7466606294842941,0.2598044631985541,0.1946969581620106,0.9018241516122083,0.8372189140894548,0.6862642959537757,0.2227958520371054,0.7959421868270482,10620.569921875,1,0.5645388385020489,1,Pre-COVID
2018-01-15,-0.5993313279700874,56.68977463646537,-1.9985773167104037,0.06139825961257728,0.282125996474325,0.6132296831134809,0.3435242560869023,1.1654211583689178,0.9674493128809692,-0.6607295875826646,-0.03221830926252167,107.06276114741569,-0.31720533149576235,0.17870242895141608,-0.2800006866455078,10517.026134064956,0.7466606294842941,0.4160007520917608,-0.13785799358285722,0.9018241516122083,1.297295690717415,0.6862642959537757,-0.3143443057368467,0.7959421868270482,10645.05,0,-0.3826227138756466,1,Pre-COVID
2018-01-16,-1.4072906019453324,56.68977463646537,4.224332823873511,0.678801156511355,0.5645388385020489,0.12613794869653638,1.2433399950134039,1.1654211583689178,0.9674493128809692,-2.0860917584566874,-0.8794001992480593,107.98873348921852,-0.8427517634432835,0.282125996474325,0.5800008773803711,10533.657517074033,0.7466606294842941,1.0284758315894926,-0.13129626710602915,0.9018241516122083,1.8076668055418965,0.6862642959537757,-1.4439390377501082,0.7959421868270482,10668.6400390625,1,0.8233261943837888,1,Pre-COVID
2018-01-17,0.006838612967241531,56.68977463646537,-1.5373882639948988,0.020893447040282176,-0.3826227138756466,-0.04512366915013777,-0.36172926683536444,1.1654211583689178,0.9674493128809692,-0.014054834073040645,3.6534453819011103,107.85750261773931,-0.3757841009084051,0.5645388385020489,-0.2200002670288086,10546.012530276881,0.7466606294842941,0.4623892058819301,-0.10584099770213351,0.9018241516122083,1.9311231451251576,0.6862642959537757,4.036068095776757,0.7959421868270482,10681.330078125,1,0.2637073177355065,1,Pre-COVID
2018-01-18,0.4324563671954662,56.68977463646537,-1.6323668801976554,0.3863066545369609,0.8233261943837888,0.17870242895141608,1.2096328489207497,1.1654211583689178,0.9674493128809692,0.046149712658505315,0.8080653026055762,112.41548338849883,1.255782561579255,-0.3826227138756466,-0.23000049591064453,10563.978254307298,0.3644384576435452,1.0045622440023383,0.7447947810256927,0.9018241516122083,1.8665469492779474,3.306932768846216,-0.01526089177821266,0.7959421868270482,10712.6,1,0.7183155709762357,1,Pre-COVID
2018-01-19,-1.4731283304008636,56.68977463646537,0.7215034916797425,0.6807896656290335,0.2637073177355065,0.282125996474325,0.94449698336454,1.1654211583689178,0.9674493128809692,-2.153917996029897,0.3136106377775727,111.849418936699,-1.209421012665357,0.8233261943837888,0.10000038146972656,10582.72060584009,0.35265171133438244,0.7024144251472464,-0.2645549324196139,0.9018241516122083,0.7926983329437753,2.971976630846296,0.04990332004206621,0.7959421868270482,10745.7599609375,1,0.6562824007838586,1,Pre-COVID
2018-01-22,-0.6004153154851144,56.68977463646537,0.14326292288471265,0.6838565508717975,0.7183155709762357,0.5645388385020489,1.4021721218480332,1.1654211583689178,0.9674493128809692,-1.284271866356912,0.502353990480553,114.55932258368058,0.11790025549112126,0.2637073177355065,0.01999950408935547,10605.830205060269,0.37216897654322423,1.8153441813606452,0.06674300643325637,0.9018241516122083,0.6142114978176183,3.180749782053005,-0.2159615804956827,0.7959421868270482,10788.45,1,1.0714741469905364,1,Pre-COVID
2018-01-23,-0.47989359478550764,56.68977463646537,10.085842970355863,-0.1668686434008082,0.6562824007838586,-0.3826227138756466,0.4894137573830504,1.1654211583689178,0.9674493128809692,-0.31302495138469943,2.0666747983429268,116.12887970273131,0.17638880599835094,0.7183155709762357,1.4100008010864258,10632.524278412287,0.37623885452977585,1.6466568152451178,-0.055583070350029296,0.9018241516122083,-0.178115465335682,3.2249011496552127,1.4103923975590682,0.7959421868270482,10833.380078125,1,0.020749430668232094,1,Pre-COVID
2018-01-24,0.09374939234561008,94.04468610124377,5.458084341616165,0.22063033628865192,1.0714741469905364,0.8233261943837888,1.2921044832791884,1.1654211583689178,0.9674493128809692,-0.12688094394304184,1.1938797202059925,123.70082920590856,1.1652235393361465,0.6562824007838586,0.8399991989135742,10665.944716701191,0.4364666386516691,2.46556527052324,0.07519780135325504,0.9018241516122083,-0.20701164518063253,4.199494174226759,0.12240557321545609,0.7959421868270482,10910.030078125,0,-0.1474797886974577,1,Pre-COVID
2018-01-25,0.5843367970437052,94.07303515468091,11.152196083436339,0.008279741403516283,0.020749430668232094,0.2637073177355065,0.029029172071748377,1.1654211583689178,0.9674493128809692,0.5760570556401889,1.5376729690316004,121.98871864512058,0.6050862277119373,1.0714741469905364,1.8100013732910156,10697.059922871473,0.42921994552961734,1.7558978334236919,-0.20288090406033188,0.9018241516122083,0.44235916036412526,4.268164597649049,1.5169235383633684,0.7959421868270482,10969.5201171875,0,0.0,1,Pre-COVID
2018-01-26,-0.8422010316849748,90.7651226541002,-2.937919399933775,0.31938726305479337,-0.1474797886974577,0.7183155709762357,0.17190747435733567,1.1654211583689178,0.9674493128809692,-1.1615882947397682,-0.9939975112656763,120.48309001327101,-0.9896808203824325,0.020749430668232094,-0.5300006866455078,10724.65921677914,0.4607982607983059,0.9433549768380178,-0.27074265021307387,0.9018241516122083,1.8785631264563785,3.9286670763793996,-0.8465177225682186,0.7959421868270482,11020.0501953125,1,0.5487978197707966,1,Pre-COVID
2018-01-29,0.0,90.7651226541002,0.0,0.0,0.0,0.6562824007838586,0.0,1.1654211583689178,0.9674493128809692,0.0,0.0,120.48309001327101,0.0,-0.1474797886974577,-0.5300006866455078,10724.65921677914,0.4763110353452359,-0.12676095924574193,-0.007548046043082124,0.9018241516122083,1.8785631264563785,3.636282182562911,0.0,0.7959421868270482,11020.0501953125,0,-0.7254905229466369,0,Pre-COVID
2018-01-30,-1.6465378788916074,90.7651226541002,2.170183642486845,-0.3564267639574181,0.5487978197707966,1.0714741469905364,0.19237105581337843,1.1654211583689178,0.9674493128809692,-1.2901111149341893,0.9502349419825196,119.0993081880918,-1.0977400591208109,0.0,-0.5300006866455078,10756.92729246055,0.47558112554663834,0.4005086652083767,-0.0048783979797017984,0.9018241516122083,0.9088923175772035,3.6200603544919607,0.401437122211723,0.7959421868270482,11020.0501953125,0,-0.1986505865481769,0,Pre-COVID
2018-01-31,0.11441519234118847,74.58659980787044,-8.216877381253951,-0.10872816892174564,-0.7254905229466369,0.020749430668232094,-0.8342186918683825,1.1654211583689178,0.9674493128809692,0.2231433612629341,-1.016045344062677,121.35250069009635,-0.6110753306054484,0.5487978197707966,-1.4699993133544922,10778.610484917175,0.5425003524093635,-0.18067417934841679,0.15636238340031028,0.9018241516122083,0.5630513112133917,3.263415921186863,-0.29055482111604025,0.7959421868270482,11020.0501953125,0,-0.0979334267002474,0,Pre-COVID
2018-02-01,-1.6709460416814648,70.8877103057858,-2.9841642438576677,0.6034969679637125,-0.1986505865481769,-0.1474797886974577,0.40484638141553564,5.5969433609283525,0.9674493128809692,-2.2744430096451773,-0.9272983409028157,119.87576752516665,-1.8695966282296417,-0.7254905229466369,-0.48999977111816584,10797.061574576088,0.533962565227108,-0.37896585557957163,0.157849791777398,1.0187562013055378,-0.16584386748488278,2.216705627303983,-0.7286477543546388,0.7959421868270482,11020.0501953125,0,-2.326432772943132,0,Pre-COVID
2018-02-02,-2.310759449375299,69.07269966826883,-11.424988158394456,-0.4818806210515336,-0.0979334267002474,0.0,-0.579814047751781,4.874919993325233,0.9674493128809692,-1.8288788283237656,-0.1678739342253599,118.58153237597759,-2.4086928760755466,-0.1986505865481769,-1.8200006484985334,10813.345931320453,0.5429031493734109,-1.019729713367723,-0.16449823193861457,1.0154445643544114,-0.696960663385815,1.8480206214754658,-0.0699405075251125,0.7959421868270482,11020.0501953125,0,-0.8740201113473289,0,Pre-COVID
2018-02-05,1.0604212992643247,41.751528304800914,8.079378958618722,-0.5006364413319031,-2.326432772943132,0.5487978197707966,-2.8270692142750353,1.9107195145659617,0.9674493128809692,1.5610577405962278,0.14655292544676346,144.11783196543053,-1.2660114736788075,-0.0979334267002474,1.140000343322754,10809.43879636153,0.9277282949592112,-2.615926939147717,0.4869198996872104,1.502414809580748,-0.696960663385815,-1.2308790837144645,2.4729856983898957,0.7959421868270482,10997.0501953125,0,-1.5778279553294694,0,Pre-COVID
2018-02-06,1.169837202387114,36.10756998527319,5.245896636462599,-0.4582492397012583,-0.8740201113473289,-0.7254905229466369,-1.3322693510485872,0.4042904184246243,0.9674493128809692,1.6280864420883723,-0.359678518708173,144.55312819816473,0.29581709103978504,-2.326432772943132,0.7999992370605469,10798.854426607899,0.911547553344584,-3.274938420782536,0.24619183190264238,1.2003960069545028,0.14366859049215197,-2.732490610130256,0.5143415926391559,0.7959421868270482,10904.280078125,0,-0.20527044686019513,0,Pre-COVID
2018-02-07,-0.6080698339643198,28.645242270700507,24.735211273631208,0.4764319117280369,-1.5778279553294694,-0.1986505865481769,-1.1013960436014325,-1.3044091379148304,0.9674493128809692,-1.0845017456923567,-2.895212685732873,154.71818506340958,-2.185897789293789,-0.8740201113473289,3.970001220703125,10776.58743204435,0.8610002551577164,-4.707770536496392,0.28409553918491426,1.1452264289815195,0.8030220806305888,-5.28208256264544,-1.3173847304034036,0.7959421868270482,10794.0,1,0.9559251691416026,0,Pre-COVID
2018-02-08,0.9328996387722666,27.851518576120313,-2.7472584007653955,-0.342166026445756,-0.20527044686019513,-0.0979334267002474,-0.5474364733059511,-1.462538300102334,0.9674493128809692,1.2750656652180226,-0.8939394952333868,148.05802731537142,0.7276291919120714,-1.5778279553294694,-0.5500011444091832,10754.373562656807,0.8475697203889553,-2.638323368292206,-0.5204062797751208,1.142660728004898,0.042450458153742154,-5.4961194721946605,-0.6886690483731917,0.7959421868270482,10683.8,0,-1.1525115565078292,0,Pre-COVID
2018-02-09,2.699599772829986,36.638363983106025,-8.73137604285782,0.02051174308324022,0.9559251691416026,-2.326432772943132,0.9764369122248429,-0.6980489012892721,0.9674493128809692,2.6790880297467456,1.110837360951189,148.72144528790508,3.6555249419715885,-0.20527044686019513,-1.6999988555908168,10741.223640191487,0.9702477615771706,-0.8409485443276243,0.3438534035321794,1.4769147614958893,-1.3226462312920018,-4.451818836730004,0.15491219180958637,0.7959421868270482,10595.78984375,1,0.8110971654893273,0,Pre-COVID
2018-02-12,0.7217357921728951,31.594582122044812,8.216089177616116,-0.610566876603702,-1.1525115565078292,-0.8740201113473289,-1.7630784331115312,-2.11866405792861,0.9674493128809692,1.332302668776597,-0.7598248938944785,152.11514125472615,-0.43077576433493414,0.9559251691416026,1.4599990844726562,10720.018199830081,0.9792521274806941,-0.4124478335674975,0.3746127963253354,1.1147086377145463,-1.5116060649713159,-5.553022666669727,0.3926866626133507,0.7959421868270482,10534.6599609375,0,0.0,1,Pre-COVID
2018-02-13,0.46187390120342453,37.98987911875588,-7.020282962069846,0.12337230837236035,0.8110971654893273,-1.5778279553294694,0.9344694738616877,-1.8786842528015546,0.9674493128809692,0.3385015928310642,-0.5607258926599745,150.1662630457626,1.2729710666927518,-1.1525115565078292,-1.3500003814697266,10706.66499984267,1.015261838799952,0.6018097636860009,-0.3556686353683114,1.264273967815895,-0.6786946324600862,-5.306641000286905,-1.3718230581493018,0.7959421868270482,10509.3,0,-0.3686008622120984,1,Pre-COVID
2018-02-14,0.0,37.98987911875588,0.0,0.0,0.0,-0.20527044686019513,0.0,-1.8786842528015546,0.9674493128809692,0.0,0.0,150.1662630457626,0.0,0.8110971654893273,-1.3500003814697266,10706.66499984267,1.0263246095615346,-0.3507623795852788,0.1124365279581152,0.9519533943483066,-0.6786946324600862,-4.614629174671636,0.0,0.7959421868270482,10509.3,1,0.4247217640005241,0,Pre-COVID
2018-02-15,-0.6030317279225428,37.98987911875588,-3.9149825975764108,-1.0334515326919202,-0.3686008622120984,0.9559251691416026,-1.4020523949040187,-2.6662472646464486,1.3337372745574416,0.43041980476937747,-0.021335146218071088,143.35863603980576,-0.9716325901346412,0.0,-1.3500003814697266,10690.300804116963,1.0227963430101394,0.4395065921318553,-0.051959661357836584,0.9965801181891494,0.11254556877950961,-4.777059544214168,0.34726571599402734,0.7668649308883927,10509.3,0,-0.883791146104973,0,Pre-COVID
2018-02-16,-0.8755736693753624,41.57776513133483,-5.005824185535501,-0.09679564946061259,0.4247217640005241,-1.1525115565078292,0.3279261145399115,-2.5099380604603816,1.3855098691768544,-0.7787780199147498,0.2938808373591062,138.304817901165,-0.4508519053748383,-0.3686008622120984,-0.8600006103515625,10679.574818626817,1.057458150627195,0.054555373704312515,-0.35003726819886616,0.8620327487139506,2.5724761840466126,-4.278884022825014,-0.1308409266414179,0.7632267182022244,10509.3,0,-0.7070158285103822,0,Pre-COVID
2018-02-19,0.5949004659529189,36.78762458784091,0.3676437932864207,-0.14062163472912115,-0.883791146104973,0.8110971654893273,-1.0244127808340941,-4.06069357296629,1.0948929358473631,0.73552210068204,-0.14891666750290744,139.25906809246806,-0.2888906801520541,0.4247217640005241,0.05999946594238281,10662.739632409091,0.8478099230789682,-0.8297179279631917,-0.209761519158147,0.7620900822974116,2.5703879723371736,-2.865080161693767,0.7348744786020656,0.7743313480357229,10509.3,0,-0.1734371321447492,0,Pre-COVID
2018-02-20,-0.959487384575719,33.49269550797345,1.7704574504616266,0.28836497895683433,-0.7070158285103822,0.0,-0.4186508495535479,-5.360104632585083,1.0808209154626587,-1.2478523635325534,-0.856650838879025,137.463381148889,-1.6665032130861013,-0.883791146104973,0.29000091552734375,10641.67746635101,0.8365322546631316,-1.1665666318420254,0.7655199689335479,0.6231312229890152,2.1055574770326935,-2.701430353195089,-0.1496350103686428,0.773978595886962,10509.3,1,0.3576097765586983,0,Pre-COVID
2018-02-21,0.09423388093890983,32.7238745079589,1.1997646192207778,-0.5614440576201307,-0.1734371321447492,-0.3686008622120984,-0.7348811897648799,-6.525797269339684,0.9043384794587479,0.6556779385590406,0.329237621753542,132.9487975165369,-0.07920325120583938,-0.7070158285103822,0.20000076293945312,10620.842127408343,0.6992594889582748,-1.7552473507657318,0.1941596852015559,0.645339495843459,2.1055574770326935,-1.3130722679970508,0.5026747538982912,0.7732276185862975,10447.5001953125,0,-0.1418617038112857,0,Pre-COVID
2018-02-22,-2.323628227075558,35.98133995127833,-5.631302404740279,-0.10715327862320656,0.3576097765586983,0.4247217640005241,0.25045649793549174,-6.210985068442176,0.9196951017427096,-2.2164749484523516,2.328239611117855,129.0855581080818,-1.9660184505168599,-0.1734371321447492,-0.9500007629394549,10604.294576882727,0.7149951805476958,-0.5247611568738431,0.5580972415784258,0.7436830004668535,0.6763491445508807,-0.7564404681109194,1.9706298345591566,0.7774263221592655,10426.81015625,1,1.0435590678416817,1,Pre-COVID
2018-02-23,0.3493566555772598,35.24958835965779,-6.846734593996507,0.21604257731749898,-0.1418617038112857,-0.883791146104973,0.07418087350621327,-6.205708139565869,0.7949123764764451,0.13331407825976083,0.5545017310003564,125.7177506207542,0.2074949517659741,0.3576097765586983,-1.090000152587887,10587.880178247895,0.6169086350898332,0.041430321876800846,0.04624802325574606,0.6161951899760109,-0.6552017696807355,-1.8356072103966725,0.6963634348116421,0.7760712416441062,10394.2501953125,1,0.8726467454819975,1,Pre-COVID
2018-02-26,1.5930577474036145,44.22306972137607,-4.248146444248135,0.34813859809688097,1.0435590678416817,-0.7070158285103822,1.3916976659385627,-6.205708139565869,0.7800699963661215,1.2449191493067335,1.1068155819799363,130.3960316577785,2.6366168152452962,-0.1418617038112857,-0.6300001144409197,10580.707557984162,0.6244172980164691,1.261045993750609,0.08691596684990976,0.7693700995989532,-1.1543758962049955,0.34528724384728093,0.06325651413825462,0.8004631646483622,10402.0001953125,0,-0.26741826897078713,1,Pre-COVID
2018-02-27,-1.205790751778102,50.46916795893124,-3.521126807859265,0.6505267612737287,0.8726467454819975,-0.1734371321447492,1.5231735067557262,-4.921662851512565,0.7810625932785149,-1.8563175130518306,-1.2275515024288919,132.27160113465783,-0.3331440062961044,1.0435590678416817,-0.5,10580.847709939038,0.6331462797536499,1.7807194127842152,-0.3824364436394334,0.6411711691658797,-0.3881253928888384,0.4065524265281395,-2.1001982479108894,0.8106216904050011,10442.8400390625,0,-0.5822290104475547,1,Pre-COVID
2018-02-28,-0.19202967818058303,48.65534273471688,1.6058413875307043,-0.9171877529640438,-0.26741826897078713,0.3576097765586983,-1.1846060219348309,-4.482952567963383,0.7917704474559065,0.7251580747834607,0.2646819476572304,128.70778738962002,-0.45944794715137016,0.8726467454819975,0.22000026702880682,10578.881198438925,0.6407371791780713,1.6527454915097328,0.11962382581167663,0.6748712992849542,-0.25269959214236914,0.13804696209587242,0.5321002166280175,0.8092461409208844,10481.619921875,0,-0.32879533476946055,1,Pre-COVID
2018-03-01,-0.11817043704239749,44.883284127377536,-0.7902274143272159,-0.5058693120534197,-0.5822290104475547,-0.1418617038112857,-1.0880983225009744,-4.850064623309647,0.8249377031970572,0.3876988750110222,0.4879671467785007,126.73534151892078,-0.7003994474899522,-0.26741826897078713,-0.10999965667724432,10572.508488137893,0.6582924325044681,0.01715562046704644,0.2000613127211448,0.8326583545200423,-0.04393650713846453,-0.076667532787833,1.0701961572260554,0.7979904783970392,10500.6998046875,0,0.0,0,Pre-COVID
2018-03-02,-0.145521788078673,42.873641744966974,1.8826883946954753,-0.4870996899838609,-0.32879533476946055,1.0435590678416817,-0.8158950247533214,-5.069944915952107,0.8119888579494223,0.3415779019051879,-0.30876574820438707,123.78176212889777,-0.47431712284813354,-0.5822290104475547,0.2599992752075213,10564.052274896198,0.6465684398486947,-1.17409714612966,0.5083872793752331,0.8622812963003303,-0.3938813890152604,-0.826422555829498,0.020029586565073476,0.7962774777480625,10515.8296875,0,-0.9513929416818057,0,Pre-COVID
2018-03-05,0.0,42.873641744966974,0.0,0.0,0.0,0.8726467454819975,0.0,-5.069944915952107,0.7447773538292355,0.0,0.0,123.78176212889777,0.0,-0.32879533476946055,0.2599992752075213,10564.052274896198,0.5818137309800777,-0.9091100033929767,-0.13794656780730108,0.776054269297922,-0.3938813890152604,0.057880129737442054,0.0,0.7811914902007073,10515.8296875,0,-1.0580287725753812,0,Pre-COVID
2018-03-06,0.2567087969984505,42.873641744966974,9.452735981190564,0.6146702638502366,-0.9513929416818057,-0.26741826897078713,-0.33672267783156906,-2.884720935510743,0.7933900990031519,-0.3579614668517861,0.6907125519380442,120.73755116882512,-0.6946841446833552,0.0,0.2599992752075213,10547.732769832655,0.6190890121087762,-1.2770601408436777,0.05632753159758863,0.49364731236204584,-0.2239518924330719,-0.18837952395497348,1.6421054936198498,0.7803084671806293,10515.8296875,0,-0.9273830249774351,0,Pre-COVID
2018-03-07,-0.14174993000730662,36.405935191782525,5.51948313327848,-0.4337837097473929,-1.0580287725753812,-0.5822290104475547,-1.491812482322774,-2.371823875407808,0.9250462172844445,0.29203377974008626,-1.178681770352863,126.08532559631513,-1.1997787025826878,-0.9513929416818057,0.8500003814697283,10525.622935030236,0.7016033713315096,-1.999355703193939,-0.28073005732225376,0.6417252058160876,-0.49027831708908787,-1.0728387555907437,-0.12065299777748173,0.7584522352824966,10515.8296875,1,0.8710700361544088,0,Pre-COVID
2018-03-08,-0.6104081493229385,31.910058068517316,-3.384616558368392,-0.3583889059277201,-0.9273830249774351,-0.32879533476946055,-1.2857719309051552,-3.078259318180099,0.9458025106304954,-0.2520192433952184,-0.22783717773344758,128.71672293868156,-1.5377911743003736,-1.0580287725753812,-0.5500001907348633,10498.11013949559,0.7246372291779424,-2.9081970427710324,-0.17491445294780528,0.6572382887865651,0.5054500116770555,-2.339515895057276,0.6995458472439875,0.7661612450154113,10515.8296875,0,-0.1542645765246653,0,Pre-COVID
2018-03-09,-1.2036340596599193,39.40873298261587,-7.070061593390564,0.5524381293760872,0.8710700361544088,0.0,1.423508165530496,-3.1597236520577554,1.0132997262671894,-1.7560721890360065,0.04141309236089796,130.1762861822739,-0.3325640235055105,-0.9273830249774351,-1.109999656677246,10479.187195134806,0.805271676604997,-1.121738640213843,0.0018459160928907536,1.195380362624893,0.5977575304840776,-1.3488765162527616,-0.8296569437935108,0.7947023527482242,10515.8296875,1,1.9023530088059015,1,Pre-COVID
2018-03-12,-0.6685462485244487,38.591109649573525,-0.41124344749274844,-0.5860079855545708,-0.1542645765246653,-0.9513929416818057,-0.7402725620792361,-2.181747226684727,0.8720507752530317,-0.08253826296987787,0.5113354521036673,126.45524750380399,-0.822810825049114,0.8710700361544088,-0.06000041961669922,10460.495522115561,0.6919642739799649,-0.21855638827231738,0.3069807613240494,1.2436307947498522,0.5977575304840776,-2.51833896732101,0.6656000286283326,0.793490807564481,10246.3599609375,1,0.052288738036598836,1,Pre-COVID
2018-03-13,-0.904196685186287,51.840164574411354,-0.27529224079928527,-0.3887557872792602,1.9023530088059015,-1.0580287725753812,1.5135972215266413,-1.1228882029934328,1.0484643687811503,-0.5154408979070269,1.3818697415128645,142.48225226371326,0.9981563236196145,-0.1542645765246653,-0.039999961853027344,10457.599586449594,0.9177812347564099,2.6314253232455176,-0.19281420716028563,1.6221849502907493,-0.7208037650784038,-1.5232478285127193,-0.5204832672930371,0.8753575819829651,10258.8701171875,0,-0.1529629691374823,1,Pre-COVID
2018-03-14,1.242947830297858,52.15155654627655,-0.20703749789553472,0.24957404652425907,0.052288738036598836,-0.9273830249774351,0.3018627845608579,-1.1228882029934328,1.0545781915935883,0.993373783773599,-1.464012485829591,137.38708477438476,1.2952365683344569,1.9023530088059015,-0.029999732971191406,10455.321810369996,0.9187892938402626,1.798355032390786,-0.029852923267070786,1.3939733108249615,-0.5238274301874513,-1.2075665621692377,-1.51630122386619,0.8712386630586482,10294.3900390625,0,-0.4874698450260895,1,Pre-COVID
2018-03-15,0.03186925854505862,51.109917025525654,-0.6915655685056366,0.6097354952352085,-0.1529629691374823,0.8710700361544088,0.45677252609772623,-0.857069362169649,1.0382519346809098,-0.5778662366901499,0.4142388150880194,132.95000732530002,-0.12109371059242369,0.052288738036598836,-0.10000038146972656,10452.031334833331,0.9045895430490767,1.7996820944866432,-0.18076867096142868,1.152948406176333,-0.6596080761952283,-0.7810006032754058,0.5672017842255017,0.8712620826690418,10345.730078125,0,-1.592640973139836,0,Pre-COVID
2018-03-16,0.1312114692675559,47.835868212996,-0.20891179448768726,0.24683602034172303,-0.4874698450260895,-0.1542645765246653,-0.24063382468436645,-1.7576180302024569,1.0436954619207344,-0.11562455107416714,-0.19277771672275845,129.03687353609328,-0.3562583757585336,-0.1529629691374823,-0.02999973297118963,10445.225338966047,0.9109112191322501,-0.5877329121247499,0.013416264678900447,1.240334007518858,-0.5265530689638975,-0.9389552120343425,0.294692128303331,0.8727749159237618,10369.230078125,0,-0.9896900659531527,0,Pre-COVID
2018-03-19,0.16539584119793505,39.07229076213566,6.2107491141742965,0.37329489243050906,-1.592640973139836,1.9023530088059015,-1.219346080709327,-2.460218505664924,1.2506899633165451,-0.20789905123257402,-0.5006888651764019,140.6287239916975,-1.427245131941901,-0.4874698450260895,0.8900003433227521,10426.701268718563,1.0253545847788288,-2.2221402190521156,0.2739139607984553,1.5391848846865979,-0.31924222298075344,-2.5166419997478817,1.0919521079634342,0.8198311449903642,10362.890234375,1,0.2981856935879268,0,Pre-COVID
2018-03-20,0.5930572345171359,34.865790922182626,3.942177511620648,-0.008491216279560287,-0.9896900659531527,0.052288738036598836,-0.998181282232713,-2.737901602656212,1.2487524739464977,0.6015484507966962,-2.1821692292997685,142.0611128761379,-0.3966328314360168,-1.592640973139836,0.5999994277954119,10402.075248813486,1.0283332200964137,-3.041527425525492,0.07783779673387059,0.7965381435819863,-0.6139135029558651,-2.5543339207814264,-1.1924791633466159,0.8234884345987665,10297.46015625,1,0.3052086486265315,0,Pre-COVID
2018-03-21,0.4747565666077147,37.04323544455197,-1.3274338950567732,-0.6153684807926996,0.2981856935879268,-0.1529629691374823,-0.3171827872047728,-2.2783943896955927,1.2748731687688262,1.0901250474004143,1.511917493663817,136.61876397181925,0.7729422601956415,-0.9896900659531527,-0.21000003814697443,10381.50297922545,0.9994915664705848,-2.2760362770735343,0.22300133674162392,0.8733621832655942,0.007367832912419381,-1.2186295643583644,1.21373180007589,0.7839929420652323,10236.96015625,0,-0.3988084980675044,0,Pre-COVID
2018-03-22,-0.9259320541267768,39.28715026279608,-3.203075022401569,0.05642941526466938,0.3052086486265315,-0.4874698450260895,0.3616380638912009,-2.3294191437598033,1.2239865236395147,-0.9823614693914462,-0.0019826950991341796,131.94326210890998,-0.6207234055002453,0.2981856935879268,-0.5,10364.743499282824,0.963964826687894,-0.3913663761320296,0.0341982619374015,0.9826627476922114,-0.31365474635890456,0.01033862507442418,-0.3071913437256657,0.7875616340114213,10185.830078125,0,-1.1537625281148767,0,Pre-COVID
2018-03-23,-0.20468098499567544,37.40535040994947,0.9265410092903936,-0.07160218747560565,-0.3988084980675044,-1.592640973139836,-0.47041068554311005,-2.5807370941277163,1.2050380088450665,-0.1330787975200698,-0.9457643139096139,127.83716049438854,-0.6034894830631798,0.3052086486265315,0.1400003433227539,10346.225462298911,0.9198614759485103,0.2030859152487796,-0.25570338547633575,0.981171116946127,0.5422062617629564,-1.2487040536116156,-0.5469558158421095,0.7633464414202344,10136.75,1,1.3262645068574441,1,Pre-COVID
2018-03-26,-0.5762305020361791,32.56501528242889,1.9672143654745122,-0.797645786761525,-1.1537625281148767,-0.9896900659531527,-1.9514083148764017,-4.699243728494384,1.278944208923781,0.22141528472534588,0.4123430823302243,133.01759833992847,-1.7299930301510558,-0.3988084980675044,0.3000001907348633,10320.434672846215,0.9763502969866056,-1.24748561201945,0.14509376922280381,0.8366258054644999,1.3252298577952848,-2.237246204126808,1.566105610445101,0.7634033525827528,10097.3298828125,1,0.5281003483202706,1,Pre-COVID
2018-03-27,-0.5685297227099539,41.78325811068272,-2.250806284094242,1.0984939571346164,1.3262645068574441,0.2981856935879268,2.4247584639920605,-4.270682397826175,1.068678537719027,-1.6670236798445703,-0.6275304494923972,139.71576361335462,0.7577347841474902,-1.1537625281148767,-0.35000038146972656,10306.376577866866,0.8452948091877026,-0.24223538933064725,-0.2225357033631581,1.0708339846524564,1.8808642743517456,-2.789932150208485,-1.9537949563498413,0.7909720081821989,10104.6099609375,0,-0.6917631084606968,0,Pre-COVID
2018-03-28,0.21083058547390898,45.047223487565724,2.302634117510882,0.2547667237881468,0.5281003483202706,0.3052086486265315,0.7828670721084174,-3.5070958842585154,1.098777308689936,-0.043936138314237816,0.4477452411934646,135.0097620586573,0.7389309337941796,1.3262645068574441,0.35000038146972656,10297.32278621932,0.8787649950053937,0.6861305580958543,-0.49219364427952605,1.0738536565380687,1.592528598640297,-2.32763708926792,-0.08035510712680605,0.7997662382956023,10116.5701171875,0,0.0,0,Pre-COVID
2018-03-29,-0.42566008364223196,41.72940274100958,1.3504825438658052,-0.007261842499084459,-0.6917631084606968,-0.3988084980675044,-0.6990249509597812,-3.6134074934586202,1.1047007479890922,-0.4183982411431475,-0.05312577304436017,133.14428662271126,-1.1174231921029287,0.5281003483202706,0.21000003814697266,10283.721112818814,0.8898450050575017,1.1567294910931336,0.3099165147647298,1.1329860397344103,1.0451181237989493,-2.8547021310484144,0.6386373354163366,0.8055077418629737,10108.26015625,0,0.0,1,Pre-COVID
2018-03-30,0.0,41.72940274100958,0.0,0.0,0.0,-1.1537625281148767,0.0,-3.6134074934586202,1.1146490190973486,0.0,0.0,133.14428662271126,0.0,-0.6917631084606968,0.21000003814697266,10283.721112818814,0.8909113360447412,-0.1673159635257604,0.3909365913381313,1.1143185007209249,1.0451181237989493,-2.378828356927276,0.0,0.7992752163858208,10108.26015625,1,0.9699675438319622,1,Pre-COVID
2018-04-02,0.0,41.72940274100958,0.0,0.0,0.0,1.3262645068574441,0.0,-3.6134074934586202,0.957297038418705,0.0,0.0,133.14428662271126,0.0,0.0,0.21000003814697266,10283.721112818814,0.7533565354737622,-0.6917631084606968,-0.1829671881653061,0.8513909011768718,1.0451181237989493,-0.7989111704266527,0.0,0.7869621498280741,10108.26015625,1,0.32511600254110373,1,Pre-COVID
2018-04-03,2.1743042758946007,41.72940274100958,-2.601521836660514,-0.7014588930090548,0.9699675438319622,0.5281003483202706,0.2685086508229073,-1.4195572890103203,0.9280895883750788,2.8757631689036556,1.5629542921552053,127.86970035179085,3.144271819726563,0.0,0.21000003814697266,10277.58277252405,0.7445716266342676,0.9699675438319622,0.11610101445256316,0.7000836899686467,-0.3322002391941359,1.1645224230378615,0.5929867483232432,0.8022626650139155,10108.26015625,0,-1.138112341386044,1,Pre-COVID
2018-04-04,0.18354135635556545,44.328456847374184,-1.0423504697731345,0.42338791688052435,0.32511600254110373,-0.6917631084606968,0.7485039194216281,-0.04146644876454886,0.926127609581299,-0.2398465605249589,-0.7212457356900126,124.48040697155193,0.5086573588966692,0.9699675438319622,-0.16000080108642756,10275.169233818566,0.7453426894233377,1.2982370660775011,0.05299110283836228,0.6951213698186831,-0.27545790746561494,1.1916853455285592,-1.0463617382311163,0.8047948054023498,10108.26015625,1,1.9425574859986305,1,Pre-COVID
2018-04-05,0.039399250724214685,37.9298160865571,7.570774219702581,-0.4167257405725988,-1.138112341386044,0.0,-1.5548380819586427,-0.2540801263639647,1.016675651532236,0.4561249912968135,-0.9876824370786075,130.1819008857617,-1.0987130906618292,0.32511600254110373,1.1500005722045898,10264.297467656079,0.8395123088387411,0.14534932842198423,-0.3607623772696966,0.8686788313191556,0.9614681958057592,-0.26439141700105306,0.1504299043074364,0.8257425143130369,10108.26015625,1,0.06246125727966678,1,Pre-COVID
2018-04-06,-0.937243399704224,50.82792358047371,-9.424724280734631,0.6696071613752075,1.9425574859986305,0.0,2.612164647373838,0.8054555886776393,1.1368068333321564,-1.6068505610794315,1.5347250291815273,145.94108102807675,1.0053140862944066,-1.138112341386044,-1.5399999618530273,10268.805091579703,1.028397723784018,1.1099961623363352,0.13867031658256757,1.1855722881352762,0.9614681958057592,2.0801343644182957,-0.40783245681710323,0.9046371762702594,10108.26015625,1,0.4621743176794313,1,Pre-COVID
2018-04-09,1.2863686368488336,51.18599073856986,-0.33783912223301904,0.3953330990721593,0.06246125727966678,0.9699675438319622,0.4577943563518261,1.0242645976134668,1.0364733329794549,0.8910355377766743,-0.6244816423526034,140.25773637016653,1.3488298941285004,1.9425574859986305,-0.05000019073486328,10273.456537342317,0.9147179815731719,0.8452865727184067,-0.2053990920322435,1.181359620593124,0.9614681958057592,3.336148661023053,-0.6869428996322702,0.8825292000905307,10248.3900390625,1,0.2206341580816895,1,Pre-COVID
2018-04-10,-0.8526033732957572,53.8647271806211,0.8135585461632733,0.42493084721972885,0.4621743176794313,0.32511600254110373,0.8871051648991601,-0.40350413259074847,0.9747017472787981,-1.277534220515486,-0.5724622128138956,135.3958376666442,-0.3904290556163259,0.06246125727966678,0.11999988555908203,10281.300468603997,0.8488484132386734,2.4776786962557473,0.06629397283570704,1.2687594571632164,-0.2804832566016713,2.4549185803524276,-1.034636530493327,0.8708801595062736,10281.9,1,0.14324199692374862,1,Pre-COVID
2018-04-11,-0.4329305871967448,55.13628165395416,-2.488230587805218,0.30937558594061887,0.2206341580816895,-1.138112341386044,0.5300097440223084,-0.2359256179630953,0.9674068167440228,-0.7423061731373637,0.3618935829623471,131.2127259777582,-0.2122964291150553,0.4621743176794313,-0.36999988555908203,10290.25969315185,0.8430455879815196,0.7467165751406935,-0.053155205795396565,1.2678378497014715,0.049065815434623516,2.1415591974738524,0.14125942488065757,0.8714488809601286,10313.35,1,0.3983815001590951,1,Pre-COVID
2018-04-12,0.3407274191389753,55.986301734878055,1.5172432208883313,-0.6528203701193558,0.14324199692374862,1.9425574859986305,-0.5095783731956072,0.06003323214607281,0.9033844420595483,0.9935477892583311,1.4515094165131082,127.607229701557,0.4839694160627239,0.2206341580816895,0.2200002670288086,10299.659004075786,0.782391802493096,0.8280497162546974,0.08524410239123537,0.9020760698690076,0.1569114520178161,3.0003874887762905,1.3082674195893595,0.8660673861274941,10371.1,1,0.2098666456015641,1,Pre-COVID
2018-04-13,-1.2743430800954414,58.35305093021629,-1.0869554654186486,-0.012502886243548339,0.3983815001590951,0.06246125727966678,0.3858786139155468,0.9507583991168023,0.894251736585163,-1.261840193851893,3.2063436955763303,124.53779959551608,-0.8759615799363463,0.14324199692374862,-0.15999984741210938,10311.436143820172,0.775599655183784,0.764024570271471,0.4077021451161178,0.19535003140552504,1.9300081223611931,3.410721977623754,2.807962195417235,0.8673169124122753,10397.8,1,0.4556037037927396,1,Pre-COVID
2018-04-16,0.31459557064175137,59.59071061065231,-2.884615825478132,-0.18803674994707364,0.2098666456015641,0.4621743176794313,0.02182989565449045,2.7998529478533873,0.8849146858487197,0.502632320588825,0.7005513178090839,121.90689246194701,0.5244622162433155,0.3983815001590951,-0.4200000762939453,10323.966770898307,0.7682225973923564,0.7531986769689247,0.13146339248346628,0.17591735242379555,1.7222696211967703,3.627746591030556,0.49068467220751977,0.868131820602643,10427.6,1,0.1932932196645476,1,Pre-COVID
2018-04-17,1.109014902595029,62.22102247254318,0.8486554642535671,0.02156527906855832,0.4556037037927396,0.2206341580816895,0.47716898286129794,4.300464218490729,0.8677305902730992,1.0874496235264708,-0.4324935058220958,119.69043961285394,1.5646186063877687,0.2098666456015641,0.11999988555908203,10339.1062404151,0.7394994158617706,1.0674629296901994,-0.12271183453316237,0.18389162347315122,2.1990509624497,3.099843423704751,-0.8880972096148354,0.85222236494193,10457.4,0,-0.2132964212026689,1,Pre-COVID
2018-04-18,-0.638193463750103,63.316944751017964,-1.5427788464072112,-0.13958345878908318,0.1932932196645476,0.14324199692374862,0.05370976087546442,4.191386136493724,0.8963448921198767,-0.4986100049610198,-0.30901686645254944,117.79664792489001,-0.4449002440855554,0.4556037037927396,-0.2200002670288086,10354.631718555647,0.7403386749325332,0.8610078865263437,0.3584535999713534,0.1891942303000845,1.7727436497928295,2.9643747712298607,-0.502310086117097,0.825952913160447,10486.6900390625,1,0.37145036812440413,1,Pre-COVID
2018-04-19,-0.2143323630288685,61.20300509435517,0.4985733263134673,-0.7030338755565801,-0.2132964212026689,0.3983815001590951,-0.916330296759249,3.652792351862333,0.7230458931423692,0.48870151252771166,-0.2909810994721429,116.12536179532123,-0.4276287842315374,0.1932932196645476,0.06999969482421875,10367.34049461171,0.5823247611190084,0.43509520101034926,0.37552695334359676,0.3573519746235194,1.458647240477151,3.9275679213443215,-0.077684678269474,0.8053773163912334,10508.5,0,-0.011831183431687542,1,Pre-COVID
2018-04-20,0.08076806190973063,63.48452456228601,-2.5513796274749367,-0.27644739237600024,0.37145036812440413,0.2098666456015641,0.09500297574840388,4.454383990583066,0.2610467564957377,0.35721545428573087,1.1387549170412958,114.72904662886172,0.45221843003413476,-0.2132964212026689,-0.3599996566772461,10382.004147209916,0.20739371739992188,0.35095904565705105,0.5100861346114316,0.356863955104033,0.886613498611788,2.3258684375246474,0.7673045489168917,0.7944696197640879,10529.8298828125,1,0.19547797489403163,1,Pre-COVID
2018-04-23,-0.1008582507255662,63.35625079841526,-5.890912142666904,-0.713703758278561,-0.011831183431687542,0.4556037037927396,-0.7255349417102486,5.6611040258534695,0.27135205109691096,0.6128455075529948,4.798295881559267,113.5172401512634,-0.11268943415725374,0.37145036812440413,-0.8100004196166992,10395.489010726775,0.21525880092251903,0.14551185540205847,0.15875982410207268,0.4233092664070539,1.2508813581729505,2.2498955060315406,4.810127064990954,0.7932823799386209,10546.519921875,1,0.28011576629851653,1,Pre-COVID
2018-04-24,1.2796188393029873,64.62780511753384,1.6228751542258557,-0.12813062047993817,0.19547797489403163,0.1932932196645476,0.06734735441409345,4.481941308602289,0.27599099041766995,1.4077494597829254,0.7447734158146257,112.49454172484496,1.4750968141970189,-0.011831183431687542,0.21000003814697088,10409.504654029422,0.19816992787795776,0.5557561030052449,0.12417781672526829,0.37416906735704664,0.12688614633984407,1.9784533103309299,0.5492954409205941,0.7180304239296323,10557.7900390625,0,-0.41264708907660097,1,Pre-COVID
2018-04-25,0.10257005706413302,66.42904375662607,-9.50570369780519,0.046198520792950504,0.28011576629851653,-0.2132964212026689,0.32631428709146704,4.224203318384023,0.2778979166495431,0.05637153627118252,-1.991946501410946,111.6477356406989,0.38268582336264956,0.19547797489403163,-1.25,10424.678354425392,0.19986749112725713,0.4642537892368903,0.525853564085299,0.3958750405453454,-0.3890675212699479,2.0389781958230158,-2.2720622677094626,0.7192119088518397,10570.919921875,1,0.44699661676110836,1,Pre-COVID
2018-04-26,-0.5112020941094975,61.450785462035846,4.201680806959174,-0.4966213640088091,-0.41264708907660097,0.37145036812440413,-0.90926845308541,4.517136167302449,0.3863866649385056,-0.014580730100688388,1.1474545546977133,110.85543729485543,-0.9238491831860984,0.28011576629851653,0.5,10435.483647037401,0.2795266844055716,0.06152943350490325,-0.1967052754894283,0.5406051616086837,-0.5005262550310752,1.4725659927167234,1.5601016437743143,0.7234377108004498,10579.78984375,1,0.7016519558704637,1,Pre-COVID
2018-04-27,-0.4981223819744751,64.53819724543105,-2.9032231270335607,0.34488363345879236,0.44699661676110836,-0.011831183431687542,0.7918802502199007,4.517136167302449,0.3958044531804513,-0.8430060154332675,0.9663556781058125,110.23177872845774,-0.05112576521336676,-0.41264708907660097,-0.3599996566772443,10448.988547604076,0.2847650759232701,0.3127118271111673,0.7432140662598563,0.573328699938336,-0.5354772874118341,1.5217012532052765,0.5193590613447041,0.7194589995021161,10590.28984375,1,0.4400344691688707,1,Pre-COVID
2018-04-30,0.31897148720678725,68.7834458575166,-0.16610883847775204,0.8324782476244241,0.7016519558704637,0.19547797489403163,1.5341302034948878,4.517136167302449,0.5109243220208358,-0.5135067604176369,-1.6522119932132595,112.59574143445494,1.020623443077251,0.44699661676110836,-0.01999950408935547,10467.01160368433,0.3341477808080785,0.7343850370601368,-0.011505490593433088,0.7109039395153451,-0.5205612407347848,2.01992446236694,-2.353863949083723,0.6540064082980949,10615.93984375,0,0.0,1,Pre-COVID
2018-05-01,0.37554958741730093,71.13372426241222,2.82861219605004,0.0994488857049225,0.4400344691688707,0.28011576629851653,0.5394833548737932,5.1660805614828,0.5382676857771868,0.27610070171237844,1.3871039583949418,111.90210872236088,0.8155840565861716,0.7016519558704637,0.3399991989135742,10487.184789291046,0.3328618212232341,1.596887653021084,-0.4334841687786306,0.7512975918372595,-0.9424193565958139,2.0041127795767277,0.9470694892260711,0.618394583150202,10646.8697265625,0,-0.19833421447520427,1,Pre-COVID
2018-05-02,0.0,71.13372426241222,0.0,0.0,0.0,-0.41264708907660097,0.0,5.1660805614828,0.5470651787629293,0.0,0.0,111.90210872236088,0.0,0.4400344691688707,0.3399991989135742,10487.184789291046,0.3387974304999229,1.144773935498744,-0.24020966918368858,0.7834097836251911,-0.9424193565958139,1.8073261210629354,0.0,0.6192999364560804,10646.8697265625,0,-0.3582686660562606,1,Pre-COVID
2018-05-03,-0.901474723873219,71.13372426241222,3.883499265724777,0.3420839175625745,-0.19833421447520427,0.44699661676110836,0.14374970308737023,5.82174273647682,0.5406575502616126,-1.2435586414357935,-1.6584159107158825,111.19030811801629,-1.0998089383484233,0.0,0.3399991989135742,10505.5451881591,0.33689624738518725,0.24082751578580197,0.5097055776904336,0.7725080396677616,-1.159488633618544,1.8225913037492214,-1.4600816962406782,0.6231231713459002,10646.8697265625,0,-0.5749288448515077,0,Pre-COVID
2018-05-04,0.4168555516826933,66.06361296908413,1.1682213142344855,0.5027821716294012,-0.3582686660562606,0.7016519558704637,0.14451350557314058,3.4333640343086724,0.5928351134536489,-0.08592661994670792,-2.0382688566920493,110.60446755644736,0.05858688562643266,-0.19833421447520427,0.14999961853027344,10518.44186982324,0.3686623681615233,-0.555892311186934,0.43615994648467105,1.4878326565951203,-1.0302091195902974,1.08232220619775,-1.6800001906357886,0.6218632461807845,10646.8697265625,1,0.915875968262192,0,Pre-COVID
2018-05-07,-1.0851718947778144,58.841609259641935,2.0015414431331813,0.7317283410427367,-0.5749288448515077,0.4400344691688707,0.1567994961912289,2.7745015434482267,0.7281370787262725,-1.816900235820551,-0.1532615923738878,111.12275729892097,-1.6601007396293221,-0.3582686660562606,0.26000022888183594,10525.835064651148,0.42738114171138963,-1.1276251707951213,-0.62611532122957,1.1327944117859292,-0.5429869883147975,0.5130626636051128,0.42166725247761994,0.586951487742105,10646.8697265625,1,0.021462411343375898,0,Pre-COVID
2018-05-08,-1.4041101372556986,65.31008283067194,3.8490583311836746,-0.11007515286525216,0.915875968262192,0.0,0.8058008153969398,3.2386459968684056,0.8994423456106061,-1.2940349843904464,-0.2110962698728014,116.4167229923981,-0.4882341689935066,-0.5749288448515077,0.5100002288818359,10539.884319121433,0.507463855278182,-0.023789819360464648,0.22576871925523712,1.5291500862655103,0.587408928555222,1.235744067134048,-1.1269722381349934,0.5641983142829848,10646.8697265625,1,0.22299717349214543,1,Pre-COVID
2018-05-09,-0.2625089750219356,65.44837510740393,2.180233908028373,0.9009017056893276,0.021462411343375898,-0.19833421447520427,0.9223641170327035,3.0334764564156735,0.900128485499679,-1.1634106807112632,-0.3370602290025171,115.1848929996614,-0.2410465636785597,0.915875968262192,0.3000001907348633,10553.063243978178,0.5052121012190713,0.3572159449712897,0.4614487221973329,1.5265843261320284,0.587408928555222,0.9746258519799378,-0.358522640345893,0.5612666516698506,10689.85,0,-0.23413789407356056,1,Pre-COVID
2018-05-10,-0.7845073625647792,66.92409888915253,1.4935990887594786,0.022103562903019736,0.22299717349214543,-0.3582686660562606,0.24510073639516516,3.1155334474155305,0.8802535259625186,-0.8066109254677989,0.5512102173587108,114.14917419345652,-0.5615101890726337,0.021462411343375898,0.21000003814697266,10567.036351484425,0.4727436041522733,1.1626227986014648,0.06511018318491324,1.5295577674743843,0.5071346315012493,1.619124773898739,0.32821304386656536,0.5370539169920661,10694.580078125,1,0.839357787271755,1,Pre-COVID
2018-05-11,-1.5943041183671514,63.83440242307781,1.1212322514331685,0.14448013936481097,-0.23413789407356056,-0.5749288448515077,-0.08965775470874959,2.4658957363531187,0.8788399009485699,-1.7387842577319623,-0.19400735263694902,113.21801737391216,-1.828442012440712,0.22299717349214543,0.1599998474121076,10578.111422092059,0.47613537043249493,0.00979706674910652,0.6811900731138243,1.4594489404727182,1.6933230146580547,0.9300420220430539,0.040130541436611544,0.5417771426066311,10701.9599609375,1,0.0009217542682682378,1,Pre-COVID
2018-05-14,-2.000862509141821,69.29440513766329,-3.1185083397264,0.24040084190268818,0.839357787271755,0.915875968262192,1.0797586291744432,3.109558639502641,0.8991931244661558,-2.241263351044509,0.38205600108511817,117.31997443239047,-1.1615047218700658,-0.23413789407356056,-0.45000076293945135,10595.029094529684,0.4971994369646146,0.8275970528364152,-0.3401410050152931,1.219556615728142,1.5135410444760522,1.0680601685189917,-0.45730178618663686,0.5529395447389334,10739.6099609375,0,-0.04395462191344457,1,Pre-COVID
2018-05-15,0.19266325345050905,69.29993251776861,1.9313338097612043,0.23380513641346745,0.0009217542682682378,0.021462411343375898,0.2347268906817357,2.6428643645366012,0.9028678540533127,-0.0411418829629584,-0.2407462176369557,116.08611065390508,0.1935850077187773,0.839357787271755,0.2700004577636719,10610.700984518226,0.48376768535670334,0.6041819533449733,-0.011570323907938995,0.9941143332384228,0.9350805152984476,0.6262017947650467,-0.24166797190522393,0.5358122820461508,10757.8298828125,0,-0.5624036826737067,0,Pre-COVID
2018-05-16,-0.67572223497252,68.66516258655665,-7.578946833024958,0.03960940000871105,-0.04395462191344457,0.22299717349214543,-0.0043452219047335205,2.3998161799592355,0.9026949529414012,-0.7153316349812311,0.43729843099551413,115.010428712551,-0.7196768568859646,0.0009217542682682378,-1.0799999237060565,10624.860141915024,0.4846076449764613,0.7959633113466147,0.438987219087128,1.0072854559073166,1.0148068075499284,0.5819719282203151,0.4812530529089587,0.5368454130679629,10774.63984375,0,-0.5437005165795927,0,Pre-COVID
2018-05-17,0.5379929632526093,60.972842735970104,2.0501101178834302,-0.5399952939046049,-0.5624036826737067,-0.23413789407356056,-1.1023989765783115,2.0415668529484954,1.0434481204424357,1.0779882571572141,0.15290255620243887,114.9364379571275,-0.024410719421097404,-0.04395462191344457,0.26999950408935725,10633.470472837986,0.5185814256373481,-0.6051949347614882,1.1554680464013423,1.1977936138508483,-0.6320656925271617,0.21505595801036836,0.7153062388761455,0.4969882214298474,10774.5197265625,0,-0.8078463600931896,0,Pre-COVID
2018-05-18,0.5901387159866545,54.63634334067455,-0.2232123058618085,0.12987309784621148,-0.5437005165795927,0.839357787271755,-0.41382741873338125,1.1111884451486365,1.3687006128521986,0.460265618140443,-0.15414924274815833,114.51996823471893,0.04643819940706173,-0.5624036826737067,-0.029999732971191406,10637.11711894721,0.5367154494544939,-1.146516189560809,-0.5842850295474711,1.2627641795690436,-2.0436411079732486,0.028557158483177858,0.3895512738314344,0.3921350252040707,10767.7498046875,0,-0.7521440524559053,0,Pre-COVID
2018-05-21,-1.4669411042052771,46.882611825705446,5.518268303790985,0.04769051758338749,-0.8078463600931896,0.0009217542682682378,-0.7601558425098021,0.3062328040440043,1.332670008356083,-1.5146316217886646,-0.3376560793424521,117.82154668883977,-2.2747874642984667,-0.5437005165795927,0.7399997711181623,10634.101064997418,0.5687365626241828,-1.9019818473651862,0.11754603867832891,0.720442231718924,-1.6524960405055689,-0.20577410943423136,0.47019028075073743,0.42676473464911363,10725.7298828125,1,0.19017372016476575,0,Pre-COVID
2018-05-22,-2.032239794533497,41.0838587378718,1.8374574974641789,0.26984285922542206,-0.7521440524559053,-0.04395462191344457,-0.48230119323048326,-0.642436712851957,1.1301949615518316,-2.302082653758919,0.18351246574377367,119.74983330220292,-2.7843838469894022,-0.8078463600931896,0.2600002288818377,10625.404704280016,0.5050800998717211,-2.089166121005348,-0.24214986352407708,0.5820324294043415,-1.9912711365138391,-1.855254581564092,0.935656518199679,0.44689643551869457,10667.75,0,-1.0093348388598211,0,Pre-COVID
2018-05-23,1.5096421896370282,42.989465242874395,-5.621092814153283,-0.08571580494056708,0.19017372016476575,-0.5624036826737067,0.10445791522419867,-0.7315513142125751,1.1544636962775279,1.5953579945775953,0.005192844275070385,117.83212245565902,1.699815909801794,-0.7521440524559053,-0.809999465942381,10618.83399991205,0.5154883558278425,-1.3666956605602798,0.6252343674852945,0.7764200867120897,-1.056266395126293,-1.689708827140013,-0.18498087588969536,0.44651759719646916,10614.7201171875,1,0.8005484296034426,0,Pre-COVID
2018-05-24,0.40334501729486494,36.27122239115076,4.117643016432493,0.64952353673281,-1.0093348388598211,-0.5437005165795927,-0.35981130212701107,-1.3263283169086315,1.1471190798628237,-0.2461785194379451,-0.14980251921705712,123.25481732615455,-0.6059898215649562,0.19017372016476575,0.559999465942381,10604.872193205603,0.5569768869613916,-1.5670489518016972,0.04385786349072607,0.8368920314047593,0.7734243728253265,-2.898522396606895,0.859532319642764,0.4855440874658669,10552.5701171875,1,0.8683858400313049,1,Pre-COVID
2018-05-25,0.9008754320569246,43.7093131854162,-7.132770054841675,0.4914592528181494,0.8005484296034426,-0.8078463600931896,1.292007682421592,-0.9790182262299663,1.307151773414688,0.40941617923877516,2.312407171310471,124.96340808891705,1.7014238616603672,-1.0093348388598211,-1.0100002288818377,10598.129779588522,0.6562435838227372,-0.02710532661918119,0.32149820213647207,1.3479639072329086,1.2590258397600085,-1.8914687936581687,1.5118587417070284,0.502040847160165,10518.8,1,0.7873532851907061,1,Pre-COVID
2018-05-28,0.23128517251895797,50.51087106974653,-3.8022814791220716,0.1184804415581997,0.8683858400313049,-0.7521440524559053,0.9868662815895046,-0.815067063722752,1.2607189075644063,0.11280473096075827,-0.09691402794932413,127.54515810414468,1.099671012550263,0.8005484296034426,-0.5,10598.649824850483,0.6613414140789707,0.649635977523122,-0.5679536764067628,1.4736913955097843,0.3790049828311881,-1.8632268484245595,-0.9652998679806291,0.5245748358216901,10520.55,0,-0.5178444790938985,1,Pre-COVID
2018-05-29,1.6345358384647124,55.77402348500827,3.2411131498046863,0.5093852726727022,0.7873532851907061,0.19017372016476575,1.2967385578634083,-0.47208835352321454,1.3581659288256949,1.1251505657920102,-1.9229958660708535,128.79823728400856,2.4218891236554185,0.8683858400313049,0.41000080108642756,10605.316533426372,0.7292979926530307,2.4764345484434624,-0.7887458885604826,1.3076033034278007,0.03259734302987205,-1.0914554347666972,-2.7103491512615596,0.5369726754578389,10554.9400390625,0,-0.17821556488181178,1,Pre-COVID
2018-05-30,-0.5147271005730758,51.83844537494792,0.07656412623464615,-0.8327458262397891,-0.5178444790938985,-1.0093348388598211,-1.3505903053336876,-0.47208835352321454,1.3550701364139794,0.3180187256667133,0.46933631995322855,126.09408364093231,-1.0325715796669743,0.7873532851907061,0.009999275207521308,10607.389368334603,0.7400423673002036,1.1361223505231388,-0.47089935704928143,1.4297560078487122,0.48786618205791665,-1.560379108974208,0.9871807990471271,0.5461284602752182,10574.2599609375,1,1.1475105468772284,1,Pre-COVID
2018-05-31,-0.8841602159925466,50.523976707229096,2.6013784279010466,0.45625573984590106,-0.17821556488181178,0.8005484296034426,0.2780401749640893,-0.9675285821787005,1.3312473174609183,-1.3404159558384476,-0.02470022176190856,123.43400530130793,-1.0623757808743584,-0.5178444790938985,0.34000015258788885,10607.904941745004,0.7263700152410686,0.08674293537724864,1.0788805856958295,1.052736797618665,-0.5003036517145731,-1.1800467792829172,0.15351534311990322,0.5456311577726564,10611.0599609375,0,-0.37210912532843476,1,Pre-COVID
2018-06-01,-2.35948509482492,57.91126734147658,-1.4168499816945679,1.2393196420063868,1.1475105468772284,0.8683858400313049,2.386830188883615,0.5290435354475376,1.3938512581570628,-3.598804736831307,0.7988066053042253,130.37367568821662,-1.2119745479476918,-0.17821556488181178,-0.18999958038330078,10617.404604625002,0.8080786543563164,0.4443966100871055,-1.0274430888914665,1.0851758942559002,-0.4514882964058442,0.5003434930800799,-0.3487039415730031,0.579745255806825,10655.5201171875,0,-0.6329368754912523,0,Pre-COVID
2018-06-04,0.28634768635151797,55.01001388328862,2.6474994003466312,-0.6050298837614987,-0.37210912532843476,0.7873532851907061,-0.9771390090899335,0.7341152761754621,1.3117471242427183,0.8913775701130167,-0.7862592954229419,127.25211919020414,-0.08576143897691679,1.1475105468772284,0.34999942779541193,10623.2413150463,0.7672257240083306,0.5915415889738318,0.007411023869718925,1.1300486800070422,-0.5879385524959813,0.9418274226009382,-0.41415017009450716,0.5848884359629003,10673.730078125,0,-0.3325926459519235,0,Pre-COVID
2018-06-05,0.5428332563292115,50.40188050970695,2.2844541384546613,-0.9976496183252248,-0.6329368754912523,-0.5178444790938985,-1.6305864938164771,-0.8119079837618393,1.2621941709352262,1.5404828746544363,0.2695701621043822,126.39752933984357,-0.0901036191620408,-0.37210912532843476,0.31000041961669744,10623.630847265093,0.753377160906302,0.13331377941896427,-0.756275710387333,1.1266910568859372,-0.338511047202128,1.0630692385557472,0.9025070375956346,0.5968789732421801,10661.7,1,0.86376570355291,1,Pre-COVID
2018-06-06,-0.7404265207745397,48.134526313541485,-4.034585122474644,0.3076441756263981,-0.3325926459519235,-0.17821556488181178,-0.024948470325525385,-1.163013084159159,1.2794701388612515,-1.0480706964009379,-1.369605402682006,123.66872594869768,-1.0730191667264632,-0.6329368754912523,-0.5600004196166974,10621.373035662124,0.7651146887414776,-1.3319485550879584,0.20171012428873425,1.0877103858165704,-1.7234307248956582,0.535748329800767,-1.0370127567300824,0.597993392244773,10653.6701171875,1,0.7833594520176401,1,Pre-COVID
2018-06-07,0.5639746262798617,53.91369861241852,-5.780777190171838,-0.4195959211453548,0.86376570355291,1.1475105468772284,0.4441697824075552,-0.5311059110772343,1.1447863051117904,0.9835705474252165,0.8941778264407896,126.50266274928777,1.4277403298327718,-0.3325926459519235,-0.7699995040893572,10626.060247140855,0.7019824710552489,-0.1079804461079692,0.04473423857593861,1.19906162751634,-1.1047614176233678,2.438084923073225,0.030412122887879534,0.6131995707899567,10667.7302734375,0,-0.006493276828523076,1,Pre-COVID
2018-06-08,-0.5586717482372494,58.4720971016252,1.8326656473370173,-0.2137172861418568,0.7833594520176401,-0.37210912532843476,0.5696421658757833,0.48336270191029485,1.1227096401825236,-0.3449544620953926,1.1453358579436745,127.9744366222993,0.2246877037803907,0.86376570355291,0.22999954223632812,10636.60019989894,0.7004860482732547,1.3157981782471628,-0.38738312549325693,1.0126721359461153,-0.867465356617958,2.4206167051606498,0.3619764059260344,0.6239244975638606,10674.1701171875,1,0.17923877528847054,1,Pre-COVID
2018-06-11,4.2696221345765455,58.42011196830727,-0.6259775068669371,-0.2440930843558231,-0.006493276828523076,-0.6329368754912523,-0.2505863611843462,-0.3595022382362423,1.0910922587262173,4.513715218932369,0.6288466589019714,125.26804559349252,4.263128857748022,0.7833594520176401,-0.07999992370605469,10646.307621434204,0.6673657234793519,1.647290877267582,0.8677267281271606,0.9959555599086587,0.2676725124056256,1.5322743574070374,0.6353399357304945,0.6116492148421535,10688.46015625,1,0.5182133323169635,1,Pre-COVID
2018-06-12,0.3228584513555788,59.490669687596196,3.7795315206262003,-0.17091709255709908,0.17923877528847054,-0.3325926459519235,0.00832168273137146,-0.18182790861848153,1.0370865073946147,0.49377554391267786,0.03848861103772361,122.94823977477674,0.5020972266440493,-0.006493276828523076,0.48000049591064275,10656.725589869633,0.6299146260382206,0.9574464390267767,0.14834367110010405,0.7670196238739372,0.15438939969394383,0.9196652626389357,-0.14075016425074693,0.6073887004055173,10720.1501953125,1,0.12773935299743577,1,Pre-COVID
2018-06-13,2.064138015817285,62.502099523530575,-3.4142697459782045,0.062232960711394725,0.5182133323169635,0.86376570355291,0.5804462930283583,0.3795646253435647,0.9814456035073869,2.0019050551058903,0.6152405601649535,121.23696275272302,2.5823513481342486,0.17923877528847054,-0.45000076293945135,10670.512554277439,0.6028361383835245,0.6918423221989434,-0.0296315684016224,0.5527179410209648,0.3974011074631578,1.9706940322995914,0.09702722784799,0.6142328582766357,10770.0900390625,0,-0.44811397339686865,1,Pre-COVID
2018-06-14,0.7572213679531536,63.231455749851094,-0.7069850915152776,0.0064339816562508645,0.12773935299743577,0.7833594520176401,0.13417333465368664,1.0762453579389764,0.9615305063111682,0.7507873862969028,1.257595040079651,119.54763464610987,0.8849607209505894,0.5182133323169635,-0.08999919891357422,10684.304231391146,0.5892903503900162,0.8270124071360296,0.6223230280546721,0.4839402901309363,0.532127809110805,2.2832353828203145,1.1298556870822152,0.6128670348220427,10804.5,1,0.0892889170515776,1,Pre-COVID
2018-06-15,2.2751439202798207,58.89798333573058,-4.272151480899977,0.14578176865021053,-0.44811397339686865,-0.006493276828523076,-0.3023322047466581,1.1733888163406814,0.8535614385461953,2.12936215162961,-1.4874430883927814,118.01868309954494,1.827029946882952,0.12773935299743577,-0.5399999618530256,10693.47057015384,0.5250421142369658,0.1956031036851158,-0.1914370134028398,0.5278731255240526,0.671723842570926,0.6696945501553753,-1.0393291149959127,0.615119299491637,10812.4400390625,0,-0.165012762557748,1,Pre-COVID
2018-06-18,2.147209503453773,59.491041350500076,-0.24793955123713074,-0.6346092083459376,0.0892889170515776,0.17923877528847054,-0.54532029129436,2.0884432121241137,0.8308226387988464,2.7818187117997106,2.141707299672757,116.70645894668871,2.2364984205053506,-0.44811397339686865,-0.030000686645507812,10702.672764610039,0.5018283050788225,-0.23194469137296503,0.5163742703223617,0.5502555595361998,0.10822953910207822,1.1359174078776624,2.0524183826211795,0.6040137588465975,10822.45,0,-0.8277838793689818,0,Pre-COVID
2018-06-19,0.19774916065248282,57.82888775055785,2.5683548256395516,0.13435227639052583,-0.165012762557748,0.5182133323169635,-0.030660486167222167,2.6923788717368335,0.7590490044876146,0.063396884261957,-0.6890189051269369,115.54539723296344,0.03273639809473483,0.0892889170515776,0.31000041961669744,10709.871049407444,0.4427672456481802,-0.5236451676361664,-0.11741406852345815,0.5976794745900629,-0.4280015662812331,1.6121711377428571,-0.5240061425691889,0.5833183930873596,10825.0298828125,1,0.5751355755517995,0,Pre-COVID
2018-06-20,0.12655513102320937,50.255805081352754,4.361873641851832,0.28422350232236715,-0.8277838793689818,0.12773935299743577,-0.5435603770466146,1.6489982326468366,0.8681923089222954,-0.15766837129915778,-1.246060363987167,119.19956627377677,-0.7012287483457724,-0.165012762557748,0.5399999618530256,10709.913949104115,0.524284040904111,-0.9030270135567897,-0.05878165133500479,0.6249991131734643,0.047210124743202186,1.107317468005653,-0.41827648461818523,0.603880079827125,10798.55,0,-0.28731945983977436,0,Pre-COVID
2018-06-21,-0.1709901752291909,54.66157909876959,-5.80495352609266,0.5363830338854347,0.5751355755517995,-0.44811397339686865,1.1115186094372342,3.276018619791743,0.7923477992690786,-0.7073732091146256,-0.27834898962666443,118.70093855706482,0.4041454003226086,-0.8277838793689818,-0.75,10714.516605073255,0.4847154075593827,-0.42199718794925234,0.05881622448300483,0.8970329549353838,-0.6543886789665998,0.817990396196655,-0.8534845651784639,0.6117457610499909,10781.619921875,1,0.7517852262492797,1,Pre-COVID
2018-06-22,-0.7087662389925753,52.16179523629931,2.300737314838708,0.05856957677403685,-0.28731945983977436,0.0892889170515776,-0.2287498830657375,2.161434759323222,0.6980597710834884,-0.7673358157666121,-0.2838351896239155,117.19561289528943,-0.9960856988323497,0.5751355755517995,0.2799997329711932,10716.485716503013,0.42760193670853136,-0.5439890565605787,0.4408455678321044,0.8850083041389113,-1.8069662184106106,-0.2530564198647167,0.0034842702158588423,0.6125577699099121,10768.2298828125,0,-0.5488841206131911,0,Pre-COVID
2018-06-25,1.0104075530184886,57.60882292103594,-3.453810105133215,0.26682857208011335,0.7517852262492797,-0.165012762557748,1.018613798329393,2.04333942252779,0.8105205089045314,0.7435789809383753,0.03920659022433881,119.55076424883407,1.7621927792677683,-0.28731945983977436,-0.42999935150146484,10724.290449308346,0.49333366168013787,1.0401002014953198,-0.7607851568033119,1.133337891605125,-1.8721084245841402,0.503352326494455,-0.7125786360249409,0.608662774327397,10769.059765625,1,0.06225529680423669,1,Pre-COVID
2018-06-26,-0.242712657958577,52.84241024426186,4.6588972097807435,-0.038223675180126815,-0.5488841206131911,-0.8277838793689818,-0.587107795793318,0.6904501690150777,0.8509229339061827,-0.20448898277845018,0.6394712126313484,118.70555102086443,-0.7915967785717681,0.7517852262492797,0.5599994659423846,10727.117097160506,0.5250676343705563,-0.08911590225680888,0.03670162713171887,1.227966041105303,-0.41162379347274847,-0.22712629201390167,1.1883553332445396,0.6170566256513126,10761.5798828125,0,-0.9076853461448153,0,Pre-COVID
2018-06-27,-0.48274249916419043,53.31165679294054,1.748809764412096,-0.09231987104699746,0.06225529680423669,0.5751355755517995,-0.030064574242760767,1.2775957457497045,0.7967522911431923,-0.39042262811719297,0.5647217752684952,117.23701140558246,-0.42048720235995374,-0.5488841206131911,0.22000026702880682,10730.230674454173,0.49173200445175375,0.2611537204767922,0.7149075706803787,1.0009792672188769,-1.4355462536788433,-0.6797034119727874,0.5024664784642585,0.61717049306069,10773.319921875,0,-0.7712275637441368,0,Pre-COVID
2018-06-28,1.077458483529592,46.103885442126156,5.546875215368341,0.23743138268308428,-0.9076853461448153,-0.28731945983977436,-0.670253963461731,0.5374873011494863,0.874152633103776,0.8400271008465077,0.5371706574748059,121.75301014525485,0.16977313738477662,0.06225529680423669,0.7100000381469727,10725.872875652012,0.551526454606947,-1.3902357192218329,0.03658403163395718,1.0698622970635674,-0.32113618604892036,-1.7067783152702853,1.4448560036196212,0.6309269498637508,10753.1900390625,1,1.1823497741172861,0,Pre-COVID
2018-06-29,-0.45995306855646234,41.06925578308254,3.2568436190153705,0.39730927020593665,-0.7712275637441368,0.7517852262492797,-0.37391829353820016,-1.3696788504230284,0.9055017094321716,-0.857262338762399,-1.0315056062616401,123.55211269880414,-1.2311806323005992,-0.9076853461448153,0.4399995803833008,10715.741522594457,0.5783991776981717,-1.6106981476485815,1.2798947229452295,1.2376053914660912,0.12120858855433347,-2.0258066836215005,-0.2602780425175033,0.6387610002087442,10722.7900390625,0,-0.5319993003655044,0,Pre-COVID
2018-07-02,-0.9227699220393681,50.012186658048016,-7.240145108898332,-1.0319198673311547,1.1823497741172861,-0.5488841206131911,0.15042990678613144,0.16921531987530436,1.1012337186263448,0.10914994529178657,0.8339474184527962,130.914723583755,0.259579852077918,-0.7712275637441368,-1.010000228881836,10715.634728675423,0.7245744200963863,-0.5093306709250678,-0.6402344793769998,1.3892345438515565,-0.36540121355846944,-0.9558444841150759,-0.34840235566448996,0.657966068174957,10701.280078125,1,0.39973151471972557,0,Pre-COVID
2018-07-03,0.10412012768657997,46.548800067884684,3.3230318324557695,0.02412101957589563,-0.5319993003655044,0.06225529680423669,-0.5078782807896087,0.2709677253375453,1.1349908446379342,0.07999910811068434,0.5918710796490201,128.16429364237933,-0.4278791726789244,1.1823497741172861,0.43000030517578125,10711.313623194836,0.7377646900172126,-0.13213435370570403,-0.5257548223025488,1.3981687990847382,-0.7114377427441032,-1.319923978976123,1.1238703800145244,0.650018185952031,10680.25,1,0.6542116977213297,1,Pre-COVID
2018-07-04,1.6957524064641794,49.37076672720051,-2.767388846118979,-0.4996216244298135,0.39973151471972557,-0.9076853461448153,-0.09989010971008794,1.007726654145058,1.0884013781212123,2.195374030893993,1.0677003907346494,125.34225501089524,2.095483921183905,-0.5319993003655044,-0.36999988555908203,10710.468198560033,0.7104406026678064,1.046366408262922,0.3796358314329007,1.4599811086747283,0.16939615472062464,-0.09850010499201645,0.6679688760149238,0.6527376911129255,10666.4,0,-0.18709913642785958,1,Pre-COVID
2018-07-05,0.14254343341291165,53.69664258917904,-2.6153857891376253,0.22294238219449092,0.6542116977213297,-0.7712275637441368,0.8771540799158206,0.7978735558329619,1.1404765766341751,-0.08039894878157927,-0.677792768429808,125.14322126985904,0.7967551311342413,0.39973151471972557,-0.3400001525878906,10714.870583157437,0.7180466619628705,0.5189381196256448,0.19681329281044935,1.3717779353463582,-0.22881618975096885,-0.019953621654855702,-1.3320044661511377,0.6296022878154621,10686.1,1,0.21303184376380013,1,Pre-COVID
2018-07-06,-1.1464641490761096,52.31104782294918,-0.631910937363922,0.44945272303643646,-0.18709913642785958,1.1823497741172861,0.2623535866085769,-0.1727247911676888,1.1559830326321865,-1.595916872112546,-1.1018599287198505,122.79045843387776,-1.3335632855039692,0.6542116977213297,-0.07999992370605291,10717.454243664293,0.7142753737697535,0.8674823548816546,0.21793044005300466,1.1842545608509605,-0.007333265132103417,0.08053542876977904,-0.9147607922919909,0.6178943405663507,10718.230078125,1,0.7449420253147654,1,Pre-COVID
2018-07-09,-1.1225351391785265,53.77102957496867,-1.1128803193308112,-0.24869261673666765,0.21303184376380013,-0.5319993003655044,-0.035660772972867516,0.04643538579551798,1.1181409551953574,-0.8738425224418589,0.32532976853012485,120.78193116352733,-0.9095032954147264,-0.18709913642785958,-0.14000034332275568,10721.542847142864,0.6711536770978082,0.6799128715603953,0.13046728546088904,0.8203871072793645,0.7224309901241455,-0.4546285572789577,0.11229792476632472,0.6002406707915753,10729.9001953125,1,0.8693492612951825,1,Pre-COVID
2018-07-10,0.5358032901629617,58.55895304720929,-0.4019231410537283,0.23435031841907428,0.7449420253147654,0.39973151471972557,0.9792923437338397,0.6113887068947443,1.1485716219497235,0.3014529717438874,0.6628121016980293,122.6129406021403,1.280745315477727,0.21303184376380013,-0.049999237060546875,10731.27303554895,0.687421594069229,0.7706663663505253,-0.45606260720724157,0.6242026957335597,0.7810049456362211,0.8404238223735927,-0.0821299236167361,0.5985012870050366,10769.0203125,1,0.009589665783638068,1,Pre-COVID
2018-07-11,-1.2077823839261925,63.36324829301186,0.08070439814722441,-0.3413781984810127,0.8693492612951825,0.6542116977213297,0.5279710628141698,0.9628501213807539,1.204363864296854,-0.8664041854451798,0.8072975031877538,126.142663105188,-0.33843312263101,0.7449420253147654,0.009999275207517755,10747.27132921199,0.7303810727863611,1.8372520291169536,-0.1384620591432073,0.7085018009353526,0.1323454939633928,1.6537944305248464,-0.06205175810742869,0.6064455222528156,10818.490234375,1,0.6841280560560881,1,Pre-COVID
2018-07-12,-0.5205739809433729,63.41407197564156,3.0645171462187593,-0.30092181537132445,0.009589665783638068,-0.18709913642785958,-0.2913321495876864,0.8437150121779036,1.0445237735130521,-0.21965216557204847,2.205622649013028,123.92137443074603,-0.5109843151597349,0.8693492612951825,0.38000011444091975,10762.162327395361,0.6313658039515239,1.630512526567851,0.3498464393701939,0.7451050667828721,-0.14678157324341523,2.594780477975145,2.19603298322939,0.6044532636376438,10854.1701171875,0,-0.03900686380828855,1,Pre-COVID
2018-07-13,-0.5172636684761089,66.9380844700693,-2.1126722201157966,0.10029355036396126,0.6841280560560881,0.21303184376380013,0.7844216064200493,1.9906495113640954,0.9044316937534246,-0.6175572188400702,-0.14308723524679712,124.73404338685468,0.16686438757997912,0.009589665783638068,-0.26999950408935547,10781.498465759592,0.5267549006614672,1.5691639889610531,-0.26124862291646567,0.5978996227809418,-1.0951719083996836,4.099504225582806,-0.8272152913028852,0.5824153490076979,10908.86015625,0,-0.744636745421623,1,Pre-COVID
2018-07-16,-0.8274875786982161,66.54183611372149,-1.6786573485597978,-0.29622149827303046,-0.03900686380828855,0.7449420253147654,-0.335228362081319,1.859916541222728,0.8050039459219133,-0.5312660804251856,0.1326154838534377,122.7947047894406,-0.8664944425065046,0.6841280560560881,-0.21000003814697266,10799.083793527401,0.46404753042583075,0.6545058405078796,-0.2619329190604702,0.6956869308334984,-1.694323623245575,2.8429350633275785,0.17162234766172624,0.5764537337936773,10958.11015625,1,0.6510119262449043,1,Pre-COVID
2018-07-17,-3.375830401839397,59.32494411031653,5.284549662201576,-0.20632085416871782,-0.744636745421623,0.8693492612951825,-0.9509575995903408,1.2685361829582797,0.8737301896068392,-3.169509547670679,0.5651873205507973,124.65341472376518,-4.12046714726102,-0.03900686380828855,0.6499996185302734,10809.288668775373,0.5082426076274706,-0.10458423240837789,-0.0777632761648217,0.9931179502787649,-1.2976858935408564,2.6230828616132573,1.3098240659724203,0.5816928539104234,10974.9,0,-0.2507220612614547,1,Pre-COVID
2018-07-18,0.9389363180788868,63.0681180806659,-0.9266400565753341,0.5795022964444341,0.6510119262449043,0.009589665783638068,1.2305142226893384,2.77859103910727,0.8931567924917995,0.3594340216344527,0.008210927160656745,124.86501867205457,1.5899482443237911,-0.744636745421623,-0.11999988555908025,10824.011715879975,0.5219230496212394,-0.13744094597358814,0.3406489853887029,0.9413588961272653,-1.3621187963724357,2.879927876080912,-0.6428009990842476,0.5843577005956831,10987.0599609375,0,-0.21265599790679657,0,Pre-COVID
2018-07-19,-0.20243464233971054,60.73489340274747,6.625100440563325,-0.22024312484735242,-0.2507220612614547,0.6841280560560881,-0.4709651861088071,1.934640058332393,0.9263704647867417,0.017808482507641887,0.09200961341131464,122.85694977619713,-0.4531567036011652,0.6510119262449043,0.850000381469723,10835.599751393494,0.5292996133233424,-0.34894766219335516,-0.5296833623691488,0.9820599397996427,-2.366599670216263,1.9549837700521433,0.3427316746727693,0.5713692667787661,10993.4900390625,1,0.484622644956767,0,Pre-COVID
2018-07-20,-1.3150881067141351,58.754429930140105,-0.6578958375741961,-0.12680103795223996,-0.21265599790679657,-0.03900686380828855,-0.3394570358590365,2.0109672925058053,0.9512415347827848,-1.1882870687618952,-0.9694743881025092,121.08548928520409,-1.5277441046209317,-0.2507220612614547,-0.09000015258788885,10844.599740873606,0.5314073639950176,0.185153867185317,0.3796281021898551,0.8134692180279595,-1.3168859731358729,1.9288784332193831,-0.7568183901957126,0.558646089840095,10980.269921875,1,0.6770976309698584,1,Pre-COVID
2018-07-23,1.1765346583964664,61.80461160536424,-0.3679189858238674,-0.17275652400234875,0.484622644956767,-0.744636745421623,0.31186612095441824,1.7404657497211096,0.9567828859411938,1.3492911823988152,1.459992939561805,119.62102430759346,1.6611573033532334,-0.21265599790679657,-0.05000019073486328,10856.866441202414,0.5394524297316983,0.019534710172597336,0.46577716459901275,0.9451791371225194,-0.8245403310132349,2.2051194095580318,0.975370294605038,0.563819062362677,10978.5298828125,1,0.447008770495505,1,Pre-COVID
2018-07-24,-0.20324483734404097,65.64575631605584,-3.91432595616239,-0.1749215150863348,0.6770976309698584,0.6510119262449043,0.5021761158835236,2.994669418566742,0.9273674754489986,-0.028323322257706174,-0.12379905878970865,121.00136169158074,0.47385279362581745,0.484622644956767,-0.5299997329711914,10873.746704817051,0.5324939547623645,0.949868200595505,-0.292735478577133,0.7707192547351993,-0.6425571406390884,2.1362916918990393,-0.8008966897595671,0.5741995150431742,11008.1099609375,0,-0.02065513528324292,1,Pre-COVID
2018-07-25,0.802229365681284,67.95262226267678,-4.150652977347702,-0.5719725035324696,0.447008770495505,-0.2507220612614547,-0.12496373303696462,3.390698437830131,0.8552804075274556,1.3742018692137536,-0.1314414053529056,119.71357987228647,1.249238136176789,0.6770976309698584,-0.5399999618530273,10893.046934437085,0.48966810173984987,1.617218074397031,0.6789979499414622,0.7101465373918984,-0.5006275593213871,1.7086465065427436,-0.5784501758484106,0.5725234640530484,11033.3599609375,1,0.3171020902578148,1,Pre-COVID
2018-07-26,-0.8612032521704616,67.72530802076733,-2.0850058004352023,0.23159978325699715,-0.02065513528324292,-0.21265599790679657,0.21094464797375423,4.31620586347452,0.8569165532044332,-1.0928030354274587,-0.6038692223155895,118.59443588931467,-0.8818583874537045,0.447008770495505,-0.26000022888183594,10910.74716151582,0.49086533755939676,1.1062451411133711,-0.5635829578722884,0.6776370101712927,0.6887934799807427,1.6778878783886508,-0.5832140870323466,0.5728274656827643,11063.669921875,1,0.9944194803553685,1,Pre-COVID
2018-07-27,-0.033907947770983604,69.41642889929925,-1.4742039689878528,1.0705487285904924,0.3171020902578148,0.484622644956767,1.3876508188483072,5.460333896572234,0.8151256419356322,-1.104456676361476,-0.7358314062738902,117.67157751032252,0.28319414248683117,-0.02065513528324292,-0.18000030517578125,10929.751061010018,0.46075203782190954,0.744715078711744,0.04359654172538807,0.5162177948227229,0.2386972972399315,1.3072393390467285,-1.052933496531705,0.5652527831737393,11105.7099609375,1,0.3653034064332594,1,Pre-COVID
2018-07-30,-0.5013529636042069,74.02709121279422,2.327520306406128,-0.16249448423579782,0.9944194803553685,0.6770976309698584,0.8319249961195707,5.264457920439458,0.9003540068575145,-0.33885847936840907,0.3442109371277091,124.30757420686265,0.49306651675116164,0.3171020902578148,0.2800006866455078,10955.57317570372,0.5292130582897849,1.293748212409862,-0.14526217234275274,0.786232076865296,-0.38097574033253423,2.354583575061109,-0.6502085432276594,0.5877833098636946,11159.33984375,1,0.3264281349528497,1,Pre-COVID
2018-07-31,0.48158015023782585,75.50266240321584,2.2745712707287646,0.38809714792356065,0.3653034064332594,0.447008770495505,0.7534005543568201,6.214050576945551,0.6861710298072374,0.0934830023142652,-0.670555543970841,122.82596405219758,0.8468835566710853,0.9944194803553685,0.2799997329711914,10982.534407480296,0.4022625750589557,1.6847808541816445,-0.18184463759763903,0.8185567281925716,-0.836807649415261,3.4991812906017383,-1.0358589504041005,0.5862424344894657,11206.2998046875,0,-0.09069523785937283,1,Pre-COVID
2018-08-01,0.37402973435378684,76.77693199007355,-0.8737141304081097,-0.6081840781162251,0.3264281349528497,-0.02065513528324292,-0.2817559431633754,6.136502073891248,0.6967647690394179,0.9822138124700119,1.1598032132286162,121.59116884523773,0.7004578693066366,0.3653034064332594,-0.1100006103515625,11010.235562481756,0.38768073681959947,1.6942340460232241,0.10201806748313391,0.8235362797906304,-0.8510592753980473,3.1654125980073333,0.8333750782757665,0.5564011758005388,11250.73984375,0,-0.8945726168478219,1,Pre-COVID
2018-08-02,1.4230241426144707,75.59649977693363,0.4006425686607251,-0.5127836029209853,-0.09069523785937283,0.3171020902578148,-0.6034788407803582,5.351022607313616,0.6577548300932591,1.935807745535456,0.6275778795516773,120.50727992628912,1.332328904755098,0.3264281349528497,0.05000019073486328,11035.121831580329,0.36444162034567945,0.6016003075582921,-0.2739961878018504,0.8696886246688451,-0.8597792492214928,3.3309198939414753,0.7182731174110502,0.5540690901931226,11293.5798828125,1,1.0324829240302646,1,Pre-COVID
2018-08-03,2.216376079987392,64.99196327268436,0.23943086420477044,0.022540431236295344,-0.8945726168478219,0.9944194803553685,-0.8720321856115265,4.60429493999861,0.8785395314788819,2.193835648751097,-0.8634578736312015,125.46944273299226,1.3218034631395703,-0.09069523785937283,0.030000686645507812,11050.64615481975,0.5112425912560736,-0.6612419280491499,-0.2769543773215699,1.3686598845774671,-0.8156479549183082,2.6247875458887515,0.031114743216620333,0.5819232633819265,11309.0599609375,1,0.23149606664707445,1,Pre-COVID
2018-08-06,-0.22503006136813664,70.1499930007492,-3.8216598716108274,0.20874918918796226,1.0324829240302646,0.3653034064332594,1.241232113218227,5.459653778185758,0.950348735030649,-0.4337792505560989,0.6631117641540341,131.79399815505138,0.807452862662128,-0.8945726168478219,-0.48000049591064275,11073.620499254397,0.5644974574530712,0.03786205862281733,0.4514948261773455,1.3120891126798535,-0.7516852839258403,3.1843163898533255,-0.3693711598762306,0.5939898024274544,11325.55,1,0.020642534254866618,1,Pre-COVID
2018-08-07,-1.2014236052624416,71.18568548638777,3.9735140640910105,0.5014764703843211,0.23149606664707445,0.3264281349528497,0.7329725370313955,4.922179320944053,0.9508969215932177,-1.7029000756467627,-0.29728656264736975,129.40426454687767,-0.9699275386153672,1.0324829240302646,0.48000049591064275,11096.841174078147,0.5501785422070253,0.3604679395609267,-0.16104837555627194,1.326722468303852,-0.9171705897434101,2.7276177575046745,-0.5287826292944442,0.5785890453721496,11339.0599609375,1,0.5316306199962151,1,Pre-COVID
2018-08-08,-0.41974342329773595,71.28159352729094,0.15923171513689827,-0.10165001500272997,0.020642534254866618,-0.09069523785937283,-0.08100748074786335,4.039372402315644,0.9526257954122572,-0.318093408295006,0.05614437951433349,127.33629620104384,-0.39910088904286933,0.23149606664707445,0.019999504089357245,11118.515916391802,0.5515277137999368,1.2872730929753162,0.4452234397550603,1.359235321423466,-0.45087235077770904,2.291571047131158,0.03550184525946687,0.5789552585713845,11345.65,1,0.1807877319869089,1,Pre-COVID
2018-08-09,-1.2124487355459457,73.70916693515977,-0.31796472254067565,0.13758200488296346,0.5316306199962151,-0.8945726168478219,0.6692126248791785,4.582448455582999,1.0146293410934784,-1.3500307404289091,-0.0379765952442046,126.06476399923775,-0.6808181155497306,0.020642534254866618,-0.03999996185302912,11143.070292955372,0.5514919179413428,0.7851577076087191,-0.31099679523285406,1.3935245382492938,-0.6655115608154571,2.8566295364714334,-0.5696072152404197,0.5435402816614098,11366.4099609375,0,-0.3591776841080363,1,Pre-COVID
2018-08-10,-0.796434724251005,74.50267799103396,1.116430173434102,0.7369862887804945,0.1807877319869089,1.0324829240302646,0.9177740207674034,4.059619639225054,1.0841231005183676,-1.5334210130314996,-0.033204541782339,124.55039572642258,-0.6156469922640961,0.5316306199962151,0.14000034332275213,11167.339174611456,0.5522511283112883,0.7341692687808932,-0.2055496515132038,0.7984138943585718,-0.44237133013779184,2.7168643802116588,-0.2139922737692479,0.5093989122995536,11411.6099609375,0,-0.6452600726191027,0,Pre-COVID
2018-08-13,-0.8483984968870262,69.97572919413778,1.3406945757292954,-0.3320242059210554,-0.3591776841080363,0.23149606664707445,-0.6912018900290917,3.7263210921149925,1.057802510694134,-0.5163742909659708,0.5200874959792934,123.18300962956626,-1.2075761809950625,0.1807877319869089,0.17000007629394887,11186.758495010607,0.5198427061699196,0.35163949093857116,0.9422198901670287,0.6352837259075808,0.12148205646957955,1.3401818161351997,0.8792651800873297,0.4914364456584779,11425.35,1,0.6987615029830696,1,Pre-COVID
2018-08-14,1.1743505371500595,62.638645247940495,4.280149577689252,-0.5275695266245939,-0.6452600726191027,0.020642534254866618,-1.1728295992436966,3.83017418714362,1.1373252802454235,1.7019200637746534,1.368935834721019,124.16244167895736,0.5290904645309569,-0.3591776841080363,0.5499992370605433,11199.27638426908,0.5661393044137296,-0.8231441048034971,-0.021706787235398206,0.9125946254479129,0.7758048678832008,0.31980242975306883,2.0141959073401217,0.497781342007829,11419.080078125,0,0.0,0,Pre-COVID
2018-08-15,2.5075476187229384,66.68599182612652,-0.8955215595165988,0.11902033116437671,0.6987615029830696,0.5316306199962151,0.8177818341474463,3.879431981727155,1.1867951239991206,2.3885272875585617,0.8669209186673577,125.81079711134626,3.206309121706008,-0.6452600726191027,-0.11999988555908025,11216.744771313963,0.5988524516245834,-0.31036105321667895,1.2507745627357902,1.1324771784401726,0.2103508857790537,0.6921112083388303,0.16815941568428805,0.504596319445569,11428.2099609375,0,-0.4376857779749166,0,Pre-COVID
2018-08-16,0.0,66.68599182612652,0.0,0.0,0.0,0.1807877319869089,0.0,3.879431981727155,1.1950112003460456,0.0,0.0,125.81079711134626,0.0,0.6987615029830696,-0.11999988555908025,11216.744771313963,0.5968214171601169,0.048992601382380485,0.0012870338537807058,1.0353295966924538,0.2103508857790537,0.7835170588584184,0.0,0.49942746718004916,11428.2099609375,1,0.7527432622843166,1,Pre-COVID
2018-08-17,1.642172723598323,66.68599182612652,2.7861437725819727,-0.25873435835656045,-0.4376857779749166,-0.3591776841080363,-0.696420136331477,3.905688645436256,1.037859476993135,1.9009070819548834,0.23385318636841568,124.00773695087295,1.2044869456234064,0.0,-0.11999988555908025,11230.129854969591,0.5274032492714573,0.2580173452876311,1.0150203643218836,1.034536310747963,-0.1614019090799057,1.2481400743214799,0.6715389643433323,0.5081644103647376,11428.2099609375,1,0.7061438877143944,1,Pre-COVID
2018-08-20,0.2737956759505389,70.9334775122645,-3.5897420132742996,0.33255677362493685,0.7527432622843166,-0.6452600726191027,1.0853000359092535,4.182937608015291,0.9243743538310497,-0.058761097674397966,0.5453926781844309,126.54723139908968,1.0265389382348555,-0.4376857779749166,-0.4899997711181623,11247.953569416288,0.47915485458072915,0.31176283410572214,-0.9269832645687259,1.2256596821308552,-0.6123650263140101,0.9678032990875662,-0.20735058409988572,0.5183558506382665,11428.2099609375,1,0.165779129785526,1,Pre-COVID
2018-08-21,0.3801199341233463,74.27230380828293,-0.987842826354457,-0.18816855280314737,0.7061438877143944,0.6987615029830696,0.517975334911247,4.212995331423808,0.9980329343194045,0.5682884869264937,-0.8614130122508001,128.17543387921094,1.0862638218377407,0.7527432622843166,-0.13000011444091797,11270.457008718784,0.5160069498420492,1.0201082160173236,-0.3142541246194397,1.026464764112692,-1.3081608876337247,1.445937914598061,-1.5675568999651945,0.5170239698493818,11428.2099609375,0,0.0,1,Pre-COVID
2018-08-22,1.3787385410504838,75.00337459954443,-0.9976985196090693,-0.22360488684632918,0.165779129785526,0.0,-0.05782575706080317,3.9212217525676163,1.024647506555001,1.602343427896813,0.9239121162104347,126.51324321614919,1.5445176708360098,0.7061438877143944,-0.13000011444091975,11292.71207404517,0.5141627633431096,1.6324090726505203,-0.0644920770625057,0.9624725568210778,-0.21747669467453434,1.5931427083914818,0.7581329864249087,0.5017947732770339,11428.2099609375,1,0.10240870610727093,1,Pre-COVID
2018-08-23,0.0,75.00337459954443,0.0,0.0,0.0,-0.4376857779749166,0.0,3.9212217525676163,0.9934886443703631,0.0,0.0,126.51324321614919,0.0,0.165779129785526,-0.13000011444091975,11292.71207404517,0.49864597148917256,0.8730936566920144,0.10037237879036986,0.9632648812984301,-0.21747669467453434,1.0558986080785981,0.0,0.501914112672971,11428.2099609375,0,-0.22145337355118366,1,Pre-COVID
2018-08-24,1.166872281657172,75.00337459954443,-1.0852666185147242,-0.916342913593271,0.10240870610727093,0.7527432622843166,-0.8139342074860001,3.7202385767248103,1.0097379201257286,2.083215195250443,1.237556202841139,124.90232715341277,1.2692809877644429,0.0,-0.13000011444091975,11315.778418671918,0.49795899014314754,0.2683576081546013,-0.028644382990594686,0.6853793204841526,0.23584113394121697,0.9768349166103141,1.1351474967338682,0.4931566697823627,11428.2099609375,1,1.1668203138797129,1,Pre-COVID
2018-08-27,0.06564800263176851,71.5997591087966,-2.7429496488370897,-0.46786499999807996,-0.22145337355118366,0.7061438877143944,-0.6893183735492636,2.47154955870752,0.9773855694032874,0.5335130026298485,-0.4039981192729414,123.65814967879098,-0.15580537091941515,0.10240870610727093,-0.35000038146972656,11333.654062427702,0.48565057791056027,-0.11927145497839797,0.6949428342014174,0.7016079701119761,0.7954520233947937,1.116405874053994,-0.18254474572175772,0.4968874035139691,11428.2099609375,1,0.39813550271674547,1,Pre-COVID
2018-08-28,-0.837824605431936,77.4049502890021,-1.3698636453198354,0.3762216755667902,1.1668203138797129,0.165779129785526,1.543041989446503,3.2898869394150765,1.0195158062656133,-1.2140462809987262,1.6703771867553119,132.94510797682696,0.3289957084477768,-0.22145337355118366,-0.1700000762939453,11360.194516715466,0.5091416535978663,1.04615717533596,-0.7257234082629793,0.9932833640233314,1.8003933940759387,2.9606163865222523,0.503556872875599,0.4993955467555239,11428.2099609375,0,-0.39698095476423667,1,Pre-COVID
2018-08-29,-0.8350258465200988,79.00064623475762,1.5522919739422436,-0.37884878909950626,0.39813550271674547,0.0,0.019286713617239215,3.3637124113943484,0.9940389848393508,-0.45617705742059256,0.4389289589571188,130.87042691324982,-0.43689034380335334,1.1668203138797129,0.1900005340576154,11388.217145106913,0.49109989793477865,1.3446720338434304,0.2580094700072255,0.9939547211248625,2.1150405421388463,2.65323784653575,0.04079345624037334,0.49404490701613946,11428.2099609375,0,-0.12915424723947133,1,Pre-COVID
2018-08-30,-0.012957457304518805,73.41144543998365,0.08044468995995757,0.2358494609774553,-0.39698095476423667,0.10240870610727093,-0.16113149378678138,3.0468367326651036,1.0596799911098866,-0.2488069182819741,-0.37283850146923037,129.010237178983,-0.4099384120687555,0.39813550271674547,0.009999275207521308,11410.712200330476,0.5293064693689962,1.1663893693591776,0.8506701312447795,1.111688381738973,2.1150405421388463,2.2457240428361835,0.024142453295006305,0.4994965213117251,11652.4400390625,1,0.031688436681198695,1,Pre-COVID
2018-08-31,1.2446555481324006,71.64261300982417,-0.24115541787074202,-0.29902260473405606,-0.12915424723947133,-0.22145337355118366,-0.4281768519735274,3.8426956865877715,0.9940264621806558,1.5436781528664567,0.03155832386489976,127.377938628035,1.1155013008929293,-0.39698095476423667,-0.029999732971191406,11430.42239324581,0.4943133357944822,-0.12957967124316294,0.5245289789904017,1.2639770678348545,2.4021836901749527,2.5625711349974045,0.1607125711043711,0.4972838797577628,11671.25,0,-0.840292715423141,0,Pre-COVID
2018-09-03,2.6401070274324256,71.82177754329112,1.5310276905220022,-0.17935990408369795,0.031688436681198695,1.1668203138797129,-0.14767146740249926,2.8140641575304493,0.9387609157143141,2.8194669315161236,1.812965278685219,125.96821347763013,2.6717954641136243,-0.12915424723947133,0.19000053405761896,11448.946660412787,0.4652881146475462,-0.49410060910678455,0.6980610515071817,1.311147575596137,2.375096639839369,1.8285639561493428,1.7812768420040204,0.49564069697088636,11695.930078125,0,-0.535727264157837,0,Pre-COVID
2018-09-04,0.5414768794901881,60.84097536058757,6.269840777265712,-0.02298510097975548,-0.840292715423141,0.39813550271674547,-0.8632778164028965,1.7146596297379357,1.0060793824858991,0.5644619804699436,-0.5483397622636055,129.9807368368629,-0.2988158359329529,0.031688436681198695,0.7899999618530256,11458.828360335912,0.5250072921396371,-0.9369801109308296,-0.5741839363124779,0.9111705753200062,0.7269057763967135,0.2648915478174363,0.2919529531595355,0.5218348583407011,11674.0099609375,0,-0.37628889968090995,0,Pre-COVID
2018-09-05,-0.954157581425974,55.10506318653384,2.912616726279027,-0.8616690630439572,-0.535727264157837,-0.39698095476423667,-1.3973963272017942,1.1488667769832484,1.0330420163678704,-0.09248851838201677,2.0604526380514576,128.60347908673958,-1.489884845583811,-0.840292715423141,0.3899993896484375,11463.381800658253,0.5507429650492689,-1.3402644784333395,0.10563693970107035,0.6473021657468774,-0.02412814935889296,-0.43730897535422253,2.5961799022092946,0.5331273619270127,11630.369921875,1,0.5223530144531363,0,Pre-COVID
2018-09-06,1.3350866892184898,51.45529053278208,-0.9433970751818732,0.1768781887353743,-0.37628889968090995,-0.12915424723947133,-0.19941071094553564,0.23537288482533558,1.0372776294848638,1.1582085004831155,-0.054831884080375204,126.75894880225749,0.9587977895375799,-0.535727264157837,-0.13000011444091975,11464.386866928939,0.5602919093141842,-1.7426463309575757,0.9568035853323664,0.6515679435234475,0.31594771340064387,-0.8119523299035647,0.32145701560053475,0.5401561677260025,11587.3798828125,1,0.45245444601755835,0,Pre-COVID
2018-09-07,2.1927700458381327,55.813919354599946,0.5128252780572273,-0.18392028844516073,0.5223530144531363,0.031688436681198695,0.3384327260079756,0.5771242747635741,1.0848405602634363,2.3766903342832935,0.26028839944918225,125.54238193070621,2.715123060291269,-0.37628889968090995,0.07000064849853693,11469.758239054572,0.590417464054249,-0.39240068106053405,0.19512110055530663,0.987511772880691,0.9653867530449167,-0.3958439004122516,-0.26206461500395406,0.5442435373197988,11559.4,0,-1.3029485041085365,0,Pre-COVID
2018-09-10,0.2855073752959125,59.24511685221798,1.2390675873562573,-0.4060445504352028,0.45245444601755835,-0.840292715423141,0.04640989558235553,1.3963831259022674,1.1588708117110786,0.6915519257311153,0.14394924339353743,124.25553048577859,0.7379618213134709,0.5223530144531363,0.1700000762939453,11478.598340559789,0.6054320416757505,0.5972049847132066,0.06802673440049478,1.1394674569346201,0.162672029832156,0.2768860793934902,-0.3085052026240209,0.5224327297241527,11541.119921875,0,-1.3166488710376734,0,Pre-COVID
2018-09-11,-0.7113556347119632,47.70475272195663,9.431241422338266,0.28517622315835656,-1.3029485041085365,-0.535727264157837,-1.01777228095018,0.7251798373070883,1.0265059200995021,-0.9965318578703197,0.003104664485520381,135.44685949392482,-2.0143041388204996,0.45245444601755835,1.3099994659423828,11475.598434546102,0.5934731290989337,-0.33850966743209643,0.21698608658911045,1.26568176160762,1.117830831069755,-2.171156921616657,1.3060531685940568,0.5781487640507286,11512.269921875,1,0.7300145348837273,0,Pre-COVID
2018-09-12,-0.2862822093480988,39.450919908039694,0.8552639215276825,-0.1327089078133059,-1.3166488710376734,-0.37628889968090995,-1.4493577788509793,-1.2907592799103473,1.0255066806607713,-0.15357330153479287,-0.6960417423733545,144.99222614473484,-1.6029310803857721,-1.3029485041085365,0.13000011444091975,11461.665217172316,0.6415572900404447,-2.161762537428724,0.4854684349746341,1.3852967817776258,1.3495975157304496,-3.842058184606212,0.6206071286643189,0.6256003027932644,11465.7099609375,0,0.0,0,Pre-COVID
2018-09-13,0.3649291303972291,45.05275183492756,-7.045009322119844,-0.6863724379647662,0.7300145348837273,0.5223530144531363,0.04364209691896104,-1.2907592799103473,1.1444372899881756,1.0513015683619953,0.3804717544449554,144.2265816691867,1.0949436652809563,-1.3166488710376734,-1.0799999237060565,11454.867822613256,0.7325623314831871,-1.8914257892190256,0.7522923200236509,1.536364783330482,1.0837932296598574,-2.7540433055535773,-0.34954278043877185,0.6401070095997241,11444.3,1,1.2779338401883056,0,Pre-COVID
2018-09-14,0.0,45.05275183492756,0.0,0.0,0.0,0.45245444601755835,0.0,-1.2907592799103473,1.1938302828865168,0.0,0.0,144.2265816691867,0.0,0.7300145348837273,-1.0799999237060565,11454.867822613256,0.7365754016372785,-0.5962460642859102,-1.4588251526480023,1.4552956548044778,1.0837932296598574,-2.62828359821069,0.0,0.6169850204645151,11444.3,0,-1.1936413868727347,0,Pre-COVID
2018-09-17,1.2361160637774704,45.05275183492756,-2.8771919116639233,0.007154866100322899,1.2779338401883056,-1.3029485041085365,1.2850887062886285,0.3875090583658425,1.3969547026300115,1.2289611976771475,0.1149254894370122,139.84347919942843,2.514049903965776,0.0,-1.0799999237060565,11459.665978910398,0.8829595353121381,2.017277477851609,0.14222403255199634,1.663356621471367,0.34697179927438704,-1.4151774726039124,-1.1630083507512934,0.6320602475585765,11444.3,0,-0.8687975159851424,0,Pre-COVID
2018-09-18,-0.20222191921522858,37.772190888414,4.768784972077467,-0.07108702421436686,-1.1936413868727347,-1.3166488710376734,-1.2647284110871015,-1.5062652844807012,1.3735171105705266,-0.13113489500086173,0.2942902764815569,147.109541347838,-1.3958633060879633,1.2779338401883056,0.6599998474121094,11453.598128620739,0.920421966183533,0.06903850610224804,0.09372099023936542,1.5588375954923115,0.4911126172060243,-1.7664775824880352,1.4879316633542916,0.6701204950143357,11444.3,0,-0.3949922395540484,0,Pre-COVID
2018-09-19,0.4998957147068106,33.57057300884853,-0.5517236117659086,-0.5437523298693847,-0.8687975159851424,0.7300145348837273,-1.4125498458545271,-2.523571979209027,1.3662455844963355,1.0436480445761953,-0.5508741160772823,148.19415067854302,-0.36890180127833183,-1.1936413868727347,-0.07999992370605646,11440.65755543587,0.9407577491510127,-0.8003588147090013,0.610023497201384,1.380388643775572,0.609946287498575,-2.09542649197616,0.3179233999078601,0.6885714835530079,11444.3,0,0.0,0,Pre-COVID
2018-09-20,0.3142481208668224,31.85095537278397,-2.843272158410981,-0.225622606287601,-0.3949922395540484,0.0,-0.6206148458416494,-2.523571979209027,1.377434897414553,0.5398707271544234,0.20554048601146846,143.4140634005704,-0.08074411868722597,-0.8687975159851424,-0.4099998474121076,11425.375485357286,0.9411489915886184,-2.4389553040669365,0.8067921838010195,1.2692785373498017,0.7972606779466984,-2.11380708122777,0.6005327255655168,0.6832620497835599,11444.3,0,-0.812241056873042,0,Pre-COVID
2018-09-21,0.0,31.85095537278397,0.0,0.0,0.0,1.2779338401883056,0.0,-2.523571979209027,1.334604919463795,0.0,0.0,143.4140634005704,0.0,-0.3949922395540484,-0.4099998474121076,11425.375485357286,0.9100015232421825,-1.2603580727736152,-1.0599035787305588,1.2716567775405914,0.7972606779466984,-2.6224615885203972,0.0,0.6818508682512079,11444.3,0,-1.5767535507102526,0,Pre-COVID
2018-09-24,-1.144357971677512,31.85095537278397,10.920768793544156,-1.7772487745484122,-0.812241056873042,-1.1936413868727347,-2.5894898314214543,-3.58221365215341,1.2795638639088673,0.6328908028709002,-1.434579866786101,138.59249546486853,-1.9565990285505541,0.0,-0.4099998474121076,11402.926446619373,0.887327638208589,-1.2040250072859693,-0.8639159436784172,0.6014331310969765,0.7816723334145737,-3.848443926042433,-0.6223388099130589,0.6934610011336093,11444.3,1,0.9122472156029238,0,Pre-COVID
2018-09-25,-0.935837408336293,25.433677409336113,12.162164401301489,-0.8710123081176024,-1.5767535507102526,-0.8687975159851424,-2.447765858827855,-6.196997015758621,1.2481049541152718,-0.06482510021869059,2.1587128852591064,150.85165882996938,-2.5125909590465456,-0.812241056873042,1.890000343322754,11370.665257286455,0.9222308704892597,-2.376187567878718,0.7111016837005435,0.7735181029104085,0.10067231482715489,-4.115187267334175,3.735466435969359,0.7389049032484445,11444.3,0,-0.12333817079910325,0,Pre-COVID
2018-09-26,1.5930719832264684,33.633566279376765,-4.302925914334555,0.5294638336458934,0.9122472156029238,-0.3949922395540484,1.4417110492488172,-5.7166571937428134,1.2690283774083857,1.063608149580575,0.368466653831212,151.45637840784832,2.505319198829392,-1.5767535507102526,-0.75,11348.204882325423,0.9491920475647048,-1.4856170572012717,1.481378437069547,1.1654882332201908,-0.42237520457953925,-1.9494999307862693,-0.5437805617717117,0.7479675508724599,11444.3,0,-0.6898080420062014,0,Pre-COVID
2018-09-27,0.5542680486357421,33.09876728939285,2.4580326133740282,0.3047478536517767,-0.12333817079910325,0.0,0.18140968285267345,-5.457629338419212,1.195353417158795,0.24952019498396538,-1.8629630489581106,146.00059435971832,0.43092987783663883,0.9122472156029238,0.4099998474121094,11326.397098796688,0.893769119080716,-0.8013910654838807,-0.286503008354444,1.1729381649473127,-0.7345912162569856,-2.7801526405467847,-1.7396248781590073,0.7477028183727936,11444.3,0,-0.4290539347394984,0,Pre-COVID
2018-09-28,-1.2233406961161042,30.209178606548477,-0.9947341999771875,-0.6269731970379722,-0.6898080420062014,-0.812241056873042,-1.3167812390441735,-5.988370201562376,1.190779401290916,-0.596367499078132,0.5369532221269457,144.01888164821418,-1.9131487381223056,-0.12333817079910325,-0.1700000762939453,11300.556558492304,0.8965480121366312,0.09254165710204099,-0.43781599515325675,1.156283869657602,-0.7345912162569856,-3.450782966058441,1.2267612641331471,0.7529085664780659,11041.8599609375,1,0.7122269255513958,1,Pre-COVID
2018-10-01,-0.7599536667618145,28.55108528453964,0.4728127857288822,0.7393312890943027,-0.4290539347394984,-1.5767535507102526,0.3102773543548043,-6.421384398677288,0.9395568411031233,-1.4992849558561172,-1.1234248677269298,139.39029768886877,-1.189007601501313,-0.6898080420062014,0.07999992370605469,11273.141272330837,0.6919646042886324,-1.237864165478919,0.24735510990701037,1.135041276909182,-1.350466565254227,-5.078070637782172,-0.6943709329874315,0.7364797678257003,10999.330078125,0,0.0,0,Pre-COVID
2018-10-02,-0.091013541686924,34.91033535030796,-0.9411755730124094,0.27165375631892363,0.7122269255513958,0.9122472156029238,0.9838806818703194,-4.956246565229316,1.0118838112075692,-0.3626672980058476,2.371187168361799,138.52373911681116,0.6212133838644718,-0.4290539347394984,-0.15999984741210938,11253.523385838736,0.745481825808125,-0.41162315949222483,-0.6100064611927913,0.8602633007688113,-0.6473085381265009,-3.2471287847992802,1.6589602428104033,0.7367267046374506,11007.5099609375,0,-1.363060666494631,0,Pre-COVID
2018-10-03,0.0,34.91033535030796,0.0,0.0,0.0,-0.12333817079910325,0.0,-4.956246565229316,0.9875602972619887,0.0,0.0,138.52373911681116,0.0,0.7122269255513958,-0.15999984741210938,11253.523385838736,0.7256935835108289,0.28011715316353936,1.724019098478169,0.6487587975904102,-0.6473085381265009,-2.3991752437358405,0.0,0.7348347087505023,11007.5099609375,0,-2.3852830796859514,0,Pre-COVID
2018-10-04,0.5309232517068718,34.91033535030796,7.600954127359683,0.191857302833498,-1.363060666494631,-0.6898080420062014,-1.171203363661133,-5.390806658420411,1.0556496452235402,0.3390659488733738,-1.8737344698695813,134.00998447608566,-0.8321374147877592,0.0,-0.15999984741210938,11222.087799925197,0.8084880251182525,-0.66054182602161,-0.6440220890918447,0.9042112655985333,2.553442831980779,-3.3477648680360406,-0.5106738033749503,0.7658677560977016,11007.5099609375,0,-2.6681114672028716,0,Pre-COVID
2018-10-05,-0.8320176474585161,25.48507177092982,4.415006622562556,1.3856757363824634,-2.3852830796859514,-0.4290539347394984,-0.999607343303488,-8.127403018812085,1.1882177897367814,-2.2176933838409796,-2.945984242833821,157.74148654594092,-3.2173007271444676,-1.363060666494631,0.7999992370605469,11175.951666597404,1.0217586886203307,-3.7158308907368265,0.7778380244532146,1.2644878302224407,1.9780888533173169,-5.653194278777052,-0.5607011631478698,0.8599085936323616,11007.5099609375,1,0.3063031253653259,0,Pre-COVID
2018-10-08,1.8021312411041768,19.343939697024254,4.281181092368391,1.1537654997481717,-2.6681114672028716,0.7122269255513958,-1.5143459674547,-10.9814347702473,1.2660444797683343,0.6483657413560051,0.975000388952818,181.29356242835706,-0.8659802260986948,-2.3852830796859514,0.8099994659423828,11112.284890946672,1.219036249474005,-6.284799847842082,0.5010193015937414,1.394880965689943,3.1578376870864178,-7.4184871628269144,3.6431118561556897,0.962870000879009,11007.5099609375,0,-0.4541918611438267,0,Pre-COVID
2018-10-09,-0.7415003935862363,21.616800584848207,2.1287383985734376,0.40921991392999235,0.3063031253653259,0.0,0.7155230392953182,-9.529990487179042,1.320069545247218,-1.1507203075162287,-1.837202529148152,170.91848717749272,-0.4351972682209104,-2.6681114672028716,0.42000007629394887,11055.674884557104,1.224467607862106,-4.698733178113413,-0.6157379748121028,1.2761591907922762,2.0944537415823916,-5.647195906761315,-2.143505654513478,0.9275781053647328,11007.5099609375,1,1.5440154906845027,0,Pre-COVID
2018-10-10,1.852813734570391,20.683213793034128,-1.9354808785692845,0.08577429934342184,-0.4541918611438267,-1.363060666494631,-0.36841756180040486,-8.739315130121817,1.2143308401501138,1.7670394352269692,0.4220762129905742,161.86408862674344,1.3986218734265643,0.3063031253653259,-0.3899993896484375,10999.77673049269,1.1113509647987274,-2.813408451659316,0.17217155013558028,1.2110554030163114,2.0944537415823916,-6.924814452290018,0.8762680741344009,0.915196195247673,10484.6099609375,0,-2.1553257346415555,0,Pre-COVID
2018-10-11,-0.16832248718301468,31.46939718606569,-9.362350000207542,1.6933443109592439,1.5440154906845027,-2.3852830796859514,3.2373598016437466,-8.001835987940332,1.337210694892926,-1.8616667981422585,-1.474317247163437,168.46225050776087,1.375693003501488,-0.4541918611438267,-1.8500003814697301,10959.800647446935,1.3153968793863149,1.39243064564758,0.8932246143743106,1.6230242962870918,-0.960934152847881,-5.3710054985864115,-3.0183327378479397,0.9836870765963481,10404.9798828125,1,2.323964183406524,1,Pre-COVID
2018-10-12,-0.7378183043228015,26.05970592854834,14.740365226914843,0.03165920653211973,-2.1553257346415555,-2.6681114672028716,-2.123666528109436,-8.001835987940332,1.3638491040289609,-0.7694775108549212,-3.0389890470770675,182.8836132004761,-2.893144038964357,1.5440154906845027,2.6399993896484375,10906.085813608273,1.4117199132579075,-1.0958529984184229,0.06706293805054386,1.4937498381961296,0.6495727504800985,-6.767442892814534,-0.883663312435512,1.0350997840971894,10332.0599609375,1,0.3819527333492445,1,Pre-COVID
2018-10-15,-1.934559818940662,38.141276634572655,-9.343066411561484,0.14497109913809147,2.323964183406524,0.3063031253653259,2.4689352825446154,-9.054989732066943,1.4847365563313903,-2.0795309180787536,-0.9793625600183931,197.1940793570792,0.3894043644658618,-2.1553257346415555,-1.9200000762939453,10873.968345933587,1.7058857105830707,1.6643953632228925,-0.5898053900957545,1.379489026773569,0.93431110931117,-4.18967368342148,-3.303326743424917,1.1489484132118633,10363.269921875,1,0.6872770511296089,1,Pre-COVID
2018-10-16,2.226806926834546,39.91922834217231,1.395599788481916,-0.4126621556121868,0.3819527333492445,-0.4541918611438267,-0.030709422262942265,-7.604754894421129,1.4613221405626233,2.6394690824467326,1.774513016769519,184.9182021094684,2.6087596601837904,2.323964183406524,0.2600002288818395,10847.19291290147,1.6847253500436825,0.5009549868725482,-0.6526444657057873,1.3782299594923575,2.759947769345583,-4.503872655034169,1.3925602834202744,1.1528774546924434,10396.1599609375,0,-1.2442447418455793,0,Pre-COVID
2018-10-17,-0.04629329683158989,43.100425390070804,-8.046578081140588,0.10679729465608023,0.6872770511296089,1.5440154906845027,0.7940743457856891,-6.154415471227814,1.4734919910720292,-0.15309059148767012,0.6092329148257303,176.95227516153903,0.640983754298019,0.3819527333492445,-1.5199985504150426,10827.752697130989,1.718662266840481,3.420728564364972,0.548345885893986,1.3185939082041598,2.288376981964535,-3.847549687074714,-0.07804413630387863,1.1663872468303886,10452.9,0,0.0,1,Pre-COVID
2018-10-18,-0.28420326562640374,39.04231479539104,3.5117943208450075,-0.32299639519650647,-1.2442447418455793,-2.1553257346415555,-1.5672411370420858,-6.95456196267481,1.4508273403205425,0.038793129570102725,0.41814024412243356,177.8873643847922,-1.528448007471983,0.6872770511296089,0.6099987030029297,10799.99692732036,1.7114932422252338,-0.18572638159465304,-0.8430130587465445,1.3411758753980194,2.26333608129492,-3.7317265241866737,1.6623849859680129,1.1796670730660601,10451.4900390625,0,-1.4302046081609565,0,Pre-COVID
2018-10-19,0.0,39.04231479539104,0.0,0.0,0.0,2.323964183406524,0.0,-6.95456196267481,1.3308147870678992,0.0,0.0,177.8873643847922,0.0,-1.2442447418455793,0.6099987030029297,10799.99692732036,1.5582081913537933,-0.56551909928656,0.6323562449736198,0.9891975422686017,2.26333608129492,-1.379344720734954,0.0,1.1708678069724594,10451.4900390625,0,-0.5658225154691499,0,Pre-COVID
2018-10-22,1.0575110947641742,39.04231479539104,10.066748717313324,1.0220911273039146,-1.4302046081609565,0.3819527333492445,-0.4081134808570419,-7.5342573800665225,1.16433543337926,0.03541996746025955,-3.1622920503070584,166.60316342932722,-0.37269351339678236,0.0,0.6099987030029297,10760.515123753094,1.3720235831215122,-2.6566541043718583,0.3246827639463934,0.7274306001525912,1.504868374849111,-0.12504679788849504,-1.7320874421461019,1.1783748425683858,10451.4900390625,0,-0.9609350217173795,0,Pre-COVID
2018-10-23,0.5280059280432625,37.11046460750121,7.93329773720417,0.5371160154128196,-0.5658225154691499,0.6872770511296089,-0.028706500056330242,-6.584517432611459,1.1814693757666563,-0.009110087369557096,-0.38267589674084723,158.99288226375023,-0.03781658742588734,-1.4302046081609565,1.5699996948242152,10722.34733680842,1.3778104755003193,-1.9879347039398532,-0.9371727210065517,0.6792203562008685,-0.503480092409847,-0.9934220131114335,0.18314661872830262,1.1661838246870428,10451.4900390625,1,0.7682244334463961,0,Pre-COVID
2018-10-24,-1.9250448713194923,34.04675384552618,-10.861421481888389,0.5376593042654698,-0.9609350217173795,-1.2442447418455793,-0.4232757174519097,-8.318541076560992,1.210599962754101,-2.462704175584962,-2.8204514420623883,157.68505720670856,-2.885979893036872,-0.5658225154691499,-2.319999694824215,10679.714186280944,1.4017526184020341,-2.9297669648782,0.5369914273287701,0.451855098491252,0.6962501584991232,-1.497420194297172,-1.8595164203450087,1.1578991090434225,10451.4900390625,0,-0.9765481735494741,0,Pre-COVID
2018-10-25,-1.1295470857560552,38.38415031261308,-0.8403453102266312,-0.400815260183518,0.7682244334463961,0.0,0.36740917326287814,-7.500134065535824,1.1361656171130592,-0.7287318255725372,0.24581471478086758,153.8702422874806,-0.3613226523096591,-0.9609350217173795,-0.1600017547607422,10646.013135445319,1.316981977161569,-0.764783071671582,-0.8640714841742225,0.6615427789745169,-0.005287725956959477,-2.2499748392841745,-0.5224097186655285,1.1591461290602498,10451.4900390625,0,-0.9372970297354399,0,Pre-COVID
2018-10-26,-1.0771476964609228,35.19154571974366,0.4237284282951448,-0.007927371426530438,-0.9765481735494741,-1.4302046081609565,-0.9844755449760045,-7.767210618333175,1.0052554388455333,-1.0692203250343923,0.15409767466754154,153.4174248262332,-2.053695870010397,0.7682244334463961,0.07999992370605469,10607.412191384554,1.1688907224824252,-1.1746868975866853,-0.001094062035611465,0.6484325439102859,-0.005287725956959477,-1.0723375573290839,1.1306458482170156,1.162779804229948,10209.05,1,2.2018904224825553,1,Pre-COVID
2018-10-29,0.635410438817241,32.430619736477084,1.4240531160404357,-0.6599549347491851,-0.9372970297354399,-0.5658225154691499,-1.597251964484625,-8.237997330600855,0.729585515136282,1.2953653735664261,-1.9345040729086382,152.30182026606875,-0.3018865909181989,-0.9765481735494741,0.2700004577636719,10564.640917948662,0.8197544043284725,-1.1510999224951912,-0.00040637034488533175,0.5741721313992424,-0.2222942014211582,-4.225352112676061,-0.9972070431731983,1.1235891985909134,10154.3400390625,0,-0.5116572845048073,1,Pre-COVID
2018-10-30,3.012542788550565,43.533178533123724,3.120126862987682,0.003775813342432599,2.2018904224825553,-0.9609350217173795,2.205666235824988,-6.880719173272931,0.9503494809958882,3.0087669752081325,2.420903502577465,168.2754252201762,5.21443321103312,-0.9372970297354399,0.600000381469723,10541.397117313576,1.1535541258341568,0.2552591444778596,-0.13001819921355517,1.0156482000305214,-0.026446487328735113,-2.4889454518430387,0.21901308009490972,1.2138209667145732,10155.4599609375,1,1.8453797805683791,1,Pre-COVID
2018-10-31,-0.06288166791852401,41.7775090527996,3.378719510195194,-0.09712023292838268,-0.5116572845048073,0.7682244334463961,-0.60877751743319,-6.880719173272931,0.9148702523863146,0.03423856500985867,1.5793160700986464,159.6308646179028,-0.5745389524233313,2.2018904224825553,0.6700000762939489,10515.989952373682,1.1071770175078166,0.7259330676285591,0.6367166633279853,0.9714107430201625,-0.8792152929035013,-3.6500588995961203,2.0909733546034537,1.2102011345635175,10165.780078125,0,-0.059205267303741316,1,Pre-COVID
2018-11-01,0.4849108223895726,49.62765962689062,-3.4146378679973277,-0.4526693592139086,1.8453797805683791,-0.9765481735494741,1.3927104213544705,-4.343705391062091,0.9862294409536765,0.9375801816034812,4.069769577541815,170.3643782417656,2.3302906029579518,-0.5116572845048073,-0.7000007629394531,10506.405482521928,1.2558650378553262,3.555330103439691,0.08072018244047463,1.0662312091906339,0.07054710741722925,-0.6357015086898565,2.224389796973436,1.2734004741759597,10198.15,1,1.662257430466929,1,Pre-COVID
2018-11-02,-1.46115967632936,49.39331447209969,-3.0808016490281864,0.7366541942362526,-0.059205267303741316,-0.9372970297354399,0.6774489269325112,-2.0642951594452397,0.9863849313753911,-2.1978138705656125,-2.1291665898625634,161.4897280699467,-1.5203649436331013,1.8453797805683791,-0.6099987030029297,10497.075461247157,1.2557075984406492,1.2642911648901078,0.5702622678123603,1.0333972544210075,0.22031090677490095,-0.6945304072161207,-2.069961322558822,1.273040127033452,10249.2599609375,0,-0.27480337344830685,1,Pre-COVID
2018-11-05,-2.3001991709750924,55.712724898954434,-5.00261055291541,-0.16957967606561208,1.662257430466929,2.2018904224825553,1.492677754401317,2.29293797972272,0.9597658697672089,-2.1306194949094803,-1.5408275522329373,169.9997382856204,-0.6379417405081633,-0.059205267303741316,-0.9600009918212891,10501.218019673295,1.2622634519690394,3.477012039073979,-1.0260593214010405,0.9498202961532694,-1.0420352136083944,2.421012175813564,-3.2030849826998664,1.3151785155469475,10353.8599609375,1,0.057012542759404816,1,Pre-COVID
2018-11-06,-0.6400582231276597,54.48136541200058,6.856829574262613,0.39366415806779687,-0.27480337344830685,-0.5116572845048073,0.11886078461949001,1.700322269736243,0.9660208493843694,-1.0337223811954566,0.5212986564236077,161.36510651420434,-0.9148615965759666,1.662257430466929,1.25,10502.905573771568,1.2446832005823119,1.322862108798173,-0.5524468596158072,0.8734829001236223,0.31921792415909866,2.720773041165425,0.7961020298719146,1.288464116772353,10408.4900390625,1,0.6495763592117676,1,Pre-COVID
2018-11-07,-0.11567545367848764,54.704426675270454,-4.979462711235416,-0.5785335481566345,0.057012542759404816,1.8453797805683791,-0.5215210053972297,2.2225908975638253,0.9197776442766077,0.46285809447814685,0.729350663793249,153.889758978977,-0.05866291091908282,-0.27480337344830685,-0.9699993133544886,10504.912568307007,1.1717982595370937,1.4406870788227666,-0.06172165105102767,0.793716128314279,0.2708825504509127,3.7765620953265744,0.6723381210338442,1.2740016750099628,10474.8099609375,0,0.0,1,Pre-COVID
2018-11-08,-0.150901981361784,57.27488287610025,-4.267968156449175,0.021176265688049867,0.6495763592117676,-0.059205267303741316,0.6707526248998175,1.322174610326332,0.9107102601544216,-0.17207824704983388,0.7257846521993017,149.5567767921966,0.4986743778499836,0.057012542759404816,-0.7900009155273473,10511.837592182414,1.167997274078642,0.43021312067659245,0.5078269880352648,0.6256406838012741,-0.23792695501297922,3.6543718978459205,0.07620829298753407,1.282512479643661,10517.1701171875,0,-0.12454893970770264,1,Pre-COVID
2018-11-09,0.0,57.27488287610025,0.0,0.0,0.0,1.662257430466929,0.0,1.322174610326332,0.8455318441550664,0.0,0.0,149.5567767921966,0.0,0.6495763592117676,-0.7900009155273473,10511.837592182414,1.0808832527766894,0.7069592419707282,-1.160734759730342,0.681546660065897,-0.23792695501297922,4.676589217988059,0.0,1.2783471848683057,10517.1701171875,0,-0.9730567027500525,0,Pre-COVID
2018-11-12,1.6168589246513987,57.27488287610025,0.28217351211461406,0.12959671431744813,-0.12454893970770264,-0.27480337344830685,0.005047774609745481,1.0761536912150982,0.7758118429889633,1.4872622103339506,-0.8843473982298122,142.96811726871837,1.492309984943696,0.0,-0.7900009155273473,10517.672026010137,0.9906558367047297,0.5242183790360899,0.7184364357465833,0.3471063837035264,-0.7002312689809109,5.535395765827511,-0.7597984585221096,1.2769279633711927,10517.1701171875,1,0.9568583199961456,1,Pre-COVID
2018-11-13,0.07714957881302942,51.75144331226828,9.003941138170823,0.07572742430816959,-0.9730567027500525,0.057012542759404816,-0.8973292784418829,-0.28822644173602807,0.7091270579586227,0.0014221545048598294,0.6682356174737558,144.62716842976428,-0.8959071239370231,-0.12454893970770264,1.6000003814697266,10515.044482995498,0.905610281715821,-1.0963937106517219,-0.5898495146438809,0.5610696560105641,-2.591327703365409,2.2568918163223817,1.6412923202238083,1.2770776005246585,10517.1701171875,0,-0.05858913595558901,0,Pre-COVID
2018-11-14,-2.3688404838726806,56.182807931916216,-3.4589573942448104,-0.06080289104890557,0.9568583199961456,0.6495763592117676,0.89605542894724,-0.021256997094876162,0.6894841420125145,-2.308037592823775,0.32558749061466496,145.77185326412885,-1.411982163876535,-0.9730567027500525,-0.6700000762939453,10520.041187958794,0.8914603663815855,-0.15002632509586444,0.9797144646243261,0.7144533054182022,-2.2159394201673455,3.7662730885530626,-0.6312708293814806,1.2929381721682247,10517.1701171875,1,0.3819898392734222,1,Pre-COVID
2018-11-15,-2.1318945265432876,55.84137982731507,0.6951826495335656,0.6855176614195213,-0.05858913595558901,0.0,0.6269285254639323,1.1790817254571095,0.5750329655721458,-2.817412187962809,-2.4472397336594565,140.43733923516152,-2.1904836624988766,0.9568583199961456,0.129999160766598,10524.20849290166,0.73119214970942,-0.08408334713349008,-0.8608871970357312,0.6791095311300976,-2.1305117628819814,1.8263936461099028,-2.3886505977038675,1.271565620458639,10517.1701171875,1,0.6169525256907837,1,Pre-COVID
2018-11-16,-0.3559549552838881,57.647472523768506,-2.018051844430424,0.4841767853251078,0.3819898392734222,-0.12454893970770264,0.86616662459853,1.1790817254571095,0.6085115873938152,-0.8401317406089959,0.10914942724133958,135.86796093088995,0.02603488398953413,-0.05858913595558901,-0.379999160766598,10531.059730117278,0.7282216136397015,1.2831275638119033,-0.20675605729733038,0.7036412384755659,-2.1305117628819814,2.2759128511274263,-0.27284041203208265,1.1967259599734812,10568.580078125,1,0.7601448561892044,1,Pre-COVID
2018-11-19,0.2812343523081573,60.47032513629353,-0.542007465227845,-0.26978102132473314,0.6169525256907837,-0.9730567027500525,0.3471715043660506,3.674950845122682,0.5085259442550693,0.5510153736328904,0.8290285162242839,133.6070329369794,0.898186877998941,0.3819898392734222,-0.10000038146972656,10542.255320131739,0.5534732008680675,0.9421232725017825,-0.7020728874823412,0.7838894343223775,-1.7709552631313685,1.224298259381218,0.21207599053350012,1.0883873420224175,10587.980078125,0,-0.9959695953136949,1,Pre-COVID
2018-11-20,0.2923947723215248,63.70039029407315,4.9591271307604545,-0.5500249579873939,0.7601448561892044,0.9568583199961456,0.21011989820181043,5.05746946755814,0.5185464824178629,0.8424197303089187,0.8750645895625908,133.79505484746542,1.0525396285107291,0.6169525256907837,0.9099998474121129,10558.636436464574,0.5673818530073397,1.7690552404213689,-0.1623264125639956,0.4150113393180029,-0.6172376698594828,2.2748041678544384,0.11491973337338646,1.0941774212986923,10644.2201171875,0,-0.526926949530282,1,Pre-COVID
2018-11-21,-0.9249262707128447,57.07027347271349,0.3634459708844684,0.28363915169582476,-0.9959695953136949,-0.05858913595558901,-0.7123304436178701,5.020305913492784,0.6200160172225984,-1.2085654224086695,-2.155510346186118,137.35320703967827,-1.9208958660265396,0.7601448561892044,0.06999969482421164,10565.86338156442,0.6873791132260118,0.3720553399203963,-0.11842435759755743,0.7489895751290906,-0.5742159395517255,1.198482386633426,-1.1595407508724231,1.1086473479236376,10658.96015625,0,-0.6915043423200262,0,Pre-COVID
2018-11-22,2.2234721321366613,53.90542135973117,1.1898579572898083,1.0963711031053314,-0.526926949530282,0.3819898392734222,0.5694441535750494,3.6705034811364667,0.6360904621726439,1.12710102903133,-2.8417668049271705,133.59286472084628,1.6965451826063793,-0.9959695953136949,0.22999954223633168,10568.395709203167,0.6876046018845454,-0.7690399835517892,-0.38359815387601914,0.8080635705134429,-0.6732871631033643,0.015562858560791426,-2.3148398553968885,1.080985555847418,10663.71015625,0,0.0,0,Pre-COVID
2018-11-23,-0.08501865712310375,50.00683170395134,-2.044987880632343,-0.3084276821446186,-0.6915043423200262,0.6169525256907837,-0.9999320244646448,3.968924076992275,0.7157567912145226,0.22340902502151483,-0.31306091575928896,132.5716233830669,-0.77652299944313,-0.526926949530282,-0.39999961853027344,10565.310841854784,0.721930913672108,-2.1986582495911233,-0.16803576985733315,0.8567958401315207,-0.40919414571397583,-0.6760491016019721,0.37844342656073726,1.0086260060146035,10645.7201171875,1,0.9675313783931383,0,Pre-COVID
2018-11-26,0.0,50.00683170395134,0.0,0.0,0.0,0.7601448561892044,0.0,3.968924076992275,0.7872954973174997,0.0,0.0,132.5716233830669,0.0,-0.6915043423200262,-0.39999961853027344,10565.310841854784,0.7218726965788249,-1.2147875691134513,-0.6452052686537924,0.7683576747761084,-0.40919414571397583,-0.5521879060764845,0.0,0.9169018481112681,10645.7201171875,1,0.536288900653692,1,Pre-COVID
2018-11-27,-2.2768829069917396,50.00683170395134,6.471815140883996,0.4407705618072688,0.9675313783931383,-0.9959695953136949,1.408301940200407,3.6850604037203416,0.7602406206518283,-2.7176534687990084,1.371092121356976,128.60896600276777,-1.3093515285986013,0.0,-0.39999961853027344,10570.344116444021,0.7077611595029324,0.2693365145782112,-0.23293699112013622,0.9721552749606744,-0.8716873214696497,1.396647758434999,0.4035607429638377,0.930969932677467,10645.7201171875,1,0.40475033298135177,1,Pre-COVID
2018-11-28,-1.8657350603127565,53.28800794199409,-10.19607824804416,-0.24234185408811282,0.536288900653692,-0.526926949530282,0.29394704656557913,4.777212112576623,0.7168985897838871,-1.6233932062246437,1.4256221796252744,126.18483694198201,-1.3294461596590645,0.9675313783931383,-2.0799999237060582,10578.881560364835,0.6651077053866349,1.5090090424394909,0.19810300449385476,0.9000521931972858,-1.0279355803758161,0.9742462497047022,0.8893332789715824,0.9277570283900897,10645.7201171875,1,1.2102936537020215,1,Pre-COVID
2018-11-29,-0.8866251535504133,55.66569524546102,-1.9650688665309834,-0.3485928408716976,0.40475033298135177,-0.6915043423200262,0.05615749210965415,3.295111132339046,0.7453073798226366,-0.5380323126787157,2.8649614416605296,123.66532482888441,-0.4818748205690615,0.536288900653692,-0.3600006103515625,10589.990304735958,0.6690376645357203,1.9198670945448582,0.09885566620206898,0.9179339803519243,-1.8281943609281481,1.4423740580792543,2.460211108679178,0.8976667648459389,10645.7201171875,1,0.1662243580064171,1,Pre-COVID
2018-11-30,-0.36889298390501146,61.93097651064908,4.120276816197421,0.610142652472212,1.2102936537020215,0.0,1.8204363061742335,4.607218290165904,0.812928838262812,-0.9790356363772235,-1.145368187190543,131.72915977357457,0.84140066979701,0.40475033298135177,0.7400016784667969,10609.894741074962,0.7481860051517204,2.164919127582321,-0.39503215314158346,0.6626324116380974,-1.4217174612137562,2.2794276521705736,-2.3556618408925645,0.9203585478272162,10645.7201171875,1,0.0643574597191332,1,Pre-COVID
2018-12-03,1.8693814208533555,62.71964410486735,2.4598880518994726,-0.45075449539941914,0.1662243580064171,0.9675313783931383,-0.28453013739300204,3.0678480053065504,0.843762579026488,2.3201359162527746,1.1942372597353312,128.66760513709795,2.0356057788597726,1.2102936537020215,0.45999908447265625,10629.661797291632,0.7356326041858502,1.7888597515603566,-0.9631732576099727,0.6695820535668637,-1.4217174612137562,1.82125218709972,1.0280129017289141,0.8718478661974182,10755.6998046875,0,-0.13092913747559942,1,Pre-COVID
2018-12-04,-2.460939927960615,63.03943863763336,-4.906057106177819,-0.08445391397461366,0.0643574597191332,0.536288900653692,-0.020096454255480456,3.4183770429494498,0.8218565678848994,-2.376486013986001,0.6992091658598154,126.02359111881817,-2.3965824682414816,0.1662243580064171,-0.9400005340576207,10648.4831456404,0.707348858909983,1.4437744610535486,-0.22882728390274387,0.7194120962108862,-0.10808285914594151,1.1181374380518694,0.6348517061406822,0.8606719061066884,10806.7298828125,0,-0.7967211865771207,1,Pre-COVID
2018-12-05,0.25243044665651526,61.87581265878472,-0.6037250666760752,-0.47876887078655006,-0.13092913747559942,0.40475033298135177,-0.6096980082621495,3.2241215574548843,0.7205883561931534,0.7311993174430653,1.760467783256714,123.71311230297547,0.12150130918091584,0.0643574597191332,-0.10999870300292969,10664.854764481852,0.6015782183777537,0.09945761917400375,1.039275303784093,0.8284471525159864,1.0918255254746434,2.0016497511123,1.8913969207323134,0.8348431016618343,10843.5099609375,0,-1.6855390796155278,0,Pre-COVID
2018-12-06,-1.985594073606467,55.20655534893263,1.5461003305369037,0.14413054661025493,-0.7967211865771207,1.2102936537020215,-0.6525906399668657,1.7408287401861289,0.7567143172664401,-2.129724620216722,0.08699927564623788,125.95324550632866,-2.7823152601835877,-0.13092913747559942,0.2799987792968821,10673.5988849369,0.6424625573197957,-0.8628460650010328,0.20571276414957929,1.1076971977744658,1.3957564997121308,1.7249974227162568,0.8837204622233585,0.8490159926733781,10854.3201171875,1,0.8730166187373989,0,Pre-COVID
2018-12-07,0.2591053567484014,44.39208466772598,5.002719449853821,0.4739873767977798,-1.6855390796155278,0.1662243580064171,-1.211551702817748,1.7408287401861289,0.9405423107303615,-0.2148820200493784,-2.126165684691106,140.46024636590158,-1.4264337228671264,-0.7967211865771207,0.9200000762939418,10668.232329802684,0.8381772830529798,-2.596527937291837,0.33980674288141,1.0107070293878524,1.921728845392412,0.7067745564870442,-0.44062660507557805,0.8911638247385743,10802.81015625,0,-1.9193543511718203,0,Pre-COVID
2018-12-10,-0.9179183700181226,49.78623643562279,-3.728634558609778,0.63853446453217,0.8730166187373989,0.0643574597191332,1.5115510832695689,1.025016041246407,0.998499797947271,-1.5564528345502926,-0.20995055295618403,141.2013209389896,-0.04490175128072371,-1.6855390796155278,-0.7199993133544922,10670.118838358967,0.8743416426053888,-1.6173679073324454,-0.1693279835350614,1.2200642752237802,2.004781677126677,1.5859614345595796,-1.082967171693583,0.8756553023876639,10766.2001953125,1,0.5787336945131116,0,Pre-COVID
2018-12-11,0.22286008315958172,40.42157429078918,9.951588844996273,0.07064909554987953,-1.9193543511718203,-0.13092913747559942,-1.8487052556219408,0.059624886794229504,1.1853788929918994,0.1522109876097022,-1.6620190332078844,156.73344494399936,-1.6964942680122386,0.8730166187373989,1.8500003814697266,10656.661901837007,1.0394341746926863,-2.7307142294340836,0.8692549311230202,1.3085359714813911,3.0718712269813153,-1.3186065823655668,0.25733531796393594,0.8768792668060875,10687.140234375,1,1.786392380162427,0,Pre-COVID
2018-12-12,1.896865400101655,43.788983252705464,-12.181994648039595,-0.34600349079729753,0.5787336945131116,-0.7967211865771207,0.2327302037158141,-0.3151392334042047,1.1926914981880203,2.2428688908989525,1.1124016026536898,150.9617785868826,2.4755990946147666,-1.9193543511718203,-2.489999771118164,10648.698086191675,1.0425291351683075,-0.4905128036480466,1.9127100595865754,1.4863595492831159,2.310720115775222,-1.2769448953551144,0.5336679081405782,0.8740979009516593,10623.0703125,1,0.5024418610784842,1,Pre-COVID
2018-12-13,-1.1587154190934035,52.72298138848502,-11.922006976964116,0.04994749653501884,1.786392380162427,-1.6855390796155278,1.836339876697446,1.5251062060098741,1.379079558423082,-1.2086629156284223,1.09022332280162,163.11850368154796,0.6276769610690236,0.5787336945131116,-2.140000343322754,10655.283384205255,1.199981310819382,0.41051659632036497,-0.15124516055873283,1.7322995937180588,2.402552333605734,0.08155580811155527,-0.696169057360807,0.8701320408618056,10614.01015625,1,0.1288081033454791,1,Pre-COVID
2018-12-14,-0.3967802728548797,54.93140217586459,-1.6445301833087456,0.1449873204216079,0.5024418610784842,0.8730166187373989,0.6474291815000921,1.6469298949611355,1.3080809217662783,-0.5417675932764876,0.6951172040000619,155.7581029302581,0.1056615882236045,1.786392380162427,-0.26000022888183594,10665.377193129867,1.141045545449984,2.889841718564501,-0.6472062832925785,1.446723758297924,1.0893188890605199,-0.6184017370144179,0.19267534292157773,0.8723050128874614,10652.0900390625,1,0.7672000015183311,1,Pre-COVID
2018-12-17,-1.0867167601464,55.50807778288467,-2.5080407623089718,-0.09282071794010083,0.1288081033454791,-1.9193543511718203,0.03598738540537827,1.1537885243349422,1.3852637215368477,-0.9938960422062992,0.07007877248836891,149.3976227999735,-0.957908656800921,0.5024418610784842,-0.3900003433227539,10675.752971069322,1.1402964768467,2.4295776929606827,-0.8357649935047062,1.4285535900820578,1.2333515384829852,-0.6555249011653275,-0.058729330857110185,0.8231620152754012,10674.4400390625,1,0.18690239262686426,1,Pre-COVID
2018-12-18,-0.25267611936026224,58.8867674179668,-4.089709048809254,-0.059673575121999,0.7672000015183311,0.5787336945131116,0.7075264263963321,1.1608712322811243,1.4105098632987287,-0.19300254423826324,0.14577355328839747,147.79009470789364,0.5145238821580689,0.1288081033454791,-0.619999885559082,10691.500870203075,1.170076503683095,1.4039450667203246,0.5073680331267205,0.6606539456523008,-0.9928448463746409,0.04226125531181513,-0.6214264482299336,0.8295415253641768,10754.419921875,1,0.5371823253533137,1,Pre-COVID
2018-12-19,0.6009008688757422,59.69591243576128,0.27510290204932897,0.4012657508041695,0.18690239262686426,1.786392380162427,0.5881681434310337,2.3695125407935835,1.4105443193611653,0.19963511807157275,-0.9557516173831382,142.6296823405909,0.7878032615026065,0.7672000015183311,0.03999996185302912,10707.58970910007,1.170127514082338,1.0855752208465352,-0.4450108579084455,0.7399110517379117,-1.6499899427998344,0.36064396073876015,-1.1426540100100024,0.829557425371245,10826.3298828125,0,-0.1422374664029169,1,Pre-COVID
2018-12-20,-0.7289179319269201,62.01420602389957,0.5486963245862508,-0.0819698823384174,0.5371823253533137,0.5024418610784842,0.4552124430148963,3.4646063628644086,1.3773041297849316,-0.6469480495885027,-0.9442775543172188,138.73720581497037,-0.19173560657360644,0.18690239262686426,0.07999992370605291,10726.827493958397,1.1394982510765905,1.497851606823497,-1.424775380979526,0.2939211705364832,-1.6829798912793348,1.7101095937306798,-1.4814598796705325,0.8273396022683782,10872.269921875,0,-1.8052009440243655,0,Pre-COVID
2018-12-21,0.48620279406037525,61.008175715126974,-2.2510226953672663,0.05688062867270638,-0.1422374664029169,0.1288081033454791,-0.08535683773021052,4.0368603349799415,1.1440923744721385,0.4293221653876689,-0.34025558688484114,134.84117863339077,0.34396532765745835,0.5371823253533137,-0.3299999237060529,10743.484731095738,0.9478148588217994,0.5818199103650556,0.16366927066469028,0.4062840897293949,-1.247632543588273,3.30671475991422,-0.19801812048192424,0.8284425976920728,10904.3,0,-0.8415473312255894,0,Pre-COVID
2018-12-24,0.9044577404364817,49.94895882566046,11.584088319958585,0.31868019157509364,-1.8052009440243655,0.7672000015183311,-1.4865207524492718,4.0368603349799415,1.2647415551868526,0.5857775488613881,-2.2988400770873385,150.3917141906054,-0.9007432035878837,-0.1422374664029169,1.6599998474121076,10744.263639903462,1.1368386154027543,-1.4181359148450645,-0.5453707491400284,1.0304931723883703,-0.47907539379880015,0.5638815712631695,-0.493639133062973,0.8988702953690202,10894.0099609375,0,0.0,0,Pre-COVID
2018-12-25,0.29789649296597664,45.85148743716518,-1.5009366763823362,0.2650595959098445,-0.8415473312255894,0.18690239262686426,-0.5764877353157449,0.3283630196607934,1.0810397397186646,0.03283689705613213,0.2808334246350075,149.51515229852458,-0.5436508382596128,-1.8052009440243655,-0.23999977111816406,10738.28114805876,0.9664308418217554,-2.7700510617723273,-0.22760121644884723,0.9404106444203199,0.19768637833494918,1.6689768405034,1.122380755860597,0.8939827151637926,10849.0400390625,1,0.6222123071693231,0,Pre-COVID
2018-12-26,0.0,45.85148743716518,0.0,0.0,0.0,0.5371823253533137,0.0,0.3283630196607934,1.0896052698788148,0.0,0.0,149.51515229852458,0.0,-0.8415473312255894,-0.23999977111816406,10738.28114805876,0.9565033126389896,-2.631556654882261,0.1425698246239948,0.9202774322072407,0.19768637833494918,1.0839698472459247,0.0,0.8778438751828088,10849.0400390625,1,0.4655255863871277,0,Pre-COVID
2018-12-27,-1.0977834435287326,45.85148743716518,1.079365563771062,0.39613911838596305,0.6222123071693231,-0.1422374664029169,1.0183514255552861,0.009320663784184724,0.8884738341039159,-1.4939225619146956,-0.6236044945693187,143.1508322676538,-0.4755711363594095,0.0,-0.23999977111816406,10737.61059859054,0.7856539281217905,-0.22457123512181765,0.0,0.9387516915158721,1.4941906573914476,-0.0721762803786552,-1.2458168017386417,0.8842735687599923,10849.0400390625,1,0.7430619064249022,1,Pre-COVID
2018-12-28,-0.6854442980984143,48.74968944386917,0.9422086545944008,-0.8666450413573945,0.4655255863871277,-1.8052009440243655,-0.4011194549702668,-0.726609899949715,0.884368303014019,0.18120074325898017,1.381460452285621,138.43712103821645,-0.21991871171128663,0.6222123071693231,0.1499996185302752,10740.735724968092,0.7830901887656088,1.0906344510479782,-0.12812690863853726,1.0606015704289877,1.6712300502647714,-0.10888148794806485,0.9159348658984934,0.885479710216116,10849.0400390625,1,0.024396301689710853,1,Pre-COVID
2018-12-31,0.9700061524563264,53.08606757136617,-4.978215633185156,0.17477081402201833,0.7430619064249022,-0.8415473312255894,0.9178327204469205,-0.15491400809065636,0.920978786963191,0.795235338434308,0.21804872818629306,137.89884995187086,1.7130680588812286,0.4655255863871277,-0.7999992370605469,10749.562737238974,0.8183221890674487,1.8418004466169702,-0.22808789540845753,0.6673872709487738,1.5036502866576873,0.5039141759787258,-0.5250131782386092,0.8885353284560037,10849.0400390625,0,0.0,1,Pre-COVID
2019-01-01,0.5939241220849212,53.22703681053586,4.780612445006027,0.10444185007145723,0.024396301689710853,0.0,0.12883815176116808,-0.19478759905823262,0.8867351811233398,0.48948227201346395,0.37884581142468843,133.99573636453803,0.618320423774632,0.7430619064249022,0.7299995422363281,10757.93214964257,0.7790936328372984,1.2367386323528295,-0.0964384276012531,0.3535921874531534,0.5147590136195035,-0.23694871686785746,0.3544495097349776,0.8786091375800025,10849.0400390625,0,-0.6448744166611009,1,Pre-COVID
2019-01-02,0.14940182561367088,53.22703681053586,-4.1875004768371475,0.8549345383888518,0.0,0.6222123071693231,0.8549345383888518,-0.19478759905823262,0.905358060458019,-0.7055327127751809,0.07340973581488885,133.99573636453803,0.14940182561367088,0.024396301689710853,-0.6700000762939435,10757.93214964257,0.7757875835711455,0.767639487739058,-0.3039100776202064,0.35375743881380334,0.5147590136195035,-0.4230603994858195,0.07340973581488885,0.8568848253122529,10849.0400390625,0,-1.1141996757007222,0,Pre-COVID
2019-01-03,0.17200529359209238,53.22703681053586,6.91454319124436,-0.1498779446294396,-0.6448744166611009,0.4655255863871277,-0.7947523612905405,0.0890262269634512,0.8932222006522911,0.321883238221532,-0.026301345571977386,130.06547460103974,-0.4728691230690085,0.0,1.059999465942381,10760.681286489844,0.7681454760820933,-0.6206354404795889,0.0,0.5495875534045215,1.0827017306298092,-1.5938271753343503,0.6185730710891235,0.8599713211693791,10849.0400390625,1,0.5162885930801941,0,Pre-COVID
2019-01-04,-0.21669459435280647,45.48005102493077,2.440521908326243,0.3235811560183821,-1.1141996757007222,0.7430619064249022,-0.7906185196823401,0.6706782448617554,0.9420517404362958,-0.5402757503711886,-0.8648740725018422,135.87157798756778,-1.3308942700535287,-0.6448744166611009,0.40000152587890625,10754.13082082393,0.8253137624116259,-1.751888903702703,0.3586286089274804,0.7749087804580949,1.5153987178520012,-2.5516603844954466,0.24932560319887997,0.8760811395934476,10849.0400390625,1,0.4143632577580325,0,Pre-COVID
2019-01-07,0.23752635793381494,49.13332260641216,-3.7522396293177773,0.35593144326913073,0.5162885930801941,0.024396301689710853,0.8722200363493249,0.31466577001335594,0.7366650171492941,-0.1184050853353158,-1.22886574431732,132.25354857880865,0.7538149510140091,-1.1141996757007222,-0.6300010681152344,10752.14702738327,0.6483661338466324,-1.2446451131957748,0.4859976725766213,0.707350545147716,0.5275420276322995,-0.2478183989678251,-1.7451543373975142,0.8801369939921644,10849.0400390625,1,0.28175965472634346,0,Pre-COVID
2019-01-08,-1.0447581154766405,51.93163201123344,0.8663328649155755,-0.011524295236786664,0.4143632577580325,0.0,0.40283896252124585,2.7015393513679875,0.6825590613123153,-1.0332338202398539,1.0274852547257352,128.9821418412173,-0.630394857718608,0.5162885930801941,0.1399993896484375,10753.602788665065,0.591300515664127,-0.191801670720404,-1.1024203303495184,0.8964416333990655,0.7280400838292733,1.0156121788108985,0.6131219969677026,0.8662994151143685,10849.0400390625,1,0.4906430486840696,1,Pre-COVID
2019-01-09,1.2309495854925911,53.800496283433255,-3.680978256926659,0.4688393537836788,0.28175965472634346,-0.6448744166611009,0.7505990085100223,2.3982974043562866,0.6869700731519912,0.7621102317089123,-0.040582197022709376,126.1873901165547,1.5127092402189346,0.4143632577580325,-0.5999994277954102,10757.198907328762,0.592575889325286,1.2171790449530429,0.40991877232647855,0.9389453354796603,-0.04968393503803625,1.3002334189056164,-0.32234185174905283,0.8625934555455991,10753.2099609375,0,-0.30907707440862575,1,Pre-COVID
2019-01-10,-0.017418250325396123,56.948262979535805,-2.738849405894306,0.2760044482452262,0.4906430486840696,-1.1141996757007222,0.7666474969292958,1.0947584704813051,0.6734086630171017,-0.2934226985706223,0.2827961773673282,123.83593862184719,0.4732247983586735,0.28175965472634346,-0.42999935150146484,10764.454572758113,0.581817040485054,1.191354676632428,0.7448851033470927,1.0280320040682895,0.1679149146593284,1.1677776093014458,-0.2078468713167414,0.8639880541645741,10765.7400390625,0,-0.24626132017869784,1,Pre-COVID
2019-01-11,0.6245655129864525,54.42048411698298,0.5239025625921379,-0.3830120870464304,-0.30907707440862575,0.5162885930801941,-0.6920891614550562,0.2784568039934987,0.6950029436901096,1.0075776000328829,-0.019891034215169245,121.75327961810062,0.3154884385778267,0.4906430486840696,0.07999992370605646,10768.687538433438,0.5819267980361855,0.4623164706962779,0.3135178808573391,0.5075636846214853,0.38109454829460265,0.3877604913341992,0.2891860401934565,0.837301198865363,10795.6099609375,0,-0.5312723532749919,0,Pre-COVID
2019-01-14,-0.11580173755235679,52.4297816452887,0.0,-0.02490917000134152,-0.24626132017869784,0.4143632577580325,-0.27117049018003936,-0.09717318399704578,0.6338997735424491,-0.09089256755101527,-0.11275646675859008,119.91277592943709,-0.3620630577310546,-0.30907707440862575,0.0,10770.63292042448,0.5310356668522668,-0.06665520338199338,0.24025663998650248,0.5593346976958734,0.8339814058786477,-0.5980735824112071,0.13350485342010776,0.8377281219415296,10809.130078125,1,1.3895116296032572,1,Pre-COVID
2019-01-15,1.057527579051687,48.332306275166005,5.276869353828806,-0.21780453317979953,-0.5312723532749919,0.28175965472634346,-0.7490768864547914,-1.3845073441635547,0.6528188630364409,1.2753321122314865,-0.5836263273464981,118.72955033676212,0.526255225776695,-0.24626132017869784,0.809999465942381,10768.18600849489,0.550104742311896,-1.082903294932902,-0.4949073360856149,0.6529970623038933,1.3658344532658129,-1.1502842109739286,-0.052353974071506215,0.8426606113798933,10802.2900390625,1,0.03214902508350548,1,Pre-COVID
2019-01-16,-0.5156980685519175,57.61311846922283,-3.5891084726645928,-0.8298433290684359,1.3895116296032572,0.4906430486840696,0.5596683005348213,-0.20076077106244705,0.826247859180778,0.3141452605165185,3.0575972508277705,130.05016953665205,0.8738135610513398,-0.5312723532749919,-0.5799999237060529,10776.972215620268,0.7286780247428855,0.6025005328788469,1.0160527355178361,1.0746740478139396,1.6226414557667157,0.22324408574436738,1.6680856212245132,0.8819121484716976,10819.219921875,1,0.1368225934293088,1,Pre-COVID
2019-01-17,0.26361608499680944,57.80459493567129,3.2092426344573655,0.27057345284278167,0.03214902508350548,-0.30907707440862575,0.30272247792628715,-0.7020871260133621,0.7942838866548156,-0.006957367845972229,0.3363223023331141,127.23054667134843,0.2957651100803149,1.3895116296032572,0.4999999999999982,10785.36685184747,0.6899799155513564,0.8832797525680558,0.010550319927982166,1.060900658601139,1.3322226877958476,0.9061830408848781,0.30417327724960863,0.8686817485091238,10826.2498046875,1,0.01604738994844812,1,Pre-COVID
2019-01-18,-1.503041504477265,58.660766212882855,0.9950239314132636,0.027097503163164838,0.1368225934293088,-0.24626132017869784,0.16392009659247364,-0.42459160834135146,0.6767154506134422,-1.5301390076404298,0.6285793697235142,124.80674070891841,-1.3662189110479561,0.03214902508350548,0.15999984741210938,10794.243395807842,0.5451054225786858,1.5608757267421947,0.38330216148205754,1.0196205788493367,0.818780392758045,2.1827655397175016,0.49175677629420544,0.8055164427188362,10842.969921875,1,0.5033434010370152,1,Pre-COVID
2019-01-21,-2.7135491045780835,58.76658672494709,2.3399080878747425,-0.2777725553243515,0.01604738994844812,-0.5312723532749919,-0.2617251653759034,1.4222633002836105,0.678583921284671,-2.435776549253732,0.6266786034019756,122.70844220814595,-2.6975017146296354,0.1368225934293088,0.3800010681152344,10802.592047623002,0.5375392907669544,0.18509011818443888,-0.46913855564594265,1.2075260760169473,0.39952449305931115,1.6742307510938303,0.6106312134535274,0.7921485815364526,10865.369921875,0,-0.3566880660501037,1,Pre-COVID
2019-01-22,0.015674597086179354,62.048664325133615,9.205768363652211,-0.2232684782208727,0.5033434010370152,1.3895116296032572,0.28007492281614255,2.7978582020443676,0.774666273261443,0.23894307530705206,0.4928516123346549,120.97513819497625,0.5190179981231946,0.01604738994844812,1.5299987792968786,10814.388904049078,0.5427910963059953,0.6570049123597377,0.28129756274657414,1.0455146321623061,-0.09612076896613475,1.7643273002975635,-0.010491788702360338,0.7006773303080687,10910.219921875,0,-0.8354123274816327,0,Pre-COVID
2019-01-23,2.1644136952278292,58.47852348163373,-0.881541877547809,0.17018790810913176,-0.3566880660501037,0.03214902508350548,-0.18650015794097197,2.7978582020443676,0.8066648318230121,1.9942257871186975,-0.025395426761276596,119.40878643564596,1.8077256291777255,0.5033434010370152,-0.15999984741211293,10822.415651897294,0.5660661130581801,0.16093060533675096,0.37904903880665586,0.5453839494753012,0.3703539074323192,1.1164407549784316,0.33129263928882713,0.7017364469679924,10917.4099609375,1,0.1689498655541799,0,Pre-COVID
2019-01-24,1.4381672955675828,51.09035232503866,0.5558664966203608,-0.006945164813731974,-0.8354123274816327,0.1368225934293088,-0.8423574922953647,0.9473608142297252,0.9572659967391186,1.4451124603813148,-0.49356135499828424,122.87528157755975,0.6027549680859501,-0.3566880660501037,0.10000038146972656,10823.088566571569,0.6203617956108387,-0.6917625363772717,-0.3773402500819478,0.8648281661178026,0.06269370498208637,-0.21787252846745542,0.3418509724833485,0.6480558148188124,10905.65,0,-0.6382606245884936,0,Pre-COVID
2019-01-25,-0.746851032348872,52.38945060290671,-3.64842366967969,-0.1115181532434173,0.1689498655541799,0.01604738994844812,0.057431712310762606,0.6493627086614495,0.955606197623445,-0.6353328791054547,0.5584779825371422,120.95831044013502,-0.5779011667946921,-0.8354123274816327,-0.6599998474121094,10825.067176802379,0.6140036527019719,-1.022179729520012,-0.10234263414194977,0.8826638426697224,-0.7861019666616231,0.2605917454945317,0.3895281169829623,0.6425279096487801,10894.569921875,0,-1.1038398055380982,0,Pre-COVID
2019-01-28,0.5989104643771226,47.27246996307945,1.4916822967847576,0.08410089876725868,-0.6382606245884936,0.5033434010370152,-0.554159725821235,-0.73067508064808,0.9876636329312299,0.5148095656098639,0.4501727389577326,121.25090225124215,-0.039350160211371055,0.1689498655541799,0.26000022888183594,10821.769593682757,0.6451616211041556,-1.3018717384587264,-0.2351199187710984,0.9696903449252404,0.07504758883987162,-0.13339932435494362,1.0884333635462262,0.653219982485992,10869.28984375,0,-0.08769465552643796,0,Pre-COVID
2019-01-29,-1.4504241622383063,40.03591937123526,6.840017229751427,-0.6009226020701863,-1.1038398055380982,-0.3566880660501037,-1.7047624076082846,-1.8503942777161053,1.0775565994716492,-0.84950156016812,0.537595413267189,128.05848182086817,-2.5542639677764045,-0.6382606245884936,1.2099990844726598,10809.90146116459,0.7177420673763634,-1.5690365629183356,-0.02112887744724068,0.7825504875973092,1.399456353097417,-0.7082570355957496,1.6414352188052872,0.6660829395138345,10809.2298828125,0,-0.003758759858607519,0,Pre-COVID
2019-01-30,1.1611141987685758,39.52398391384239,-2.4867689039194008,-0.21114305046401327,-0.08769465552643796,-0.8354123274816327,-0.29883770599045123,-1.8503942777161053,0.7596204396671823,1.372257249232589,0.7351078606428141,125.18695117183567,1.0734195432421378,-1.1038398055380982,-0.46999931335449574,10798.219885916289,0.5046492202463289,-1.821228160261812,0.16217636881661335,0.8477187272333756,1.5316620080138232,-2.154899636107843,0.822802516169252,0.6643439194335953,10755.119921875,1,1.6818790618479573,0,Pre-COVID
2019-01-31,-0.2509064784701809,39.50068985319691,-3.147042398817379,0.9524466470341775,-0.003758759858607519,0.1689498655541799,0.94868788717557,-1.3036849229789205,0.768395420382538,-1.2033531255043584,0.15691629034604304,122.69775742184065,-0.2546652383287884,-0.08769465552643796,-0.5799999237060547,10787.373953973416,0.5028081226008255,-1.1942804618741976,0.7453915154044033,0.8640973436908188,1.7559104969794515,-2.190022352711929,0.16067505020465056,0.6543611650804321,10719.1798828125,1,0.5788983808607595,1,Pre-COVID
2019-02-01,-0.6429075684941443,52.88178983363527,-4.089633202440424,0.07000174979594487,1.6818790618479573,-0.6382606245884936,1.7518808116439022,1.4870359606690142,1.0731740644755472,-0.7129093182900892,1.600107545294649,137.4454086458033,1.038971493353813,-0.003758759858607519,-0.7299995422363281,10790.601823702236,0.7836238786137696,1.5888908622883502,-0.6981289874690266,1.5689733899846214,2.6655908410435636,-0.6808678306695848,-0.08177151655330839,0.7301927100608826,10715.4099609375,1,0.17073807867935553,1,Pre-COVID
2019-02-04,1.0550334370846626,56.507488429309674,-8.177573034904595,-1.346427333052036,0.5788983808607595,-1.1038398055380982,-0.7675289521912765,1.5502504095202152,1.2329720199872565,2.4014607701366986,1.4516784811914762,134.74181379511265,1.633931817945422,1.6818790618479573,-1.4000005722045898,10798.2350508817,0.8099084677316589,2.2666697103453703,0.11247778201752823,1.5110615296643284,2.78344695904984,-0.12193880460933393,0.8727801003307167,0.6568749772738011,10738.030078125,1,0.20252110586724825,1,Pre-COVID
2019-02-05,-1.9283448426232086,57.55098293042446,0.0,0.2008553448121786,0.17073807867935553,-0.08769465552643796,0.3715934234915341,1.3038693427200654,1.2482933183226304,-2.129200187435387,0.19396730143053098,131.32590528909756,-1.757606763943853,0.5788983808607595,0.0,10806.680602668239,0.7931751286287754,2.4451285237062415,0.3535131541697156,1.0813333498633866,1.6665222129363721,-0.452474820787363,0.02322922275117545,0.6354076536833182,10788.1701171875,1,1.171542803311021,1,Pre-COVID
2019-02-06,-0.3307656473287346,58.81535942829034,0.3816759855165275,0.11050296123000791,0.20252110586724825,-0.003758759858607519,0.31302406709725616,1.2238231645500308,1.2401525384244616,-0.4412686085587425,-0.10218860013828657,128.39491739638436,-0.12824454146148634,0.17073807867935553,0.05999946594238281,10816.137566127998,0.7882619344213602,0.9546661391467648,0.3265132402886062,1.0153621248518792,1.1588416566461257,0.10619678537913124,-0.3047097060055348,0.6356169179791252,10844.6,1,0.06282690714798367,1,Pre-COVID
2019-02-07,0.03633831807030585,65.27241546875747,-0.9505679408654211,-0.6924749159279209,1.171542803311021,1.6818790618479573,0.4790678873831,1.909690766389871,1.2190787236855722,0.7288132339982267,2.013504356331053,135.73063999874134,1.2078811213813267,0.20252110586724825,-0.14999961853027344,10834.382946067592,0.8034805698405936,1.5495247105852483,0.11857304508267053,0.9223401656094787,1.3818556839850338,2.132208792064816,0.841961553020032,0.6590883378635041,10926.730078125,0,-1.1364733121095205,1,Pre-COVID
2019-02-08,1.6128401987409946,65.58765747938628,-1.2156144124533363,-0.11829439644223116,0.06282690714798367,0.5788983808607595,-0.055467489294247496,2.2898720170290154,1.2277165992183525,1.7311345951832258,0.18840778753810294,132.3924218530756,1.6756671058889783,1.171542803311021,-0.1900005340576172,10851.791645664436,0.8048428086487125,1.4401282102682655,-0.3197712520956353,0.6466686571496133,-0.18569492065608761,2.0240058792847515,0.12558088039011928,0.6555607450761505,10974.4201171875,0,-0.5007475295473629,0,Pre-COVID
2019-02-11,0.3491544384762957,55.72699393083104,0.8419696759971895,0.7978140368447906,-1.1364733121095205,0.17073807867935553,-0.33865927526472994,1.377027326416469,1.2861700900181856,-0.4486595983684949,-0.4106081201269318,138.80926951224893,-0.7873188736332248,0.06282690714798367,0.13000011444091975,10858.592235568924,0.8750922974500819,0.08459579518171889,0.05522047879931158,1.0897579005678883,-0.8602697169227347,1.5124442411703631,0.7258651919825887,0.680386135638632,10984.4099609375,0,-0.5271417887377283,0,Pre-COVID
2019-02-12,-1.133666130774491,52.05559330794324,1.7341070202681053,0.2567400390848684,-0.5007475295473629,0.20252110586724825,-0.24400749046249448,1.4081377664751704,1.1583360036210717,-1.3904061698593595,0.49470031439975415,134.86720740540733,-1.634413660321854,-1.1364733121095205,0.2700004577636701,10860.82983328141,0.7960070759591211,-1.5697281122999396,-0.6007268708803304,1.1426492564031558,-0.5582775908041793,2.1314912387323526,0.995447843947117,0.6871987690574164,10979.719921875,0,0.0,0,Pre-COVID
2019-02-13,1.2846683254258973,48.45466181334272,-0.5681827760158575,-0.2700263415809534,-0.5271417887377283,1.171542803311021,-0.7971681303186817,-0.5088677578019452,1.1900066195181707,1.5546946670068507,-0.9963284542159556,131.75910188676963,0.7575265366881689,-0.5007475295473629,-0.09000015258789062,10858.649874566121,0.8260738428835929,-2.1500712920418774,0.11244108129160324,1.250783283469965,-1.015080563421944,1.6822833971084972,-0.4691866654782273,0.6941758383655601,10959.130078125,0,-0.7879921603800577,0,Pre-COVID
2019-02-14,0.0,48.45466181334272,0.0,0.0,0.0,0.06282690714798367,0.0,-0.5088677578019452,1.2081922982460318,0.0,0.0,131.75910188676963,0.0,-0.5271417887377283,-0.09000015258789062,10858.649874566121,0.8259868314395022,-1.0252496688007762,-0.5896473094844534,0.6978087682450878,-1.015080563421944,1.6861055336250708,0.0,0.6836551040076917,10959.130078125,0,-0.2014639281967212,0,Pre-COVID
2019-02-15,0.967108213391743,48.45466181334272,0.12698703342013395,0.6393444625103939,-0.7879921603800577,-1.1364733121095205,-0.1486476978696638,-1.4593990736035178,1.0190618028366336,0.3277637508813491,-0.48310238390880667,128.0959957802527,0.17911605301168532,0.0,-0.09000015258789062,10849.694935282696,0.6802148349298356,-1.310980113148441,0.07781314673693807,0.584835559190229,-0.30211297423516914,-0.783868350366379,0.30488977647125104,0.6674912482584484,10959.130078125,0,-0.778133902809619,0,Pre-COVID
2019-02-18,-2.910336156795046,46.92551479576339,4.375387486874138,-0.45238790208003143,-0.2014639281967212,-0.5007475295473629,-0.6538518302767526,-1.67370164361762,0.9669675207462923,-2.4579482547150144,-0.29032780395423785,125.31573019705228,-3.111800084991767,-0.7879921603800577,0.6899986267089844,10840.413857900643,0.640249365917026,-0.9878685686166011,0.2044801974068866,0.4292493367193378,0.8660174778262864,-1.553657350208848,-0.08886387575751664,0.6621208593709471,10959.130078125,0,-0.34395975233135756,0,Pre-COVID
2019-02-19,-0.02421717770467735,41.49019562275346,9.356020663330922,0.2556276836516491,-0.778133902809619,-0.5271417887377283,-0.5225062191579699,-2.92742033048925,0.9770778261430811,-0.27984486135632647,-0.9901591671691801,126.82762567598711,-0.8023510805142964,-0.2014639281967212,1.5400009155273438,10825.638771783004,0.6567725033216613,-1.7583155311786114,0.4365547799858316,0.48923667253610104,1.3446609048478386,-2.4861949156910756,-0.21202526435956104,0.6721803377899778,10959.130078125,1,1.236290680397767,0,Pre-COVID
2019-02-20,0.09611599868303289,39.33803804731445,2.611107296413828,0.45876307972997354,-0.34395975233135756,0.0,0.11480332739861598,-2.9150203989379952,0.9491163327700219,-0.36264708104694066,-2.078676799284751,124.05640839835537,-0.24784375364832467,-0.778133902809619,0.46999931335448863,10809.246981975004,0.6374323290269351,-1.318625894053549,0.5328060222153264,0.4902920441035136,1.9379911028492236,-3.018012152428906,-1.7347170469533935,0.6716061107827107,10959.130078125,1,0.5067269008080633,1,Pre-COVID
2019-02-21,-0.6090102562352984,49.45224301522449,-7.634000540501507,-0.22203880643398843,1.236290680397767,-0.7879921603800577,1.0142518739637785,-0.8867636494252928,0.9271460651651359,-0.38697144980130993,1.7996556253464746,132.15259886711618,0.6272804241624685,-0.34395975233135756,-1.4099998474121058,10803.780553333338,0.6541958023741987,0.10303424233544245,-0.1394678917396308,1.0932211870304618,1.9379911028492236,-2.955945511407232,0.5633649449487077,0.7056016596100896,10690.2400390625,1,0.016689586186968697,1,Pre-COVID
2019-02-22,0.6552059108809738,52.95720031212145,-5.9202828868672785,-0.147247162446007,0.5067269008080633,-0.2014639281967212,0.35947973836205627,-0.5525465574636623,0.9785920688065932,0.8024530733269808,-0.13164976620170243,128.9787406327506,1.161932811689037,1.236290680397767,-1.010000228881836,10802.748631558647,0.6951538102604561,1.3993056196061504,-0.4189880289895642,1.031624351651542,1.6452420972103532,-2.5254374345945574,-0.6383766670097657,0.7103611732827007,10699.0,1,0.8196078963680797,1,Pre-COVID
2019-02-25,0.744249302927491,53.07319903632193,-3.7383143695731147,-0.6999923698505439,0.016689586186968697,-0.778133902809619,-0.6833027836635752,0.10296864388747995,0.8807817805976214,1.444241672778035,0.614538564536038,126.17044240255028,0.7609388891144597,0.5067269008080633,-0.5999994277954102,10801.926539637636,0.6244149195241773,1.766263732802753,-0.1612980199742431,1.0321087118523093,0.128958183837935,-1.3884756768680617,0.5978489783490692,0.7089326019123895,10712.45,0,-0.4117591409631749,1,Pre-COVID
2019-02-26,-0.32259916601515837,58.48765740536196,-0.5825252666599945,0.26608356714035164,0.8196078963680797,-0.34395975233135756,1.0856914635084314,2.049887762015712,0.9439278669787811,-0.58868273315551,2.0338291202743886,128.3943456551268,0.49700873035292137,0.016689586186968697,-0.09000015258789062,10807.717137395959,0.6765983869128425,1.3473996099917507,-0.21633677585859434,0.8624850682390706,-0.42431201205082036,-0.07990040655128094,1.2142212239063088,0.7167903507118931,10760.2798828125,0,-0.2644081343287419,1,Pre-COVID
2019-02-27,0.5620506464469543,55.024614433490264,11.393235630142495,-0.34783207894936163,-0.4117591409631749,1.236290680397767,-0.7595912199125365,1.7188900510485494,0.9896813664227873,0.909882725396316,-0.08810828599269405,125.72216597402642,0.15029150548377945,0.8196078963680797,1.7500009536743164,10809.760297936074,0.667647146210283,0.42123103618616486,0.08305966321793257,0.8825542930802912,-0.7893411682098117,0.03600101484453333,0.32365085497048085,0.6746081807365252,10806.469921875,0,-0.13094150466157473,1,Pre-COVID
2019-02-28,0.6806288410213246,52.86877120015948,10.461712123468669,-0.3056529175019085,-0.2644081343287419,0.5067269008080633,-0.5700610518306504,1.45375043445104,0.9955941184719667,0.9862817585232331,-0.5472307133237875,123.36807769832285,0.4162207066925827,-0.4117591409631749,1.7899990081787145,10809.52993443155,0.6731069421222243,0.1389963486310819,-0.21099156591801727,0.7020843056022859,-1.0845377998374484,-0.22850230909589042,-0.2828225789950456,0.6760856954998352,10820.7099609375,1,0.6578642575862936,1,Pre-COVID
2019-03-01,0.34128430824906797,51.78947890139079,-3.280417695230531,0.09586409859967393,-0.13094150466157473,0.016689586186968697,-0.035077406061900795,-0.3550029740616911,0.9174155021167535,0.24542020964939404,-1.0696676134182903,121.3090006718797,0.21034280358749324,-0.2644081343287419,-0.6199989318847692,10808.26845780699,0.6198642507725765,-0.8051360972790911,0.3524104756078783,0.757000235630565,-0.6181374547722718,0.43225367606465337,-0.9387261087567156,0.6756635889088659,10821.2400390625,0,0.0,0,Pre-COVID
2019-03-04,0.3303435918448949,56.5792204643292,-10.995624471448984,0.2902506453720255,0.6578642575862936,0.8196078963680797,0.9481149029583191,-0.27677031613706493,0.9327956426577764,0.04009294647286943,0.7392563227021309,121.8434672489623,0.9882078494311886,-0.13094150466157473,-2.010000228881836,10812.35968315462,0.6411215072618989,0.260262252275667,-0.5253554382502412,0.8800994297839702,-1.4607685752199062,1.2970385691362107,0.0813920651158373,0.6873118589425419,10835.6099609375,1,1.1409784628572783,1,Pre-COVID
2019-03-05,0.0,56.5792204643292,0.0,0.0,0.0,-0.4117591409631749,0.0,-0.27677031613706493,0.8240754567394125,0.0,0.0,121.8434672489623,0.0,0.6578642575862936,-2.010000228881836,10812.35968315462,0.5607270324255725,0.5260613355672072,0.2457014898198162,0.6474487839469006,-1.4607685752199062,2.0914467279955495,0.0,0.680431661636632,10835.6099609375,1,0.5965879573721855,1,Pre-COVID
2019-03-06,-0.22709018648270352,56.5792204643292,-3.74923536071865,0.7454005566595479,1.1409784628572783,-0.2644081343287419,1.8863790195168262,0.48563095048628213,0.8365757476698277,-0.9724907431422514,-1.1622710169706618,120.03910062144891,0.9138882763745748,0.0,-2.010000228881836,10826.284407243758,0.5937829297407389,1.8063488099374636,-0.12677326468346628,0.8672635480340124,-3.592168302064247,3.612674044609121,-2.30324947982794,0.7097778429639946,10835.6099609375,1,0.047047817900125466,1,Pre-COVID
2019-03-07,0.5116780169706736,61.04226349966906,-0.3192860231293393,-0.33673345434508395,0.5965879573721855,-0.13094150466157473,0.25985450302710156,-0.08542587894772025,0.7422016437741213,0.8484114713157576,0.4529478047371249,120.14252783025564,1.1082659743428591,1.1409784628572783,-0.05000019073486328,10843.078154855331,0.5181876590941624,1.7443733603350609,-0.2221455815422435,0.8008716853510379,-3.6322500964759086,2.957955175705207,-0.14364015263506058,0.6981763828828779,10835.6099609375,0,-0.20618006804727917,1,Pre-COVID
2019-03-08,-1.2414728247269968,61.38139101043316,-2.049966059335162,0.4559226994911736,0.047047817900125466,0.6578642575862936,0.502970517391299,-0.10118158994398829,0.7415069453691621,-1.6973955242181704,-0.9720350250619236,118.86779104663808,-1.1944250068268714,0.5965879573721855,-0.31999969482421875,10859.013120815122,0.5175232279945999,1.7922418678372631,-0.5336289214796563,0.7303070832188581,-3.9928866451462652,2.4870651181675196,-1.019082842962049,0.6979344308943706,10835.6099609375,1,1.2020353532001593,1,Pre-COVID
2019-03-11,-0.05693844993863717,58.95808194344972,-2.289080329254034,0.19609938742898292,-0.20618006804727917,0.0,-0.010080680618296256,0.838853617884161,0.7756872081512418,-0.2530378373676201,-1.112811613386,117.73261942791943,-0.26311851798591634,0.047047817900125466,-0.35000038146972656,10872.078844504742,0.5331154905411963,0.43640876145183416,0.17409961160725906,0.9222275738711767,-2.0826142944610715,2.258690665254992,-0.9066315453387208,0.687281529025398,10835.6099609375,1,1.1922438828049886,1,Pre-COVID
2019-03-12,0.2743824666456174,67.09699692478135,-0.26773736932061976,-0.46415081965593963,1.2020353532001593,1.1409784628572783,0.7378845335442197,2.5645617975250667,0.8702761103534329,0.738533286301557,-0.1310960370209835,127.16689191565507,1.4764178198457767,-0.20618006804727917,-0.03999996185302912,10894.002619333094,0.5910833332611729,1.0408921079118727,-0.7102006745796974,0.9986260266092137,-2.0826142944610715,2.6465768297229797,-1.3331313902211428,0.6791905765793077,11060.4201171875,1,0.358369016565141,1,Pre-COVID
2019-03-13,0.11577740112824753,72.90525299980865,1.3422870339588888,0.5135324348214176,1.1922438828049886,0.5965879573721855,1.7057763176264062,4.337387482177557,0.8606076499022616,-0.3977550336931701,-0.025669787909798902,135.49882520710935,1.3080212839332361,1.2020353532001593,0.20000076293945668,10924.165402738976,0.605065130203095,2.197464286304074,-0.2811958109400492,0.9827573991482978,-0.41088156272977017,4.299838481842877,-1.2179136707147875,0.703067338741122,11123.1701171875,1,0.013664659273393553,1,Pre-COVID
2019-03-14,-2.240348232971323,74.3863353229543,1.1920486553255616,1.1906588111393779,0.358369016565141,0.047047817900125466,1.5490278277045189,4.337387482177557,0.7920889404999238,-3.431007044110701,-0.27072234541312135,132.5545821065781,-1.8819792164061822,1.1922438828049886,0.17999935150146307,10955.09390589257,0.5564915103811509,2.7756111590451438,0.07866606147584054,0.9938031468235798,0.2612146763325329,4.951116075261086,-0.6290913619782623,0.7025618991103632,11180.91015625,1,0.7369987382364052,1,Pre-COVID
2019-03-15,0.9165338586244687,74.44390518906899,-0.8507861041411213,0.12066187219443858,0.013664659273393553,-0.20618006804727917,0.13432653146783213,5.557392773779979,0.8365133131217795,0.7958719864300301,-0.5373833708969378,130.0049711590342,0.9301985178978622,0.358369016565141,-0.13000011444091975,10983.846209159788,0.5403286718469068,1.5687626611314398,-0.16994504695062584,1.0730589215650994,0.12357413488510716,5.103080843178143,-0.5510480301703313,0.645929554601834,11237.9201171875,1,0.30936423551506387,1,Pre-COVID
2019-03-18,-0.3358010353999852,77.39534147326862,4.752477129756261,0.8477175606617537,0.7369987382364052,1.2020353532001593,1.584716298898159,6.550009260788725,0.8359325829024049,-1.183518596061739,1.8751046686053652,131.43548932741282,0.40119770283642,0.013664659273393553,0.7200002670288104,11016.661275842396,0.5434637251186912,1.1118236283843341,-0.5578955453922174,0.8532185626503663,-0.4197594041362107,5.185710032448099,1.13810593036896,0.6501286540933258,11316.2099609375,1,0.6124495656707252,1,Pre-COVID
2019-03-19,-0.49154012065074637,78.52475775614066,6.4902315084982565,0.4212019559423297,0.30936423551506387,1.1922438828049886,0.7305661914573935,7.717825804332512,0.7985429083008077,-0.912742076593076,-1.203796449158212,129.19369101084084,-0.1821758851356825,0.7369987382364052,1.0299997329711914,11049.664158766107,0.5196033647275706,1.06245093702797,-0.5542474460505264,0.821989135521586,-1.3595563537453725,5.511117000161092,-1.513160684673276,0.6506893483699738,11375.0400390625,0,-0.09842344657688962,1,Pre-COVID
2019-03-20,-0.18170943974704645,80.59790913640039,-2.426034654832532,-0.03213647047199952,0.6124495656707252,0.358369016565141,0.5803130951987256,8.751604911531174,0.7269193437679637,-0.14957296927504693,0.8860968826640336,129.01615851147858,0.4307401259236787,0.30936423551506387,-0.4099998474121094,11085.422398163062,0.4766886636490441,1.6675149593370575,-0.4858478958614798,0.5335298659563409,-0.045836631519435844,4.959751221852993,0.27364731699330846,0.6557655504191859,11421.280078125,0,0.0,1,Pre-COVID
2019-03-21,0.31368848201247523,79.26548735974215,-2.7895639227256575,0.3145909037229666,-0.09842344657688962,0.013664659273393553,0.216167457146077,7.317807777805374,0.8070008837400837,-0.0009024217104913745,0.6692256591058765,127.17540378286463,0.21526503543558562,0.6124495656707252,-0.45999908447265625,11117.69109494265,0.5084250746517842,0.8243759087825486,1.0194133844969144,0.7215881613498161,-1.6173926337278322,4.234595174952505,0.7676491056827661,0.6300179898375874,11457.15,0,-0.5568018119008533,1,Pre-COVID
2019-03-22,0.0,79.26548735974215,0.0,0.0,0.0,0.7369987382364052,0.0,7.317807777805374,0.8128895120505961,0.0,0.0,127.17540378286463,0.0,-0.09842344657688962,-0.45999908447265625,11117.69109494265,0.5124282794808702,0.5134233251227416,-0.7104992602015692,0.7205830236549244,-1.6173926337278322,4.185578133873902,0.0,0.6303787560340507,11457.15,0,-0.8959700017030503,0,Pre-COVID
2019-03-25,-0.14642438082406173,79.26548735974215,1.4971912716017943,-0.28020728884795565,-0.5568018119008533,0.30936423551506387,-0.837009100748809,6.16448806178822,0.9502797370349748,0.13378290802389392,-0.3086711901213235,125.27494148990739,-0.703226192724915,0.0,-0.45999908447265625,11144.667975600747,0.5683717551487434,-0.6546772349438679,0.15256572697353032,0.8128410636818456,0.14815272325494622,3.8195261166788397,0.24813062177952983,0.5981099384767757,11457.15,1,1.1361384503600025,0,Pre-COVID
2019-03-26,0.5785647503552482,66.793188769722,2.458510186085472,-0.12253883333158688,-0.8959700017030503,0.6124495656707252,-1.0185088350346372,4.357960015517159,0.9970386650293751,0.7011035836868351,-0.8632830048819651,129.82783470791972,-0.31740525134780206,-0.5568018119008533,0.39999961853027344,11160.19257000069,0.6152671356167421,-1.4477830364003408,0.33439615052608396,0.975359017843598,0.9923680953209502,1.6672579238887986,0.032686996821085224,0.6170945592154252,11457.15,0,-0.33266013813597617,0,Pre-COVID
2019-03-27,-0.3199074597372009,72.62308317971213,-1.0797858689380324,0.9162034965709775,1.1361384503600025,-0.09842344657688962,2.05234194693098,5.9799932350020235,0.9610931542475452,-1.2361109563081785,-0.3908061732882273,137.37295674686354,0.8162309906228016,-0.8959700017030503,-0.18000030517578125,11184.122750000639,0.6050522135827268,-0.3280934057946716,-0.3428238594462951,1.2766577738897542,0.0017629793975126873,1.6108891227589295,-1.5269446236482298,0.6295458570405927,11457.15,1,1.0917400749215211,1,Pre-COVID
2019-03-28,-0.7079044406904211,68.77264798279379,3.395994382748313,0.7933031546352831,-0.33266013813597617,0.0,0.46064301649930695,5.907468003372496,0.9738084580035603,-1.5012075953257042,-0.11199887466949443,134.31662892019824,-1.0405645788263973,1.1361384503600025,0.5599994659423828,11203.450679977443,0.6193713151307847,-0.10343623086046527,0.7313872769408869,1.2828783564163977,0.8850835476075236,0.9112355960327223,0.22066126346648174,0.6360299193777791,11457.15,0,0.0,1,Pre-COVID
2019-03-29,-0.5386556592851255,73.6869549847422,-2.346038923338001,0.24321468975936344,1.0917400749215211,-0.5568018119008533,1.3349547646808846,7.204076905258283,1.1019676510764485,-0.7818703490444889,1.4821283986690137,140.7811044391716,0.5530844156363957,-0.33266013813597617,-0.39999961853027344,11230.602481460595,0.6935160163028856,1.9001695400400642,-0.08281317771283714,1.5335741915614647,0.8850835476075236,1.9989861812090837,0.39038832374749255,0.6293433527882902,11461.8900390625,1,0.8569610252809001,1,Pre-COVID
2019-04-01,0.0,73.6869549847422,0.0,0.0,0.0,-0.8959700017030503,0.0,7.204076905258283,1.0694306846009218,0.0,0.0,140.7811044391716,0.0,1.0917400749215211,-0.39999961853027344,11230.602481460595,0.6688641949390998,0.7554481527442203,0.18739692701594812,1.4311755514918687,0.8850835476075236,1.2527546569577108,0.0,0.6254395020297701,11461.8900390625,1,0.37748939051200914,1,Pre-COVID
2019-04-02,1.0562071435854081,73.6869549847422,8.168172021085084,-1.1661267657387286,0.8569610252809001,1.1361384503600025,-0.3091657404578285,7.204076905258283,1.17192858824627,2.2223339093241368,1.759521998008573,137.14950636888187,1.9131681688663082,0.0,-0.39999961853027344,11265.479634766749,0.7068293757664732,1.9580568871418569,-0.10071898535858326,1.0668049988906063,-1.06009718553971,1.8055014899943211,0.9025609727276729,0.6031334867485515,11461.8900390625,0,-0.5912133221091298,1,Pre-COVID
2019-04-03,-1.214255736949299,75.39210534719308,0.3886712600478459,-0.2859906400782375,0.37748939051200914,-0.33266013813597617,0.09149875043377165,6.6052631602336875,1.1766306405588585,-0.9282650968710615,0.9327268537372868,134.4805057801143,-0.8367663464372899,0.8569610252809001,0.0699996948242152,11298.6441207331,0.694707770687765,1.2376853527441556,-0.3380427235103234,0.9743352397605495,-1.2347434318063288,1.567755181605368,0.5552374632252777,0.590421281431308,11461.8900390625,0,-0.3946272059030087,1,Pre-COVID
2019-04-04,-0.6635034202029377,67.93847514858192,3.8716856520648157,-0.2684631699495621,-0.5912133221091298,1.0917400749215211,-0.8596764920586919,5.346514026169369,1.2431367101741257,-0.39504025025337564,-0.15917912168013082,133.5457384729741,-1.2547167423120675,0.37748939051200914,0.7000007629394567,11324.222348479723,0.7314143807475962,0.63915466994382,-0.4120153048117192,1.0643216244628422,-1.7581585154427315,1.066746457210832,0.432034200428999,0.5883619835511362,11461.8900390625,1,0.5858785593421345,1,Pre-COVID
2019-04-05,1.2998327842117852,63.45552721499579,-0.6922314343027369,-0.23142783410941004,-0.3946272059030087,0.0,-0.6260550400124187,4.881443590760082,1.2495261370785165,1.5312606183211952,-1.3666044681957312,131.2036400099106,0.9052055783087765,-0.5912133221091298,-0.13000106811523082,11344.502174518262,0.7483722037546098,-0.6097306851247875,-0.08736522383587797,0.9022956768604172,-0.7504022773006658,0.6679095795696588,-0.9719772622927225,0.5989248095117131,11461.8900390625,0,-0.5267483083991831,0,Pre-COVID
2019-04-08,-0.49790423329716393,66.93058798650719,-1.3941031324392394,0.015193954504155727,0.5858785593421345,0.8569610252809001,0.6010725138462902,5.713882436229278,1.2142214440497825,-0.5130981878013197,1.132119825029032,130.5471475137974,0.08797432604497057,-0.3946272059030087,-0.26000022888183594,11368.313139021539,0.7291753982636344,-0.40339103927301556,0.1748721536179998,0.9777971714224752,-0.7504022773006658,1.8246628456206393,0.5462412656868976,0.6005291717713367,11658.0501953125,1,0.5812417192683883,0,Pre-COVID
2019-04-09,0.2285304845729974,61.257527569152785,9.570420268053525,-0.2688415841176961,-0.5267483083991831,0.37748939051200914,-0.7955898925168792,3.908025151618788,1.1122003219726815,0.4973720686906935,0.6606786802960896,129.07055388695787,-0.29821782382618567,0.5858785593421345,1.760000228881836,11385.80846205698,0.6758475205898224,-0.33880422580629954,0.27490882832112984,0.8728745812047741,0.7297318454939195,2.2040205209503005,1.1874269886952726,0.6076670786067286,11645.1201171875,0,-0.7509489773200095,0,Pre-COVID
2019-04-10,0.3858761669560007,64.78574913074027,0.6451666033565617,0.31856493774071737,0.5812417192683883,-0.5912133221091298,0.8998066570091057,3.2806250096673706,1.021424076705173,0.06731122921528332,0.5824067466816407,128.6358062072382,0.967117886224389,-0.5267483083991831,0.13000106811523082,11407.004146001835,0.612068628718107,0.6376116167658319,0.5675161666817363,1.0129130654884946,0.9251281189009308,1.6432647143665768,0.0011650274132524174,0.5992306648873267,11636.8701171875,1,0.10704480058416621,0,Pre-COVID
2019-04-11,1.5502438408583452,57.462431906937404,4.191313833045496,-0.2796376470345141,-0.7509489773200095,-0.3946272059030087,-1.0305866243545236,2.13900566226628,1.0681292833271452,1.8298814878928593,-0.7595351684506091,130.8939506660648,0.7992948635383357,0.5812417192683883,0.8499984741210938,11420.13715775633,0.662091825713584,-0.6999034734248011,-0.4179507556997697,1.0218165964966635,1.4202199070479704,1.2166832156813134,-0.008586191130599552,0.6198611309900643,11624.9400390625,1,0.40313191867198395,0,Pre-COVID
2019-04-12,-0.28508665162981783,58.182628865010166,-0.8045436963840302,-0.16542919322821703,0.10704480058416621,0.5858785593421345,-0.05838439264405082,2.234370178850864,0.9222849214677725,-0.1196574584016008,-0.7775437294338716,128.90369083767268,-0.17804185104565162,-0.7509489773200095,-0.1700000762939453,11433.215901279009,0.5686319171171698,-0.06721362133224051,-0.17557284786120508,0.9927351255982798,0.6312525198504781,0.23077091886343215,-0.8845885300180378,0.6165469084325814,11624.680078125,1,0.40279653604204935,1,Pre-COVID
2019-04-15,-0.027248206675012376,60.872269262091905,0.19084407096647826,0.10868731957804911,0.40313191867198395,-0.5267483083991831,0.5118192382500331,1.895540707561194,0.948563455728757,-0.1359355262530615,0.2289775232680924,127.24113231973271,0.37588371199697157,0.10704480058416621,0.04000091552734375,11448.788811948156,0.580859936910819,-0.2441751337445397,0.41915204278275553,0.9502366572964844,0.4958085954035685,0.6348331487683767,-0.17415439540389155,0.6123574899580154,11620.180078125,1,0.8280400884877803,1,Pre-COVID
2019-04-16,-0.4950920994008401,63.414510980429526,1.8571399507068653,0.1506677615083829,0.40279653604204935,0.5812417192683883,0.5534642975504322,1.990450438614766,0.8623794670737953,-0.645759860909223,1.2733286253712173,125.86278082293474,-0.09229556335879074,0.40313191867198395,0.38999938964844105,11466.682204350143,0.5273307485624619,0.9154614994044685,-0.3874365421294157,0.8666640516914003,-0.9824184890307563,0.18166891367714655,0.8705320893291679,0.6114834230290171,11637.35,0,0.0,1,Pre-COVID
2019-04-17,-0.8275112499913195,68.0314231435261,1.4025299344064601,0.5906921836034584,0.8280400884877803,-0.7509489773200095,1.4187322720912388,2.2089937165821416,0.9664006336303081,-1.418203433594778,-0.17872868638748596,129.84594780696,0.0005288384964607928,0.40279653604204935,0.30000114440917613,11490.420588518651,0.5781259559465601,1.6422792010220455,0.9383820601074122,0.94479731244003,-0.7626964584338647,0.6313406590804593,-1.0067687748752663,0.5982259693665302,11660.3900390625,0,-0.29142400664389223,1,Pre-COVID
2019-04-18,0.0,68.0314231435261,0.0,0.0,0.0,0.10704480058416621,0.0,2.2089937165821416,0.8930277279154542,0.0,0.0,129.84594780696,0.0,0.8280400884877803,0.30000114440917613,11490.420588518651,0.5320151784694743,1.234171941323292,0.10744102601316641,0.517814800910904,-0.7626964584338647,1.2298248696576142,0.0,0.5957431799144978,11660.3900390625,0,0.0,1,Pre-COVID
2019-04-19,0.207546516929491,68.0314231435261,4.840936888921865,-0.7172077826834156,-0.29142400664389223,0.40313191867198395,-1.0086317893273078,2.2089937165821416,0.866361131763143,0.9247542996129066,-0.034818903452860095,127.98897045619343,-0.08387748971440123,0.0,0.30000114440917613,11511.287271395111,0.5217476710142435,0.5342029742414045,-0.6925679972427878,0.6816840026088374,-1.0135888749519206,1.3347111975124948,0.25660510319103214,0.6022288533025388,11660.3900390625,0,-1.3473352052831178,0,Pre-COVID
2019-04-22,0.0,68.0314231435261,0.0,0.0,0.0,0.40279653604204935,0.0,2.2089937165821416,0.8315162735842115,0.0,0.0,127.98897045619343,0.0,-0.29142400664389223,0.30000114440917613,11511.287271395111,0.49769539523296275,-0.29142400664389223,-0.028824184348141824,0.7126891099268967,-1.0135888749519206,0.7444709425375118,0.0,0.5985395727789171,11660.3900390625,0,-0.15955909670886115,0,Pre-COVID
2019-04-23,0.024789905691124936,68.0314231435261,5.760771676023491,-0.42431038727445136,-1.3473352052831178,0.8280400884877803,-1.7716455925575691,2.1155091292907935,1.029525568400168,0.4491002929655763,0.4434260543280333,126.17322143563034,-1.3225452995919929,0.0,0.30000114440917613,11517.901112177939,0.6517856488269578,-1.6348327536888418,-0.030262023821225892,1.1929588895899073,-0.06781351053156692,-0.08660265144987411,1.790761259611151,0.6330932117954564,11660.3900390625,1,1.2975193636658888,0,Pre-COVID
2019-04-24,1.2725865450405882,65.73498067256259,2.4948041600980186,-0.5418989837333577,-0.15955909670886115,0.0,-0.7014580804422188,0.8072644531164963,1.0279029928150232,1.8144855287739459,0.09721122244517044,124.78472550462945,1.113027448331727,-1.3473352052831178,0.6000003814697301,11522.20104426198,0.6187950213650432,-1.5047445061087905,1.0128307143405513,0.9237239519348814,-0.2603468538695308,-0.8224846610342285,0.2567703191540316,0.6019974896343243,11660.3900390625,0,-0.7193374050953438,0,Pre-COVID
2019-04-25,-0.5498178813374333,73.54340513705469,-3.813389649511345,-0.00476491969618742,1.2975193636658888,-0.29142400664389223,1.2927544439697014,2.4560887958947175,1.1019166552983322,-0.5450529616412458,1.2621923826275694,135.99088840609537,0.7477014823284556,-0.15955909670886115,-0.9400005340576207,11537.308403251833,0.7053219837418392,-0.2267494937833514,-0.434607336502002,1.4167504484206195,-0.2603468538695308,1.2245072065564244,-0.03532698103831944,0.6400865076684853,11660.3900390625,1,0.9693568677590747,1,Pre-COVID
2019-04-26,0.5454268932811979,64.6353151997321,-2.0244603997082056,-0.28348483732499874,-0.7193374050953438,0.0,-1.0028222424203426,0.6205687527009562,1.1466867511759093,0.8289117306061966,-0.10720482522529329,136.86671461340774,-0.17391051181414596,1.2975193636658888,-0.4799995422363281,11545.048507061883,0.7542462821238126,0.40838167034555894,0.48424418217407617,1.5127368268921235,0.9452030528504629,0.3889003648919864,0.6121325798700505,0.6577613992973026,11660.3900390625,0,0.0,1,Pre-COVID
2019-04-29,-0.7665473404479872,69.89005503199724,-6.5002163522921546,0.5601733972153466,0.9693568677590747,-1.3473352052831178,1.5295302649744213,0.6205687527009562,1.2055133602843566,-1.3267207376633339,0.9273605491032288,141.50099771703654,0.20280952731108748,-0.7193374050953438,-1.5100002288818395,11560.574572511003,0.8040314385992036,1.5437194554003941,0.09159086973449249,1.6341251784098767,0.9452030528504629,0.9550450549208112,-0.041996318655845855,0.6669618645196908,11658.6001953125,0,-0.05529726349993158,1,Pre-COVID
2019-04-30,0.0,69.89005503199724,0.0,0.0,0.0,-0.15955909670886115,0.0,0.6205687527009562,1.1969794606610025,0.0,0.0,141.50099771703654,0.0,0.9693568677590747,-1.5100002288818395,11560.574572511003,0.797125541368144,0.24304651612505612,-0.45325082220423196,1.2669712517813931,0.9452030528504629,0.5500330049875934,0.0,0.6659475516883582,11658.6001953125,0,0.0,1,Pre-COVID
2019-05-01,-0.5703851623903855,69.89005503199724,0.5064484982922224,-0.7733238884391258,-0.05529726349993158,1.2975193636658888,-0.8286211519390574,0.29838297587099216,1.1380327629667528,0.2029387260487403,1.2175575762122914,137.87996849932983,-0.6256824258903171,0.0,-1.5100002288818395,11575.49223698546,0.7498180698478663,0.9135235764377025,-0.043247289179293436,1.2568912288211544,0.6650843989769895,-0.33086877411031557,1.272854839712223,0.6588721292868162,11658.6001953125,0,-0.1991836148409698,1,Pre-COVID
2019-05-02,0.0,69.89005503199724,0.0,0.0,0.0,-0.7193374050953438,0.0,0.29838297587099216,1.1390551085788654,0.0,0.0,137.87996849932983,0.0,-0.05529726349993158,-1.5100002288818395,11575.49223698546,0.7498180698478663,-0.05529726349993158,-0.3664113327851548,0.9449976872800873,0.6650843989769895,-0.33086877411031557,0.0,0.6582807663006457,11658.6001953125,0,-0.10661208128105448,0,Pre-COVID
2019-05-03,-0.9834826474562908,69.89005503199724,5.267978115205807,0.010363857424000589,-0.1991836148409698,0.9693568677590747,-0.18881975741696921,1.0928608380755378,1.1315644388632256,-0.9938465048802914,-1.8060098220951004,134.7695461124961,-1.1826662622972606,0.0,-1.5100002288818395,11587.362515634628,0.7468144273742635,-0.2543707352525515,0.11055360824425708,0.7421752831052405,-1.3584189135490088,-0.23866487265709058,-1.6068262072541306,0.6599840023351741,11658.6001953125,0,-0.973339879186319,0,Pre-COVID
2019-05-06,-0.655925032624749,68.26265538842203,4.569195671563531,0.9331461108469719,-0.10661208128105448,0.0,0.8265340295659174,0.39687984186751457,1.1486868543982718,-1.5890711434717208,-1.894383817293499,132.4166066308299,-0.7625371139058035,-0.1991836148409698,1.0500011444091797,11596.613440402434,0.7472361009410274,-0.3055833423246668,-0.29942183143212286,0.13491501194634622,-1.3336164905909498,-0.3450225083501124,-1.7877717360124445,0.650513321332985,11658.6001953125,0,-0.8652133673183404,0,Pre-COVID
2019-05-07,0.6403822180939378,55.55699832649334,9.987513732631959,-0.14737680777962003,-0.973339879186319,-0.05529726349993158,-1.120716686965939,-0.053858416993413094,1.039455098937845,0.7877590258735578,0.11433213822944488,137.69322574671938,-0.33295766109238123,-0.10661208128105448,2.3999996185302734,11596.73466703929,0.6804668718347499,-1.2759488569759947,-0.36932412926069524,0.6193411236866866,-1.3336164905909498,0.032772616411214095,1.087672017415764,0.6546380622175324,11658.6001953125,0,-1.2041345863927244,0,Pre-COVID
2019-05-08,0.413081321424813,47.22447386344226,0.18917607447304086,-0.24980087320572997,-0.8652133673183404,0.0,-1.1150142405240704,-1.4911801522028312,1.138878756265756,0.662882194630543,0.15144845848793498,140.37934382424012,-0.4521320458935274,-0.973339879186319,0.049999237060546875,11589.41360952712,0.7339553318302083,-1.9347927194609649,0.3358486686724005,0.6882956889296027,-0.4617745046110344,-0.6742410201376337,1.0166618258062754,0.6444543176157488,11658.6001953125,0,-0.5075103956069027,0,Pre-COVID
2019-05-09,-0.3792433769767345,38.61856851022201,-0.4154029641408319,0.20099922153644645,-1.2041345863927244,-0.1991836148409698,-1.003135364856278,-1.9409857580172107,0.9395374995943728,-0.5802425985131809,-0.45954102303890076,147.69509081954976,-1.583377963369459,-0.8652133673183404,-0.10999870300292969,11572.37928254826,0.6379220447033453,-3.012229116416576,0.7344414889523865,0.7056512688122396,-0.4617745046110344,-3.127200173090694,0.7445935633538237,0.6789745432032273,11578.5201171875,0,-0.20261741013145596,0,Pre-COVID
2019-05-10,0.21373952257028872,35.70111103752183,-3.337129465714561,0.1288162125306247,-0.5075103956069027,-0.10661208128105448,-0.378694183076278,-2.5429681345405575,0.9627899250497027,0.08492331003966402,0.44360463299317754,143.22366399673479,-0.293770873036614,-1.2041345863927244,-0.8800010681152344,11552.336358262277,0.626431215819696,-2.555990734054703,0.14303886265605303,0.6177871486020405,1.0912723722460882,-2.920510622963135,0.9511150286000802,0.6506416399102621,11493.930078125,0,-1.1588026384304118,0,Pre-COVID
2019-05-13,-0.15720368450532485,34.58351639519152,3.3346425621895603,0.7423522611597067,-0.20261741013145596,-0.973339879186319,0.5397348510282507,-3.1309431360325046,0.6882808390780051,-0.8995559456650315,-1.1358811644380018,139.16570931800342,-0.3598210946367808,-0.5075103956069027,0.8500003814697266,11532.081842140997,0.4479854970681203,-1.904695575364046,0.571349112517594,0.5781456089006725,1.1824655198041878,-4.0473343246298255,-0.9332637543065458,0.6508760255470668,11407.26015625,1,0.6624352638199937,0,Pre-COVID
2019-05-14,-3.213663726247118,29.00291741672629,3.948363713568659,-0.15161316974150463,-1.1588026384304118,-0.8652133673183404,-1.3104158081719164,-4.637580843841715,0.7311568970286649,-3.0620505565056138,0.035738798791840054,145.4691075808113,-4.37246636467753,-0.20261741013145596,1.039999008178711,11503.646164598144,0.4785764332331852,-1.859685076018669,-0.6923775406933563,0.6077262470501545,0.9068989122579474,-5.159236346120322,1.1945414372222518,0.6545468354397633,11317.2501953125,0,-0.5796606308085428,0,Pre-COVID
2019-05-15,0.8620914284697134,35.35083440640591,-0.9130752653865315,-0.07188983782278058,0.6624352638199937,-1.2041345863927244,0.5905454259972132,-4.794208669696431,0.8977428183416903,0.933981266292494,-1.2068078133569804,143.40120768982808,1.5245266922897072,-1.1588026384304118,-0.25,11482.787174975134,0.5965126977960618,-0.7056398217824,0.9932370105801613,1.1078113935847547,1.896696538082998,-4.478156717821102,-1.8692430771769741,0.6644583343013148,11262.080078125,1,0.8971910851931497,0,Pre-COVID
2019-05-16,-0.43544072526142674,32.586967292301736,5.639516159138269,-0.15830149997158038,-0.5796606308085428,-0.5075103956069027,-0.7379621307801232,-4.794208669696431,0.8658828458139749,-0.27713922528984636,0.0891329538786012,140.3923539561843,-1.0151013560699695,0.6624352638199937,1.5300006866455078,11458.654791643643,0.5751119720452004,-1.0807825798898163,-0.438984342005877,0.9580372579390942,1.8102106871606738,-5.031859237150527,0.668793584687144,0.6641914373739289,11221.5900390625,1,1.3329435330307948,1,Pre-COVID
2019-05-17,-1.1112549030682595,40.3194881108087,-1.0118597687462927,-0.06252978336449555,0.8971910851931497,-0.20261741013145596,0.8346613018286542,-4.217720062880625,1.0548362423998021,-1.048725119703764,0.9964010271956036,142.52472108494302,-0.21406381787510975,-0.5796606308085428,-0.28999900817871094,11443.724778142263,0.7263115140843004,0.9768340373748297,-0.13910593482845401,1.1522615918110115,0.8980990080498019,-3.9885745165142095,0.09920994200245392,0.6885538103302403,11212.65,1,3.6915407876193296,1,Pre-COVID
2019-05-20,-2.8299026160808816,49.64387159913418,-1.0222097530793839,0.7285517875183167,1.3329435330307948,-1.1588026384304118,2.0614953205491116,-4.217720062880625,1.2537818706162314,-3.5584544035991983,-0.5685930047382937,151.13296270070055,-1.4969590830500867,0.8971910851931497,-0.2900009155273473,11441.015564252095,0.9109553798125952,1.649436503660695,0.036751042655991384,1.2849351902098363,0.5514106420136722,-2.604961552007512,-1.9015365377690885,0.7265660806209331,11238.3,0,-1.0073374389702572,1,Pre-COVID
2019-05-21,-3.0169007591857033,65.79514078463396,-15.66951435357964,0.7551203815229224,3.6915407876193296,0.6624352638199937,4.446661169142252,2.0164803052241442,1.5139426665943154,-3.7720211407086257,0.7877084565845349,195.014015590607,0.6746400284336262,1.3329435330307948,-4.39999961853027,11469.699596529717,1.505436907324944,6.0164022586716825,0.06620795794669565,1.3690888569003492,-1.296813526744156,1.9830577888905632,-2.9038323310347947,0.9943817162905516,11374.3099609375,1,0.24596922232125173,1,Pre-COVID
2019-05-22,0.7992455161859646,59.93718633740834,8.319253749857047,-0.45983624676787516,-1.0073374389702572,-0.5796606308085428,-1.4671736857381323,1.1502244897046765,1.504769046846818,1.2590817629538398,-1.26031736537896,192.7049320014427,-0.20809192278429256,3.6915407876193296,1.9699993133544957,11487.432930814552,1.5173041774617084,4.015243852187034,-0.21911786847869097,1.5909940698633107,-2.2045994394316315,1.836850308098037,-0.2529799264087029,1.008330268681882,11471.719921875,0,-0.6887993870017373,1,Pre-COVID
2019-05-23,0.020276580700562263,60.844665352888335,7.71929657576258,0.4746198384048661,0.24596922232125173,0.8971910851931497,0.7205890607261178,0.10020338822700481,1.4381677728398556,-0.45434325770430384,-0.6393107318717117,182.6614749220836,0.266245803021814,-1.0073374389702572,1.9799995422363246,11505.986075985697,1.4361280742707614,2.8994971458588648,0.0,1.5271807137296174,-2.3660309683304237,3.3315890188828634,-0.8852799541929635,0.9985817379923043,11587.9,1,1.6046067214389392,1,Pre-COVID
2019-05-24,0.5331157524865127,56.945109349692345,-29.750269862572175,0.30323461670139773,-0.6887993870017373,1.3329435330307948,-0.38556477030033953,0.13099349117702275,1.4382648536790368,0.22988113578511493,-0.8125849559453946,176.85805626059755,-0.1556836345152246,0.24596922232125173,-8.219999313354492,11517.17598181546,1.4490650294222354,-1.447383977448058,-0.22102423999255105,1.6772659282280422,-1.242622408513816,3.1433046606670345,-0.12378556894365733,1.0075091702141963,11667.8900390625,1,0.6809330661248669,1,Pre-COVID
2019-05-27,-0.30011379363372725,62.87348377144381,-15.146834400668997,1.0375324965774757,1.6046067214389392,3.6915407876193296,2.642139218016415,0.7609687721664704,1.4229948879374281,-1.337646290211203,0.1994999680111187,186.1130224571011,1.304492927805212,-0.6887993870017373,-2.940000534057617,11541.39254681987,1.4888908830286003,1.1529494538752738,-0.03930682174525524,1.6468146951762908,-0.9623356590824361,5.011119871399816,-1.4051067534278205,1.0463079632312566,11755.2798828125,1,0.03354368016101894,1,Pre-COVID
2019-05-28,-1.650331661913229,65.10456629443235,-1.7000533756540093,0.7130599153827522,0.6809330661248669,-1.0073374389702572,1.393992981507619,0.7609687721664704,1.304015593234406,-2.3633915772959813,-0.08477422121053735,180.00117154615413,-0.9693985957883622,1.6046067214389392,-0.279998779296875,11569.789395203585,1.3700681473259453,1.591848653991268,-0.8363701294231918,0.8965071432599998,0.7205599939938523,6.965696624411333,-0.7657072873354043,1.050653193338973,11774.5798828125,0,-0.5671205333752538,1,Pre-COVID
2019-05-29,-0.16434005112876404,65.21621314992106,-1.6676988811439197,-0.19074516782328077,0.03354368016101894,0.24596922232125173,-0.15720148766226183,1.5372599376929807,1.3310815053831007,0.026405116694516728,1.3203318767533778,171.90601534000004,-0.1307963709677451,0.6809330661248669,-0.27000045776367365,11596.379069632949,1.3855137882992306,2.330780084711015,0.5190320172774543,0.7203664268505588,0.632062609969064,6.297425226337072,1.2867881965923589,1.0408932755529163,11818.5099609375,1,0.7149487319284775,1,Pre-COVID
2019-05-30,0.22415912238383795,61.62508871872776,3.077887994785944,-0.38974436231571374,-0.5671205333752538,-0.6887993870017373,-0.9568648956909676,1.5372599376929807,1.3223319731024998,0.6139034846995517,0.6569564616951462,165.91266511758337,-0.34296141099141586,0.03354368016101894,0.48999977111816584,11615.98799850273,1.38431140162796,0.14353138322598102,0.22231608804224035,0.8017340182022885,1.1005527926332137,6.310832745137573,1.2240769950704,1.0468713073978002,11843.1498046875,0,-0.19337668306382838,1,Pre-COVID
2019-05-31,-0.8322216289177842,64.280287607069,-4.875077380704695,0.05687895523587283,0.7149487319284775,1.6046067214389392,0.7718276871643504,1.8861842736518808,1.3126334048173383,-0.889100584153657,0.8304129893845769,163.06168086232196,-0.11727289698930665,-0.5671205333752538,-0.8000001907348633,11640.425953474749,1.3814878098548717,0.17736548460134394,-0.08586412678890376,0.6834088564567626,0.0892433568574047,6.118812173220545,0.11546425745609934,1.052455167340383,11900.919921875,1,1.3901936014629301,1,Pre-COVID
2019-06-03,-0.03790684892873708,63.00147122748242,2.946829264984685,-0.3193500746164979,-0.19337668306382838,0.6809330661248669,-0.5127267576803263,1.797688784712581,1.306524383083191,0.2814432256877608,1.0207989775650184,157.21718982026223,-0.23128353199256546,0.7149487319284775,0.46000003814697266,11661.342535046064,1.3763251255258986,-0.049881130147755304,0.2363401987500069,0.4676847327921034,1.3914429224267222,4.520405152949403,1.2141756606288467,1.0534247528908236,11916.6599609375,0,-0.5534114111566901,1,Pre-COVID
2019-06-04,-0.42627828685644076,67.93125201972438,-0.6222739868975702,-0.5033482306472381,1.3901936014629301,0.03354368016101894,0.886845370815692,4.227360202509001,0.8368400619647761,0.07706994379079735,1.2369515411240206,166.41393104735204,0.9639153146064894,-0.19337668306382838,-0.09999942779541016,11692.987517982467,0.8757255326878899,1.9176147473942695,-0.5864538024266008,0.6494340194184653,1.560718394807581,2.200662014139887,-0.15324206033890952,1.0464670280580646,11949.419921875,0,0.0,1,Pre-COVID
2019-06-05,-0.660765413403186,64.21234642523865,-2.128992779604677,0.34932639109588326,-0.5534114111566901,-0.5671205333752538,-0.20408502006080687,4.555179486743932,0.7736912430022389,-1.0100918044990692,-1.5607642311741832,161.15976237645503,-1.214176824559876,1.3901936014629301,-0.3400001525878906,11717.332915955987,0.814591163911207,0.6341087529864842,-0.5860312084264407,0.7283189109523751,1.9340980873096214,2.669298167040557,-1.007352820017493,1.052863362745183,11968.0,0,-1.4798333410505293,0,Pre-COVID
2019-06-06,0.0,64.21234642523865,0.0,0.0,0.0,0.7149487319284775,0.0,4.555179486743932,0.7953672602169313,0.0,0.0,161.15976237645503,0.0,-0.5534114111566901,-0.3400001525878906,11717.332915955987,0.8189900200016659,0.8290887002785796,0.5755974861638258,0.6827396956677155,1.9340980873096214,2.417382926733902,0.0,1.0297004426593508,11968.0,1,0.22712730870713127,0,Pre-COVID
2019-06-07,-0.34456479215578817,64.21234642523865,-0.6397977014557688,-0.8363207207469636,-1.4798333410505293,-0.19337668306382838,-2.316154061797493,4.7952556643918065,0.8941477395584567,0.49175592859117545,-0.5780777935601056,154.7192203096525,-1.8243981332063175,0.0,-0.3400001525878906,11727.386704672299,0.947082718654139,-2.025055185631741,0.09344802140267561,0.8709171846835958,3.250709677875774,1.6016075974679689,0.9017555474904237,1.0592016024470492,11968.0,1,0.43847475053773177,0,Pre-COVID
2019-06-10,-1.428942921676446,65.16995900593662,-4.314231087019871,0.4506707905794993,0.22712730870713127,1.3901936014629301,0.6777980992866306,5.246522085538241,0.7681512240941275,-1.8796137122559453,0.6104758425482748,149.91752478919872,-1.2018156129693147,-1.4798333410505293,-0.6700000762939453,11737.998829557684,0.8033929297940245,-1.2560671379842847,-0.38060953629937,0.8862404148394264,1.8480018806019238,0.22416884462017617,0.38334853384114354,1.0458786037406138,11968.0,1,0.35981290613484873,0,Pre-COVID
2019-06-11,0.38185994620956176,67.0094247628045,0.807536260642916,-0.5432535529045768,0.43847475053773177,-0.5534114111566901,-0.104778802366845,6.947309757907427,0.7486262463341663,0.9251134991141385,1.56767932273576,145.82545507772213,0.8203346967472935,0.22712730870713127,0.11999988555908203,11751.680412206188,0.7848525738926726,-0.8230999246964132,-0.0216254174112529,0.6735773515561584,0.914681099892678,-0.01718949820751492,1.1292045721980282,1.0483904053071007,11968.0,0,-0.49641819885031246,0,Pre-COVID
2019-06-12,-0.3986186737353181,68.48665817432936,-3.2710266094241325,0.38598190082330674,0.35981290613484873,0.0,0.7457948069581555,6.6257931271782144,0.7555728872720006,-0.7846005745586249,0.5237570081655152,142.33619387985897,-0.03880576760046939,0.43847475053773177,-0.48999977111816406,11767.526278663136,0.7930916213728684,1.0288093667546239,0.2574047318638417,0.6969298649177361,-0.15360932983743414,0.30891425652310733,0.16394410203066645,1.0496560089136762,11968.0,1,0.06592875347493088,1,Pre-COVID
2019-06-13,-0.2841980158188262,64.20008427077559,-2.553484412722873,-0.4623064768125129,-0.49641819885031246,-1.4798333410505293,-0.9587246756628254,6.715068524805057,0.7466388745159018,0.1781084609936867,-0.13466838814847337,139.23296828962756,-0.7806162146691387,0.35981290613484873,-0.36999988555908203,11777.798420637164,0.7874354717662134,0.2994764694239205,-0.1970571684167699,0.7136416841300374,-0.15360932983743414,0.38023950074455026,0.3617498107018391,1.0546403335911205,11901.780078125,0,-0.7617057296864349,0,Pre-COVID
2019-06-14,-0.44005195725044244,64.51615594004397,-3.2577906648386556,-0.032341553471693096,0.06592875347493088,0.22712730870713127,0.03358720000323778,5.835874409118547,0.7133931060214082,-0.40771040377874934,-0.6657125741639236,136.55397225726045,-0.37412320377551156,-0.49641819885031246,-0.46000003814697266,11787.891115752003,0.7516249980285405,-0.07255395575912482,0.45181622072021366,0.32931352957833443,-0.43348263684567234,-0.26662356872233506,-0.7316413276388545,1.053591619561636,11915.8400390625,0,-1.2784029548381648,0,Pre-COVID
2019-06-17,-0.035982221642139045,58.1267182185654,1.7569529560692576,-0.4061310710256172,-0.7617057296864349,0.43847475053773177,-1.167836800712052,3.6481452405897397,0.7392967792375124,0.37014884938347814,-0.2966268415061868,138.32897582608405,-0.797687951328574,0.06592875347493088,0.2399997711181623,11790.513981599077,0.7865191930667441,-1.1892409016929562,0.14348078607504533,0.4708355533819414,1.1606410971822356,-0.8345355254634201,0.4650788881802481,1.0638747727320086,11906.369921875,1,0.1657758744313398,0,Pre-COVID
2019-06-18,-0.061352564756689265,49.35868379381476,5.395683601315815,0.1642206578200689,-1.2784029548381648,0.35981290613484873,-1.114182297018096,-1.3197185498700192,0.6296043582807826,-0.22557322257675816,-0.24587845932413366,147.81980118468954,-1.339755519594854,-0.7617057296864349,0.75,11781.74630819359,0.6769887936868205,-1.9657808607959182,-0.04226771828429454,0.7999242895694507,0.4931332997949456,-3.4445770649928154,1.0325244955140311,1.075260653329127,11856.2599609375,0,-0.0004259905700743083,0,Pre-COVID
2019-06-19,-0.8967849924840676,50.390358885356044,-0.34129172943664354,0.09104805353021828,0.1657758744313398,-0.49641819885031246,0.25682392796155806,-0.15030711123943385,0.6503538408234957,-0.9878330460142859,0.5810860326626921,143.69916102673082,-0.7310091180527278,-1.2784029548381648,-0.04999923706054332,11775.061396475545,0.690784343472186,-1.8679610068436991,0.4901826241101803,0.7607577408852658,1.5629114941020816,-2.7462983858062118,0.4153101582313523,1.0621669313622577,11801.4400390625,1,1.2000205478679637,0,Pre-COVID
2019-06-20,-1.5967824317763113,50.38751348364336,0.8904051874655705,0.03699723586699788,-0.0004259905700743083,0.06592875347493088,0.03657124529692357,-0.395728313980237,0.6673314752887407,-1.6337796676433092,-0.24383400022974788,140.12787315024997,-1.5972084223463856,0.1657758744313398,0.1299991607665998,11768.867974167171,0.6907654501348466,-1.1151676059396376,-0.4956372215849214,0.8048516581570452,0.8129772595914408,-2.7467126774041284,-0.24340800965967357,1.0351159440954487,11758.4900390625,0,-0.9098433505187353,0,Pre-COVID
2019-06-21,1.861400413559422,57.643375430407836,-4.955869415631353,0.1799926188854828,1.2000205478679637,-0.7617057296864349,1.3800131667534465,1.4986655992689446,0.6603779224200235,1.6814077946739392,0.2103459474728897,148.0386306885498,3.0614209614273857,-0.0004259905700743083,-0.7299995422363281,11773.525902006639,0.6916561236936833,1.367353949647443,0.15051008077435757,1.1670098591117026,3.2366632819708974,-0.10131926121371704,-0.989674600395074,1.047364092810674,11742.030078125,0,-0.2085381356743965,1,Pre-COVID
2019-06-24,-0.5529813513432624,51.428338189663116,4.357140404837478,0.4135978540828811,-0.9098433505187353,-1.2784029548381648,-0.49624549643585425,-1.0131627051246372,0.6961688212970577,-0.9665792054261435,-0.781701256428069,150.46959841965992,-1.4628247018619978,1.2000205478679637,0.6099996566772461,11769.864695145036,0.7404430110887895,0.27883171000300244,-0.12881632137843324,1.2887494131491057,1.7885192512277381,-1.2345640417962267,0.12814209409066635,1.0635969155292333,11722.1900390625,1,0.8273734808782462,1,Pre-COVID
2019-06-25,0.087831005930461,50.10696204085156,4.175226726119541,0.12267280605388065,-0.2085381356743965,0.1657758744313398,-0.08586532962051585,-1.8876673253108045,0.687991437206511,-0.03484180012341964,-0.012353762040240301,146.00651915120525,-0.12070712974393549,-0.9098433505187353,0.6100006103515625,11764.663635550958,0.7138481979025374,0.07013839323188886,-0.3010866584650884,1.035546628322236,3.695896222833439,-1.8707994081340162,0.1961843736341562,1.0375829686663178,11727.6900390625,1,0.4331778503613437,1,Pre-COVID
2019-06-26,-0.25536392238039163,55.033146296058824,-1.3797636955493187,-0.02677700657138793,0.8273734808782462,-0.0004259905700743083,0.8005964743068583,-1.109083556009638,0.7369177791071201,-0.2285869158090037,0.1671040688112413,147.30992401958613,0.5720095584978546,-0.2085381356743965,-0.21000003814697266,11767.018195533296,0.7669362597723868,-0.29834812844676817,0.04685992446702425,1.100385065603814,4.714688623002994,-1.4136309051321794,-0.660269412067005,1.040735183005011,11748.680078125,0,-0.05064338279993086,1,Pre-COVID
2019-06-27,1.3171191845245511,57.42301160369481,-1.7321800460838754,0.5889637817753091,0.4331778503613437,1.2000205478679637,1.0221416321366528,-0.11423733999156305,0.7512061398143215,0.7281554027492421,-0.6950602330326405,143.4653338898911,1.7502970348858948,0.8273734808782462,-0.26000022888183594,11772.98349991509,0.7751777730266864,1.0529609899747383,0.05027984950902731,1.1027991719316617,2.862114082677203,-0.49260376663321503,-1.1282380833939842,1.0319108589064108,11779.9,0,-0.44504474652159454,1,Pre-COVID
2019-06-28,0.07166901075791321,57.03967848199444,-0.6779686879303637,0.39448677473289395,-0.05064338279993086,-0.9098433505187353,0.3438433919329631,-0.8735263356070888,0.755669373089664,-0.32281776397498074,-0.6828462453615236,140.1253557774888,0.02102562795798235,0.4331778503613437,-0.10000038146972834,11778.062485453787,0.77417231984077,1.2128517462043575,-0.05025458158103291,0.8889885644561284,0.08232767414162456,-0.6085252385924722,-0.6322028625615927,1.0244855056119146,11781.8599609375,1,0.6510389269786421,1,Pre-COVID
2019-07-01,0.162526229505644,53.65185495491459,2.047782925232333,-0.0803897405343923,-0.44504474652159454,-0.2085381356743965,-0.5254344870559868,-1.1234793631260787,0.743495859016871,0.2429159700400363,-0.34611244544704434,137.1604411529901,-0.28251851701595054,-0.05064338279993086,0.30000019073486506,11778.861531670174,0.7482470552349443,-0.06443112810767815,-0.3986982703709896,0.6866979737932565,0.7206465030894282,-0.2913754694678583,0.0989323010745502,1.0063903464775261,11794.8099609375,1,0.3767209141051886,1,Pre-COVID
2019-07-02,0.75810912011125,57.60139166984062,-2.341133326158973,0.2073358849681295,0.6510389269786421,0.8273734808782462,0.8583748119467716,-1.84430886181276,0.8322417403849234,0.5507732351431205,-0.12392973189103706,137.016115405508,1.409148047089892,-0.44504474652159454,-0.3499994277954084,11785.286574463124,0.628842387182929,0.15235052804216664,-0.5546319698772839,0.7602257348480178,-1.4030043903279443,1.6573571473631477,-0.7749686588696791,0.7556006345089786,11827.9998046875,1,0.054156447933917384,1,Pre-COVID
2019-07-03,-1.320012157149597,59.75252889241932,-2.3972628241431204,-0.660084916411452,0.3767209141051886,0.4331778503613437,-0.28336400230626335,-0.9262504092144908,0.862626952832595,-0.6599272407381451,0.9888947591590203,134.62769975769012,-0.9432912430444085,0.6510389269786421,-0.35000038146972834,11794.546813739003,0.6323515400763068,0.5805827880129844,0.32927671007481063,0.6377139327681788,-2.5939427367747347,1.8714433963777033,0.6121738450538317,0.7330533064305502,11850.7697265625,1,0.25174649128327786,1,Pre-COVID
2019-07-04,-0.17079573925303793,60.06737080849789,-3.8596504612972815,0.2623037530142813,0.054156447933917384,-0.05064338279993086,0.3164602009481987,-0.9262504092144908,0.8614842939441538,-0.43309949226731925,-0.911088162378848,132.5663397899978,-0.11663929131912054,0.3767209141051886,-0.5500001907348633,11803.598901610188,0.6307839336328941,1.0849268152788083,-0.12289978637586296,0.6089494869269833,1.015158716840503,1.92704755119113,-0.9652446103127654,0.7322059589256268,11864.609765625,0,-1.1350334557515662,1,Pre-COVID
2019-07-05,-0.812785387123971,61.57301826963932,-1.2408764865746713,0.033605022460170275,0.25174649128327786,-0.44504474652159454,0.28535151374344814,0.8696569920844333,0.7297313322262806,-0.8463904095841412,0.09260625163320935,130.81982781799795,-0.5610388958406931,0.054156447933917384,-0.1700000762939453,11814.2026866761,0.524948019334496,0.6839131042386093,-0.10856143290489673,0.6831497842895564,0.5422432548120693,0.9719610370401588,-0.15914023965006852,0.7193716318305803,11885.6498046875,0,-2.138240331360608,0,Pre-COVID
2019-07-08,-0.35996837861023145,52.02470082273312,-3.3998525293832738,1.147588223832785,-1.1350334557515662,0.6510389269786421,0.012554768081218803,-0.5012362258346892,0.8301218263720297,-1.5075566024430165,-2.4610508852118906,139.33123228601488,-1.4950018343617977,0.25174649128327786,-0.4600000381469709,11813.976590672315,0.5753928648528657,-0.8324678277492059,-0.38764167987200837,1.0584716879334206,0.8889423594461654,0.7424943846467524,-1.3260174294603244,0.6931426767617406,11890.1099609375,0,-0.023352472109261502,0,Pre-COVID
2019-07-09,0.5644057259231561,39.682114496398746,5.9678707334200665,-0.63198791520791,-2.138240331360608,0.3767209141051886,-2.770228246568518,-3.053843340627227,1.1615821895573852,1.196393641131066,-1.119287763535226,162.13290522079615,-1.573834605437452,-1.1350334557515662,0.7800006866455078,11795.059777242885,0.9084338460379998,-3.005436806385975,-0.43642047088482405,1.3656664952130193,2.391335250395099,-1.2055982575601143,1.018952567825382,0.7820659218853859,11828.7099609375,0,-0.4932545113165099,0,Pre-COVID
2019-07-10,2.7188990441924576,39.574050472627434,-1.1552404092385227,-0.09003072064172057,-0.023352472109261502,0.054156447933917384,-0.11338319275098208,-3.423975664612766,1.0846027309727382,2.8089297648341782,-0.7901925078043659,155.92305171219,2.695546572083196,-2.138240331360608,-0.16000080108642756,11777.34426712304,0.847939710963736,-3.2715977933329143,0.5990590562381382,1.291527896178403,1.3298200900563772,-2.03917111253592,-0.7668400356951044,0.7817975067191574,11757.830078125,1,0.7305046321514741,0,Pre-COVID
2019-07-11,0.46142988778498095,37.26612379161268,-0.3652245331854598,0.3393368270563135,-0.4932545113165099,0.25174649128327786,-0.15391768426019636,-3.4209050579197764,1.0519538930316554,0.12209306072866744,-0.5631150848929845,150.46517867139778,-0.03182462353152893,-0.023352472109261502,-0.049999237060546875,11756.718794789851,0.8209447243722336,-2.6436882917674653,-0.12345546311756106,1.2153492086814985,0.03814634087708768,-2.942797623222959,-0.06986057357647457,0.7803999107804379,11674.26015625,0,-0.26245922523520093,0,Pre-COVID
2019-07-12,0.5248771605634195,42.58058657310873,-8.577712953406923,-0.09342040179391997,0.7305046321514741,-1.1350334557515662,0.6370842303575541,-2.779486568305356,1.1290057033341834,0.6182975623573395,0.3012815717296391,149.32508844229466,1.2553817927148936,-0.4932545113165099,-1.1700000762939453,11743.843357444306,0.8817142601295193,0.2102398393512228,-0.5779101372370143,1.344841642694222,2.1456000342424675,-2.184253060862973,-0.429223060421835,0.7809652842432392,11601.490234375,1,0.31031905972733753,1,Pre-COVID
2019-07-15,0.684774757504858,41.21962505440343,-3.769047770363798,-0.11226041540630671,-0.26245922523520093,-2.138240331360608,-0.37471964064150765,-2.2903910850686326,1.1241446470257421,0.7970351729111647,0.08610705787106543,144.818409983322,0.422315532269657,0.7305046321514741,-0.4700002670288086,11729.669775411394,0.8783530295015671,-0.029425579228414822,0.4423128556631184,1.3218171172621758,0.2711063422841331,-2.0048572779064466,0.34856628310626636,0.7813523212631897,11549.76015625,1,0.6407297199588324,1,Pre-COVID
2019-07-16,0.7646635267082758,43.51248040900623,0.1666704813639397,-0.8184644487299719,0.31031905972733753,-0.023352472109261502,-0.5081453890026344,-0.7179549478501301,1.1555936963540623,1.5831279754382477,2.854390131687201,140.9604214647123,1.0749825864356133,-0.26245922523520093,0.020000457763671875,11719.201614964253,0.84780053024632,0.7778936742762532,-0.17430839375631724,0.6384691628051555,0.7311749477523222,-2.33658651165799,2.5440710719598636,0.7336493205229487,11555.71015625,1,0.21350634900458854,1,Pre-COVID
2019-07-17,0.7696530183904704,48.03376909915652,-3.826955246493857,-0.23065526915022616,0.6407297199588324,-0.4932545113165099,0.4100744508086063,-0.24719146922977941,1.1749866558323605,1.0003082875406966,-0.5210021063180248,139.8407650090004,1.4103827383493028,0.31031905972733753,-0.46000003814697266,11715.008873809495,0.8726401279831689,0.6880765271408906,0.2876675357052383,0.7069045064108682,1.7470518432642468,-2.07971419170333,-1.1617318262768572,0.7426808836799019,11577.05,0,-0.7751838235294128,1,Pre-COVID
2019-07-18,-0.4195472921112997,49.493756758025256,2.0761225121661564,0.32524035207031066,0.21350634900458854,0.7305046321514741,0.5387467010748992,-0.0337870430657472,1.1808591824184025,-0.7447876441816104,0.613267290031505,136.7786630078001,-0.20604094310671117,0.6407297199588324,0.23999977111816406,11712.971179453236,0.8793575772950085,1.168578229820394,0.21455193237680525,0.5118330382966427,1.0758541316558734,-1.9237627708897143,0.3997609410269165,0.7446760716853605,11614.769921875,0,-1.531878214359883,0,Pre-COVID
2019-07-19,-0.5164118836398113,44.58550832156583,-0.4237304231073047,-0.21682876792022965,-0.7751838235294128,-0.26245922523520093,-0.9920125914496425,-1.9849101728400265,1.2427502134732389,-0.2995831157195816,-1.1323041592242955,138.35272278384355,-1.2915957071692241,0.21350634900458854,-0.05000019073486328,11704.373343243737,0.8819254656404031,0.07378773974062725,-0.15820238853935242,0.7517551226436797,1.2259910246891215,-2.928408222947665,-0.35712033569488266,0.7096562575123784,11617.569921875,0,-0.6397075524881224,0,Pre-COVID
2019-07-22,-0.6941578457058672,36.86545587179053,6.553195385222743,-0.637812380536773,-1.531878214359883,0.31031905972733753,-2.169690594896656,-2.6001963437024322,1.232804122101401,-0.05634546516909422,-0.7410369350259738,151.20524516266448,-2.2260360600657503,-0.7751838235294128,0.7700004577636719,11683.253095596052,0.9315451611844531,-2.0865811870912854,0.09303544097944982,1.1504653813065582,2.820829596054386,-3.3180543610389357,0.7908412793339092,0.7556311212468114,11590.919921875,0,-0.13352832106081625,0,Pre-COVID
2019-07-23,1.6440482823198321,34.24003853368538,3.913736047943317,-0.9907743674289038,-0.6397075524881224,0.6407297199588324,-1.6304819199170262,-3.0210321121708184,0.9301212359902504,2.634822649748736,0.4199238004938488,148.34865322951754,1.0043407298317097,-1.531878214359883,0.48999977111816406,11658.286214093567,0.7008246851409748,-2.920212232620323,-0.029043781422777304,1.0841782087002485,1.1453405312748854,-1.8375877808781138,1.0596313529819712,0.7534767059713803,11542.4900390625,0,-0.5273121293252303,0,Pre-COVID
2019-07-24,-0.5708338408390579,33.703934837504306,3.2282864635279296,-0.4020692491219058,-0.13352832106081625,0.21350634900458854,-0.535597570182722,-3.94525796251769,0.9355507326028903,-0.16876459171715208,0.2922686428883603,143.67689920516509,-0.7043621618998741,-0.6397075524881224,0.42000007629394354,11634.046480063487,0.6988980449949065,-2.2924279504238476,0.4794447512360689,0.8811805769381551,0.7758709667831765,-1.9457643137865355,0.42579696394917654,0.7470445167167754,11476.180078125,0,-0.16989534831232112,0,Pre-COVID
2019-07-25,-1.246078354287361,31.602414558887716,-4.9888314301506975,-0.07639940178361115,-0.5273121293252303,-0.7751838235294128,-0.6037115311088415,-4.8638748897430695,0.937232466661891,-1.1696789525037499,-0.7270862934205424,140.00084584760137,-1.7733904836125913,-0.13352832106081625,-0.6700000762939435,11607.176355961563,0.7005987544597629,-1.2956209498215743,-0.20243928807029965,0.6880964328305198,1.1136090716383107,-1.9793247893777899,-0.19977416409531212,0.7475186565626972,11392.9400390625,1,0.28571795564771296,0,Pre-COVID
2019-07-26,2.3628996781855816,30.93663821366681,-0.9404379577318989,0.4835147792383254,-0.16989534831232112,-1.531878214359883,0.3136194309260043,-4.977384073739954,0.832977876923041,1.8793848989472561,0.6105059286770853,136.33693358875422,2.1930043298732604,-0.5273121293252303,-0.11999988555908203,11580.878136307003,0.6214716609329549,-0.8289101467322535,0.23906247979210704,0.7603951388395768,-0.4101700538776343,-2.855502411707722,0.7804012769894064,0.746084233527699,11323.9900390625,0,-0.8427603929443195,0,Pre-COVID
2019-07-29,0.7588353891845312,33.47073431369755,-4.034811827764306,0.6861130672079607,0.28571795564771296,-0.6397075524881224,0.9718310228556737,-4.279890077537852,0.871787072894535,0.07272232197657047,-0.8181159686437733,133.20440884983682,1.0445533448322442,-0.16989534831232112,-0.5100002288818359,11558.909371001855,0.647558670386237,-0.4125831304762295,-0.04986647869879013,0.4867641311659465,-1.6002069834275767,-2.321577107227868,-1.1038339242914863,0.7427945314089294,11297.0,0,-0.9276785013729971,0,Pre-COVID
2019-07-30,-0.8579585217888153,29.967882410867105,7.666943910978241,0.742509826470672,-0.8427603929443195,-0.13352832106081625,-0.1002505664736475,-5.700507655155307,0.8877296153439463,-1.6004683482594873,0.3440163757572279,135.58323571673358,-1.7007189147331347,0.28571795564771296,0.9300003051757812,11531.523506135978,0.6427615137965687,-0.7283952232452928,-0.4056293162589153,0.5821070122511518,-0.6334119129617011,-3.4444025898182073,1.1867767687015474,0.7240509977339902,11265.6,1,0.294076968140633,0,Pre-COVID
2019-07-31,-1.0879165211923558,26.68519585177988,4.211326335291865,-0.7937253989486637,-0.9276785013729971,-0.5273121293252303,-1.7214039003216608,-6.9259332476068085,0.7623412125722915,-0.29419112224369215,0.6545144184035179,138.7357118399191,-2.015595022565353,-0.8427603929443195,0.5499992370605469,11498.477349431461,0.5608162454985584,-1.4819389557655716,0.11615245893703552,0.6872595034412968,0.019486449946781725,-4.949147172008006,1.582192919776515,0.7356499113172935,11216.4701171875,0,-1.2412304371289817,0,Pre-COVID
2019-08-01,1.0990873236939702,29.304382199177695,-0.1469471314758164,-0.0009379356324057397,0.294076968140633,-0.16989534831232112,0.29313903250822726,-6.702750330417273,0.7739597783745903,1.100025259326376,0.7647560208117854,135.0616169279297,1.3931642918346032,-0.9276785013729971,-0.01999950408935547,11470.293842066167,0.5727357922483346,-1.4737272809644653,0.18492015525679584,0.7996979797286242,-0.5498616420473557,-4.872727272727273,0.4706790526711524,0.740007178892104,11185.81015625,1,0.15801101434427256,0,Pre-COVID
2019-08-02,-0.12027191028886053,25.200171976550763,7.137603062087505,-0.5206135139706247,-1.2412304371289817,0.28571795564771296,-1.7618439510996065,-8.092158955364425,0.8561526429058463,0.4003416036817642,-1.844410329798185,142.773401337539,-1.3615023474178423,0.294076968140633,0.9700002670288086,11433.975779690896,0.6152851051621674,-1.8696617422230055,0.47410429234140405,0.9638795825153255,-1.232349270410027,-5.319528234662652,-0.6031798926692034,0.7186628578149666,11131.380078125,0,-1.225295228271439,0,Pre-COVID
2019-08-05,-0.2919130252914459,26.592157711870357,4.326917188256418,-0.7301521864277571,0.15801101434427256,-0.8427603929443195,-0.5721411720834846,-6.8901059959066036,0.761181774409005,0.43823916113631123,0.5870037522125671,138.40008063836706,-0.13390201094717336,-1.2412304371289817,0.6299991607666016,11401.633100408239,0.5412499679816796,-0.7942950019600992,-0.15531405118932584,0.9321769460840696,1.908131864989726,-3.694641860236003,0.4289927378682945,0.7110653277606357,11073.9900390625,1,0.7884888857643269,0,Pre-COVID
2019-08-06,0.4595546712900078,23.010500586137567,9.216593883337442,-0.749177594015138,-1.225295228271439,-0.9276785013729971,-1.974472822286577,-6.021490695425468,0.8185488094326884,1.2087322653051458,0.6254024922382806,145.15513629283475,-0.7657405569814313,0.15801101434427256,1.4000005722045898,11361.704693665037,0.6014677533507027,-2.2971792644810196,0.5190619803778995,1.1650631848650346,4.245329222397687,-4.262225041096068,1.8506977205097197,0.7347976642782085,11008.669921875,0,-0.847167355513434,0,Pre-COVID
2019-08-07,-0.6533726974741638,29.50949700230821,-2.833027781986952,0.5644067839960742,0.7884888857643269,0.294076968140633,1.352895669760401,-5.2583560785793075,0.9726564113881078,-1.217779481470238,-0.024164629087097822,144.52000353712333,0.13511618829016303,-1.225295228271439,-0.4699993133544922,11331.07842006022,0.7128340849668372,-0.2891621129326061,2.6746785812900242,1.348430541843398,4.486926334197805,-3.3783260270300874,-0.8126535148514247,0.7328734756935023,10981.23984375,1,1.6300510829763803,1,Pre-COVID
2019-08-08,1.6305657055805889,26.8648457695315,3.8461470198921432,-0.2949620767611849,-0.847167355513434,-1.2412304371289817,-1.142129432274619,-5.595321019995625,0.9998394083386327,1.9255277823417738,0.4418349289095458,144.85433639884025,0.7833983500671549,0.7884888857643269,0.6199989318847656,11295.850388944647,0.7291235329543295,-1.2898526864516202,-0.4054716159734739,1.2915723948596296,6.505964878006898,-3.689013795148788,1.2890022844229798,0.7292406428207127,10928.73984375,1,0.6997556657477588,1,Pre-COVID
2019-08-09,-0.550704597523155,38.2373107706226,-3.8829129475361768,-0.15579459021042297,1.6300510829763803,0.15801101434427256,1.4742564927659574,-4.752265639425035,1.1972452113703385,-0.39491000731273207,1.8263120129595523,156.48875105086984,1.0793464854532253,-0.847167355513434,-0.6499996185302734,11276.339263490414,0.9678587629551597,1.563627419268121,-0.0911178663745349,1.4747004036604325,7.0561973785048915,-1.9525174094326747,0.1962609299831719,0.8084047892976302,10939.2298828125,0,0.0,1,Pre-COVID
2019-08-12,-1.2113818333762016,42.442471506062574,-1.4916082588076418,0.44377282428755827,0.6997556657477588,-1.225295228271439,1.143528490035317,-3.8333660192598984,1.2110414080581346,-1.65515465766376,-0.2936774149396193,153.323377212837,-0.5116261676284428,1.6300510829763803,-0.2399997711181623,11263.991939574458,0.9989589584041199,1.4742117747128525,-0.9754761919056221,1.4637926194982334,4.654613752453107,-1.5477204353428364,-0.9934330806873781,0.8248759717347847,10961.6900390625,0,-1.654424529912324,0,Pre-COVID
2019-08-13,0.0,42.442471506062574,0.0,0.0,0.0,0.7884888857643269,0.0,-3.8333660192598984,1.1961648800458755,0.0,0.0,153.323377212837,0.0,0.6997556657477588,-0.2399997711181623,11263.991939574458,0.9692578397589156,2.34121312353186,0.8004753180822499,1.1426343399428738,4.654613752453107,-0.7109516614138833,0.0,0.810304545642676,10961.6900390625,1,0.9477595331455646,1,Pre-COVID
2019-08-14,0.7445411855099504,42.442471506062574,12.176657783757205,-0.8174507869463277,-1.654424529912324,-0.847167355513434,-2.4718753168586516,-6.317202207711581,1.261307358373644,1.561991972456278,-2.5089466357205437,146.68043031046196,-0.9098833444023735,0.0,-0.2399997711181623,11237.099913314118,1.0636068835490537,-0.9662457935481372,0.7672248058685271,1.5134100192919506,3.5264634161525032,-1.4392874919063159,-0.8545221058082197,0.8432574949807315,10961.6900390625,0,0.0,0,Pre-COVID
2019-08-15,-2.318761487402299,48.335489327166414,-7.986501807958324,0.09843049365843015,0.9477595331455646,1.6300510829763803,1.0461900268039948,-5.6307987967914475,1.277034526798347,-2.417191981060729,0.27132081841207967,148.2827440294836,-1.3710019542567342,-1.654424529912324,-1.4200000762939453,11221.714763485294,1.112210414999978,-0.7223449629676915,-0.6985191215559294,1.4084679202960253,0.3858976659675495,-0.7969024048839701,-0.6764387147334849,0.8709321412481283,10961.6900390625,1,0.16682152620135504,0,Pre-COVID
2019-08-16,0.0,48.335489327166414,0.0,0.0,0.0,0.6997556657477588,0.0,-5.6307987967914475,1.1925287709141597,0.0,0.0,148.2827440294836,0.0,0.9477595331455646,-1.4200000762939453,11221.714763485294,1.0340372660600865,-0.7223449629676915,0.7810898355816054,1.1510264022470167,0.3858976659675495,0.44991248292349795,0.0,0.8670962840990153,10961.6900390625,1,0.055219917498061655,0,Pre-COVID
2019-08-19,-0.9415849200937632,48.335489327166414,1.7726100083102603,0.5391270242420809,0.16682152620135504,0.0,0.705948550443436,-3.252842308492243,1.2103776867548526,-1.480711944335844,-0.6523907904307791,142.58353609240675,-0.7747633938924081,0.0,-1.4200000762939453,11207.88352964865,1.034143537556672,1.1161621262648413,0.11837856196725838,1.1404743119709149,0.5423956493646687,0.45874867222091,-0.8192123166321341,0.8543973907915304,10961.6900390625,0,-0.33382235519596737,1,Pre-COVID
2019-08-20,0.6872067761344303,48.72180344490334,0.6006029054705486,-0.16473102767394776,0.055219917498061655,-1.654424529912324,-0.1095111101758861,-2.576191144664086,1.2043778103879372,0.851937803808378,0.32411095429689674,138.31093180091912,0.7424266936324919,0.16682152620135504,0.10000038146972656,11196.477371202454,0.9329296258589318,0.2221335624085663,-0.8198514033958215,1.1517592152503673,0.5423956493646687,1.761095760953002,0.2688910367988351,0.7746154219148158,10961.6900390625,0,-0.8922556475220111,0,Pre-COVID
2019-08-21,0.4416859390788064,46.45892357000908,-0.7164229207964112,-0.3886997784021684,-0.33382235519596737,0.9477595331455646,-0.7225221335981358,-2.771586129270931,1.1855723024704843,0.8303857174809748,1.1845464023889862,134.5588075607966,0.10786358388283901,0.055219917498061655,-0.12000083923339844,11183.182751113385,0.918814842798814,-0.11243032427710187,1.213235838288429,0.5736975117160681,-0.3602976438570549,0.6279542392619852,1.5183687575849536,0.774996886116215,10961.6900390625,0,-1.6242829527789215,0,Pre-COVID
2019-08-22,-0.042621747558668766,40.99643421494501,2.3451672680607105,-0.049040089076557436,-0.8922556475220111,0.0,-0.9412957365985686,-3.1282958974115926,1.1779106186012258,0.0064183415178886705,-0.12565664518920938,137.0034073078986,-0.9348773950806799,-0.33382235519596737,0.3900012969970703,11163.591450683689,0.9238927441938424,-1.1685549309123466,-0.2569694852842641,0.5108432667725858,0.5262855298014735,0.5821951574086937,0.7665990023328018,0.7843487693261295,10961.6900390625,1,0.8192639025843995,0,Pre-COVID
2019-08-23,1.5409210413685814,33.372561189535105,4.876615166760767,-0.8464066736011411,-1.6242829527789215,0.16682152620135504,-2.4706896263800626,-4.539583666385994,1.0911991641668417,2.3873277149697225,0.3456739601602976,149.54393086476225,-0.0833619114103401,-0.8922556475220111,0.8299999237060547,11132.314277253416,0.8823777737916255,-2.8275158107547216,-0.518312247404451,0.8211596525018332,0.5262855298014735,-2.6385850902022057,1.9699569129392192,0.8086312770925035,10955.75,1,2.1100066785376237,1,Pre-COVID
2019-08-26,0.6108214938798984,39.39500450988274,-2.8011203883169355,-1.0987164328254861,0.8192639025843995,0.055219917498061655,-0.2794525302410866,-4.031709571590025,1.0791151266805983,1.7095379267053845,1.180908453013041,148.5576398223772,1.4300853964642979,-1.6242829527789215,-0.5,11109.872450003162,0.8975527381676954,-1.7032802997639984,0.6755597135471358,1.001678053322252,0.5728944211255138,-2.5230387221413797,0.3616445504286414,0.8317488244472045,10912.0599609375,1,0.42955910667956676,1,Pre-COVID
2019-08-27,-1.5477070840585583,51.622808535614816,-3.976948235658584,1.5722956356017725,2.1100066785376237,-0.33382235519596737,3.6823023141393962,-1.1739050481242352,1.258236726554657,-3.120002719660331,0.4653376057763614,166.58852091897685,0.5622995944790654,0.8192639025843995,-0.6900005340576172,11106.018906252928,1.1699459190372588,1.2744137266653688,-0.5810591581341229,1.407688314435458,3.088662210030102,-0.46626832914303806,-1.6446690727612623,0.9298297325297581,10912.8498046875,0,-0.5335266523260329,1,Pre-COVID
2019-08-28,-0.585479857874982,53.713484023366185,-3.9015583702495693,0.19581626213831527,0.42955910667956676,-0.8922556475220111,0.625375368817882,0.17995938844816983,1.111487064586312,-0.7812961200132973,-1.3524083270416876,159.18385094227986,-0.15592075119541526,2.1100066785376237,-0.6499996185302734,11105.969328706415,1.0274652218840028,3.3887734152354687,0.9195499433630738,1.423664134964604,2.3007041881145662,1.6428928313819924,-1.7819674337212543,0.9244059193394839,10930.5197265625,0,-0.8853786236410199,1,Pre-COVID
2019-08-29,-0.40668397470543516,50.76634065274566,5.184259286947079,-0.6107800909069039,-0.5335266523260329,-1.6242829527789215,-1.1443067432329368,-0.6467025600377818,1.0920422806103045,0.20409611620146872,1.3052419314896646,153.22340388955914,-0.9402106270314681,0.42955910667956676,0.8299999237060547,11101.534534681865,1.0091439863407379,2.0015052410198297,-0.8661307764431081,1.361806157863372,3.8300950944913037,0.15140640613786616,1.8387685838156975,0.924088750178755,10955.999609375,1,0.6845829640179435,1,Pre-COVID
2019-08-30,3.1318957790894997,46.254949647333184,-2.4346784067522886,-0.9096727674558491,-0.8853786236410199,0.8192639025843995,-1.795051391096869,-0.2887085183287841,1.1320515106285978,4.041568546545349,0.029278609740179817,153.13245719907627,2.2465171554484797,-0.5335266523260329,-0.4099998474121094,11090.183813941541,1.0491123784315275,-0.9906971839680478,0.7688479684171856,1.1674566815156109,3.081368026151754,-0.7353127374579271,0.9146572333811998,0.9267355491056926,10997.3896484375,0,0.0,0,Pre-COVID
2019-09-02,1.3318442674196573,49.92738647856405,-0.9129617513337518,-0.2354016276898685,0.6845829640179435,2.1100066785376237,0.449181336328075,0.23551484262098743,1.188697551803553,1.5672458951095258,0.7922829887212934,150.05698894753266,2.016427231437601,-0.8853786236410199,-0.14999961853027344,11085.225753649574,1.0745041571153389,-0.7392798269555856,-0.5615598532014987,1.1440886422609395,2.1395228305454372,-0.2222144238808843,0.10770002470334994,0.9039340203621823,11036.1697265625,0,-2.044311880570615,0,Pre-COVID
2019-09-03,0.0,49.92738647856405,0.0,0.0,0.0,0.42955910667956676,0.0,0.23551484262098743,1.195417823693254,0.0,0.0,150.05698894753266,0.0,0.6845829640179435,-0.14999961853027344,11085.225753649574,1.0742332673615653,-0.20685681084757768,0.069332782133813,0.6626896322679076,2.1395228305454372,-0.27728122691421664,0.0,0.8986257741441149,11036.1697265625,1,0.43295454031591074,0,Pre-COVID
2019-09-04,0.859983095588579,49.92738647856405,10.933652974333153,-0.1567369629158044,-2.044311880570615,-0.5335266523260329,-2.2010488434864195,-1.3732752665951198,1.2939274599392743,1.0167200585043834,-0.1592714696562636,143.71357411718827,-1.184328784982036,0.0,-0.14999961853027344,11062.375135677075,1.2509430325637736,-1.3737239274184576,0.3237152620338746,0.9486908900089186,1.4816293045686546,-1.9887411216755968,1.8850404109143515,0.9667798784431774,11036.1697265625,1,0.029968693161475102,0,Pre-COVID
2019-09-05,-0.5432829790733118,52.458168082284445,-4.540419263968298,0.684325048261325,0.43295454031591074,-0.8853786236410199,1.1172795885772357,-0.09994573603242518,1.2772215445359365,-1.2276080273346368,0.29777857985850975,139.01129808906302,-0.11032843875740106,-2.044311880570615,-0.8199996948242188,11046.24737678433,1.238845782156975,-1.6202082813598584,0.6918946724714603,1.0453546525949964,1.0668976719100387,-0.6781924896086977,-0.135175960457401,0.9699537150223793,11036.1697265625,1,0.9061643373168504,0,Pre-COVID
2019-09-06,1.2765658425192061,52.63738397520428,0.1740179062865721,-0.7826303072319352,0.029968693161475102,0.6845829640179435,-0.7526616140704601,-1.6727907347899196,1.1447276013714867,2.0591961497511413,-0.009666643926398155,134.94032553135438,1.3065345356806812,0.43295454031591074,0.030000686645507812,11031.555007439194,1.110745072043093,-1.5907251434468028,-0.6959637806967067,1.0872226574750612,0.8517790718166385,0.9919682826169618,-0.03963533708787326,0.970313872573569,11036.1697265625,1,0.5193547382711383,0,Pre-COVID
2019-09-09,-0.9433309988214789,57.81694139306012,-5.7903878025113436,0.31302118519880295,0.9061643373168504,0.0,1.2191855225156534,-1.4712451748295274,1.1334999103478263,-1.2563521840202818,0.02245412362427146,137.35238954904855,-0.03716666150462844,0.029968693161475102,-1.0,11025.232428763144,1.117280793166168,1.3734133426185124,0.3673058168170096,1.12445816022169,-0.8136147432783569,1.0790175786396405,-0.883710213692579,0.9856911172670219,11036.1697265625,0,0.0,1,Pre-COVID
2019-09-10,-0.405955483817233,60.506854251390564,-2.5814386261650557,0.42291630453850093,0.5193547382711383,-2.044311880570615,0.9422710428096392,-1.4712451748295274,0.9086823942210027,-0.8288717883557339,-0.7181331279337622,133.9540520623002,0.11339925445390531,0.9061643373168504,-0.42000007629394354,11023.589271424207,0.8918722238561744,1.4606225959984176,-0.761566106980549,1.1532258830066575,-0.8136147432783569,-0.4955737925847692,-1.2374878662049005,0.9815004994455652,10887.940234375,1,0.29673946046386845,1,Pre-COVID
2019-09-11,0.0,60.506854251390564,0.0,0.0,0.0,0.43295454031591074,0.0,-1.4712451748295274,0.9061291780147831,0.0,0.0,133.9540520623002,0.0,0.5193547382711383,-0.42000007629394354,11023.589271424207,0.8766335636089282,1.4302252830103779,0.5895083314438221,0.4006537245650948,-0.8136147432783569,-0.9211759042789591,0.0,0.967448775282693,10887.940234375,0,-0.479356902496042,1,Pre-COVID
2019-09-12,-0.2348421844336368,60.506854251390564,-3.0283942230803773,0.6905482656093698,0.29673946046386845,0.029968693161475102,0.9872877260732382,0.05711828806989061,0.8983574649143797,-0.9253904500430066,-1.3668893337568488,130.39670782473587,0.06189727603023165,0.0,-0.42000007629394354,11024.552437683364,0.8691417421420329,0.8176353291832417,-0.32388615123986053,0.41024691107536837,-3.6007083830996933,-0.09414557563535153,-1.6636287942207173,0.9674787331288364,10887.940234375,1,0.8476944640087414,1,Pre-COVID
2019-09-13,0.7175140024549109,56.3320050031896,-3.0579067698653706,0.6316431046432647,-0.479356902496042,0.9061643373168504,0.15228620214722266,0.05711828806989061,0.8815264633377754,0.08587089781164625,-0.7550077453675641,127.65421318768765,0.2381570999588689,0.29673946046386845,-0.47000026702881037,11021.459650054041,0.8321948832440629,-0.18403988311834762,-0.4159596071773408,0.5679879850837596,-3.9578174988875503,0.31511742111069996,-0.2756508428715221,0.9440384580230545,10887.940234375,0,-0.6536749886833726,1,Pre-COVID
2019-09-16,-1.700555722923014,61.38213648605334,-5.234897670743221,0.15973337410237765,0.8476944640087414,0.5193547382711383,1.007427838111119,0.2543545903644695,0.8866291825572028,-1.8602890970253916,0.8961570315884071,130.43099648141254,-0.8528612589142726,-0.479356902496042,-0.7799997329711896,11025.492297503743,0.8478021258196082,0.6620944849896393,-0.38442245209645565,0.5371620971647,-1.1961429850572025,0.47763037783774553,0.048462567579665716,0.9562082349756715,10887.940234375,0,-1.689465993774708,0,Pre-COVID
2019-09-17,1.1217425168382422,55.962049878468314,5.878186476155145,-0.21380444135861154,-0.6536749886833726,0.0,-0.8674794300419841,-0.45595119228454273,0.9369745715826314,1.3355469581968538,0.12879303116410945,130.02924903389086,0.4680675281548696,0.8476944640087414,0.8299999237060547,11023.863238429392,0.8768662084396706,-0.2917820776444868,-0.370772394147445,0.6338267433972827,-1.2972371273643701,-0.17916676116390695,0.782468019847482,0.9358484583683738,10887.940234375,1,0.21308591630644358,0,Pre-COVID
2019-09-18,-0.005562366305345012,44.97950526286715,7.157195064547173,-0.9070109498264034,-1.689465993774708,0.29673946046386845,-2.5964769436011115,-1.8099336536716026,0.8071659885766425,0.9014485835210584,-0.7463563332912759,144.69046765228867,-1.695028360080053,-0.6536749886833726,1.0700006484985352,11008.58445109203,0.7883030007281949,-1.5041719620710214,1.0256181634094474,0.946541513697366,-1.2972371273643701,0.18243564060937967,0.9431096604834321,0.9766305961894812,10983.1,0,-1.2531589991591652,0,Pre-COVID
2019-09-19,-0.3441685838101116,46.38454746283109,-4.182272516535701,-0.06234403083067441,0.21308591630644358,-0.479356902496042,0.15074188547576917,-0.7148268868212626,0.806479403089324,-0.2818245529794372,0.4905358314460262,139.8526058194835,-0.13108266750366804,-1.689465993774708,-0.6700000762939435,10996.144891057435,0.7785433307561704,-2.1239808205491206,-0.05449635900520722,0.9487426983321797,-0.6360403646150758,-0.03688454542949415,0.2774499151395826,0.9653604638794385,10944.0900390625,1,5.319112930777714,1,Pre-COVID
2019-09-20,-0.3099239331916914,39.915158218152705,1.3029303211390841,-0.2741081868824713,-1.2531589991591652,0.8476944640087414,-1.5272671860416365,-0.3402719957611211,0.9279433556663779,-0.03581574630922013,-1.1453711342418127,146.45553637167728,-1.5630829323508566,0.21308591630644358,0.19999980926513494,10974.563773548549,0.8729006371394882,-2.7145925870177723,-0.23357374100891892,1.0620828609320105,-1.055866075443046,-1.3191546823307032,0.10778786491735248,0.9406831049723325,10888.4900390625,1,2.8915576657539077,1,Pre-COVID
2019-09-23,-2.9606624368026857,63.12797606734344,-0.9646338930205722,2.992157969044018,5.319112930777714,-0.6536749886833726,8.311270899821732,4.107823664242871,1.419043272820383,-5.952820405846704,-0.20196931246696526,210.3643170689952,2.3584504939750284,-1.2531589991591652,-0.15000057220459162,10996.759064049582,1.929964538093477,4.220904844192885,0.24460343733041512,1.8513986483398834,-0.9223059849291615,2.9964736086268484,-5.521082243244679,1.3600462895791199,10928.15,0,-0.10344649056013289,1,Pre-COVID
2019-09-24,-4.473558251675525,70.22134492169772,9.02598267161341,2.576221772732046,2.8915576657539077,-1.689465993774708,5.4677794384859535,4.904665962156751,1.441178379582842,-7.04978002440757,-2.90779370160007,233.51587492333732,-1.5820005859216169,5.319112930777714,1.390001296997072,11041.458407106094,2.0968520928333967,7.00649663367392,-0.7332963410394466,1.8544579150044953,-0.5037580217633897,5.427135214553003,-5.799351367353978,1.4549566676792818,11047.4900390625,0,-1.2771612287114875,1,Pre-COVID
2019-09-25,0.545079317726116,69.68988120513026,-0.3573637285244402,-1.1498992579111467,-0.10344649056013289,0.21308591630644358,-1.2533457484712796,4.347909817534101,1.4836619701676261,1.6949785756372626,1.9812972993890288,217.83135852730902,0.44163282716598307,2.8915576657539077,-0.060001373291015625,11081.957798825088,2.100115499887747,8.252376566987918,-0.5646739843911175,1.6631727644871683,-0.8317353008836292,5.318074543075468,2.0847437899491617,1.4154945951078781,11201.61015625,1,1.145084856589107,1,Pre-COVID
2019-09-26,-0.018462761170412456,63.324273831337266,-3.347277234100432,-0.7009257721731665,-1.2771612287114875,-1.2531589991591652,-1.978087000884654,3.5677804824702175,1.5192774044943418,0.6824630110027541,0.2689284842505524,216.14731085387604,-1.2956239898819,-0.10344649056013289,-0.5599994659423828,11108.49427263897,2.1778203615080067,1.4723882592489135,0.6998303826876162,1.7836406450337698,0.6808738645287526,3.665376848238533,1.54608971296204,1.4334580076776162,11321.5201171875,0,-0.5081564893442914,1,Pre-COVID
2019-09-27,-0.27727726861956903,66.26182832200344,1.0513300896217936,0.26283474563646436,1.145084856589107,5.319112930777714,1.4079196022255713,5.689471440655169,1.499645669964832,-0.5401120142560334,-0.43563351060998956,212.50846953690063,0.8678075879695379,-1.2771612287114875,0.1700000762939453,11142.768785429602,2.167029695643173,-0.24999568552031004,0.03506192775530881,1.601490629721045,0.5747284857438473,5.3574716929090105,-1.5807183671990965,1.4450278081648629,11494.8001953125,0,-0.3296462425282254,0,Pre-COVID
2019-09-30,-1.5536205081854937,63.79202226707231,-1.4075859246543643,0.08836375504935878,-0.5081564893442914,2.8915576657539077,-0.4197927342949326,4.4374425929285755,1.5087862262323626,-1.6419842632348525,-0.4995787737693047,199.68891448406393,-2.061776997529785,1.145084856589107,-0.22999954223632812,11170.148904332964,2.1882267871156644,-0.6541119708836418,-0.1332228634912891,1.0038104431268864,0.6200829892496262,3.940988855131522,0.008577715574986655,1.4503226162324372,11542.440234375,0,-0.9983032105041145,0,Pre-COVID
2019-10-01,-1.587755397855195,62.18107806307554,-1.4897623569192553,-2.259329512778474,-0.3296462425282254,-0.10344649056013289,-2.5889757553066994,4.4374425929285755,1.4957327353183287,0.671574114923279,1.9935811097934852,188.36299281327197,-1.9174016403834204,-0.5081564893442914,-0.24000072479248047,11192.689740701819,2.173099481243168,0.29938287281050524,-1.0058181166820113,0.5393012156807664,-0.33250391847496896,4.280003592606896,2.3232273523217106,1.4528661637074525,11517.290234375,0,0.0,0,Pre-COVID
2019-10-02,-0.07883639649797214,57.463980529784145,5.608067736236166,-0.2993256161771596,-0.9983032105041145,-1.2771612287114875,-1.297628826681274,5.20471554347679,1.4385304568206714,0.22048921967918744,-1.5437456176082165,186.09450132358566,-1.0771396070020867,-0.3296462425282254,0.8900003433227539,11205.075714770202,2.1078291432129768,-1.8260837347978565,0.6011424173353319,0.5988241056270488,-1.3479792935364499,5.013134159448995,-0.545442407104102,1.4652655653378965,11471.6302734375,0,-0.4040562773145462,0,Pre-COVID
2019-10-03,0.0,57.463980529784145,0.0,0.0,0.0,1.145084856589107,0.0,5.20471554347679,1.453531598627185,0.0,0.0,186.09450132358566,0.0,-0.9983032105041145,0.8900003433227539,11205.075714770202,2.1122355400065125,-1.3246585840098746,0.2502701713024802,0.5116042116734629,-1.3479792935364499,4.7898417649281155,0.0,1.453174834214887,11471.6302734375,0,-1.2307760296977222,0,Pre-COVID
2019-10-04,0.3411054078980347,57.463980529784145,5.608594995349425,-0.6799983255574293,-0.4040562773145462,-0.5081564893442914,-1.0840546028719755,4.2966803952017685,1.4454175995302916,1.021103733455464,-0.1457479759317648,175.09633529490404,-0.06295086941651151,0.0,0.8900003433227539,11213.738323610276,2.050606521861962,-1.3983257810299854,0.05851348702075043,0.22950687329919897,1.11409306096657,5.690906942937302,0.2583083013827814,1.4186948618750685,11471.6302734375,0,-0.43266837625002275,0,Pre-COVID
2019-10-07,0.361675649006199,51.528951895730366,-0.6779708139033391,-1.1703210396286745,-1.2307760296977222,-0.3296462425282254,-2.4010970693263967,2.0879373719601135,0.8773148010859999,1.5319966886348735,0.4081019284519538,177.7666572555836,-0.8691003806915232,-0.4040562773145462,-0.12000083923339844,11210.850299639143,1.2600410202544654,-1.629859279204593,-0.17093362640530074,0.3169778450907252,1.8745347366592169,-0.882104216615287,1.638877958149676,1.4362473066759724,11471.6302734375,0,0.0,0,Pre-COVID
2019-10-08,-2.9194076326829355,49.612913137299294,1.4220705408700463,0.5614069467314131,-0.43266837625002275,-0.9983032105041145,0.12873857048139037,1.1210581441242873,0.507419090749457,-3.4808145794143486,-0.6098303545470141,168.89963680900553,-3.352076008932958,-1.2307760296977222,0.25,11204.594750823282,0.7046349736261931,-2.0554757697761272,-0.2886429334690299,0.30956152856215824,1.9137175577190968,-4.084410585249698,-0.17716197829699132,1.3886646884623648,11471.6302734375,1,1.679783285706482,0,Pre-COVID
2019-10-09,0.0,49.612913137299294,0.0,0.0,0.0,0.0,0.0,1.1210581441242873,0.5123525188401846,0.0,0.0,168.89963680900553,0.0,-0.43266837625002275,0.25,11204.594750823282,0.7104347967870496,-1.6581192272847822,0.7696083459098224,0.31399169113815306,1.9137175577190968,-3.985086526847381,0.0,1.386613260619914,11471.6302734375,0,-0.6960833829169011,0,Pre-COVID
2019-10-10,-0.46771857723271193,49.612913137299294,-3.7577121657927814,1.9874430231849427,1.679783285706482,-0.4040562773145462,3.6672263088914248,2.5154689277705478,0.6340943914799758,-2.4551616004176546,-0.7739354288618938,160.49260583984005,1.2120647084737701,0.0,0.25,11213.23992447375,0.8972362219297607,1.2398470183896837,-0.21020393020728667,0.6577501507776099,1.9137175577190968,-1.1092497374040389,-2.453718714568376,1.41498842115951,11471.6302734375,1,0.6275284833450412,1,Pre-COVID
2019-10-11,0.6960833829169011,46.123989317917044,0.4079236331390401,-1.9871847863500824,-0.6960833829169011,-1.2307760296977222,-2.6832681692669835,2.292220603825923,0.5631775816883074,2.6832681692669835,-0.23101839419978898,157.083291597653,0.0,1.679783285706482,0.06999969482421875,11214.818434119212,0.7945921688513454,0.9720072104687727,0.2808658618285609,0.6737378449119983,1.4211159745050939,-2.9093817835886826,0.4650649887171121,1.4109087339964421,11471.6302734375,1,0.3193315072573366,1,Pre-COVID
2019-10-14,-0.03531640586815765,49.54477704835632,-0.5223456470052179,-0.5238242972698703,0.6275284833450412,-0.43266837625002275,0.10370418607517085,2.0689010011001763,0.5957760537548346,0.4885078914017127,1.5112204275205876,153.07555258775741,0.5922120774768835,-0.6960833829169011,-0.09000015258789062,11221.502239346491,0.8401190533744644,1.6056353159196846,-0.6021569571826535,0.5788434238248782,0.062424485366530114,-1.8011064495841667,0.8836919441755464,1.4101255799391375,11471.6302734375,1,0.7684353972992053,1,Pre-COVID
2019-10-15,0.8244559442747823,51.25164710266967,1.6919540598262062,0.17794543881572977,0.3193315072573366,0.0,0.4972769460730664,3.0685726416594727,0.6040833649555676,0.6465105054590525,-0.28815218412472365,147.7870127635563,1.143787451532119,0.6275284833450412,0.29000091552734375,11230.365065367121,0.8521197758945568,0.24617562000752713,-0.09298660040623075,0.5358038267945141,0.4255441848046715,-1.1617097326541592,-0.6074836913820603,1.4105996378443972,11471.6302734375,1,0.3123841334461419,1,Pre-COVID
2019-10-16,0.03232672921045232,55.19241428505955,-3.32759560270246,0.5556420329297929,0.7684353972992053,1.679783285706482,1.3240774302289982,5.645431679531199,0.6133061799109986,-0.5233153037193405,-0.4539255412282617,147.32086613987374,0.8007621265096576,0.3193315072573366,-0.5799999237060547,11245.02689790937,0.8311876390691626,1.7245906900440255,0.7593675630780172,0.5435129031020062,0.4255441848046715,0.6021127977402729,-1.222360938527467,1.3552572373042968,11324.469921875,1,1.0672506051552677,1,Pre-COVID
2019-10-17,0.424750700191856,56.7353397025069,-2.9080104452521294,-0.36946331673981536,0.3123841334461419,-0.6960833829169011,-0.05707918329367345,5.750112649274919,0.6159334999212451,0.7942140169316714,0.8978577705757607,142.9634173212236,0.7371348336379979,0.7684353972992053,-0.48999977111816406,11261.247127693861,0.8344144790127325,1.4060105710157256,0.4303596783999719,0.3636174620257856,0.0355876274059197,0.9163778360320007,0.5854736371296188,1.3547152071738744,11354.6099609375,1,0.6516288783389612,1,Pre-COVID
2019-10-18,-0.29002817547312265,61.61382406336988,-2.933988251852082,0.5118200242911763,1.0672506051552677,0.6275284833450412,1.579070629446444,8.235089126108463,0.6350009113571389,-0.801848199764299,-0.4108830845652389,147.93914266797705,0.777222429682145,0.3123841334461419,-0.48000049591064453,11285.328793003577,0.8658822496460045,2.1620312781734263,-0.19509390395873183,0.20697776718452743,-0.11972520376233309,2.4071911735460416,-1.4781336897205066,1.3635921367922457,11424.969921875,0,0.0,1,Pre-COVID
2019-10-21,0.33994477111225496,64.28974695329264,0.314862659789239,-0.20042228642422888,0.6516288783389612,0.3193315072573366,0.45120659191473234,3.438376180544256,0.5137623834899465,0.5403670575364838,0.8388957883055381,146.05515671849653,0.9915736494512162,1.0672506051552677,0.050000190734861505,11313.219223845903,0.698726056163341,2.0436093616629236,-0.27576393277909395,0.311373000123271,0.3015357835759902,4.358930708740694,0.1872669099665769,1.3600179354618664,11496.3298828125,0,-0.6302602285396697,1,Pre-COVID
2019-10-22,0.0,64.28974695329264,0.0,0.0,0.0,0.7684353972992053,0.0,3.438376180544256,0.47901597226959874,0.0,0.0,146.05515671849653,0.0,0.6516288783389612,0.050000190734861505,11313.219223845903,0.6511660049878569,1.725833996641657,-0.5495492704686966,0.5156942416739585,0.3015357835759902,4.812420908393378,0.0,1.359382656604752,11496.3298828125,1,0.1359123648397631,1,Pre-COVID
2019-10-23,2.4441046160889712,64.28974695329264,5.524162861947235,1.6292209509566336,-0.6302602285396697,0.3123841334461419,0.9989607224169639,0.0012893638354771753,0.5323731415000565,0.8148836651323377,-4.6816648629000035,141.5066651670271,1.8138443875493016,0.0,0.050000190734861505,11335.099990883562,0.728004766972544,0.0172616921414237,0.10559563413448103,0.7917882872231347,-0.7663915324401027,4.151829904838178,-4.051404634360334,1.3674708774150834,11496.3298828125,0,-0.18527934715960592,0,Pre-COVID
2019-10-24,0.06677149114588943,64.9267801133556,-1.6061782212549391,0.028820334009926896,0.1359123648397631,1.0672506051552677,0.16473269884969,1.4326621148610386,0.4218509941354814,0.03795115713596253,0.9851090120733819,138.11124262392332,0.20268385598565253,-0.6302602285396697,-0.26999855041503906,11355.025888549593,0.5768052584720231,-0.4952044652811738,-0.04220013680440449,0.8554842137396851,0.1734081757064132,2.570424276805716,0.8491966472336188,1.3673198983729113,11496.3298828125,1,0.011230477560042473,0,Pre-COVID
2019-10-25,-0.2488980060293744,63.26760177335457,-1.8137915828501883,-1.0083912015457663,-0.18527934715960592,0.6516288783389612,-1.1936705487053723,0.09851539918148688,0.3672643450217696,0.7594931955163919,-0.3495475448258123,135.13987641990002,-0.4341773531889803,0.1359123648397631,-0.3000011444091797,11371.883201203325,0.5007668524997464,-0.6795663008403952,-0.5065080911839104,0.6533363963228115,-0.25452767751397154,3.0980307243133165,-0.16426819766620637,1.3635052224667685,11496.3298828125,0,0.0,0,Pre-COVID
2019-10-27,0.0974618026091445,63.328660321227105,-5.6650251801733775,0.9781880305527402,0.011230477560042473,0.0,0.9894185081127826,0.6210694344702006,0.3643320087001704,-0.8807262279435957,0.793895134965994,132.5664267514132,0.10869228016918697,-0.18527934715960592,-0.9200000762939435,11387.588178197524,0.4947825064036795,-0.038393894730281986,0.6717190526970285,0.42581034979246224,1.5357085396431103,2.466602011977681,0.7826646574059515,1.3580539029016006,11496.3298828125,0,0.0,0,Pre-COVID
2019-10-28,0.0,63.328660321227105,0.0,0.0,0.0,-0.6302602285396697,0.0,0.6210694344702006,0.3702314828559647,0.0,0.0,132.5664267514132,0.0,0.011230477560042473,-0.9200000762939435,11387.588178197524,0.4997366641400211,-0.17406967735507095,0.0,0.42890869625067196,1.5357085396431103,2.1404354200316833,0.0,1.3497951612543337,11496.3298828125,1,1.7519938181983052,1,Pre-COVID
2019-10-29,0.0,63.328660321227105,0.0,0.0,0.0,0.1359123648397631,0.0,0.6210694344702006,0.35484386480485025,0.0,0.0,132.5664267514132,0.0,0.0,-0.9200000762939435,11387.588178197524,0.46255834089349945,0.011230477560042473,-0.5056898412777344,0.17493235441855512,1.5357085396431103,1.3615374867369079,0.0,1.3035545679010214,11496.3298828125,1,0.4857107869982835,1,Pre-COVID
2019-10-30,-0.6138858089226318,63.328660321227105,7.180159291004129,-0.1289768269931324,1.7519938181983052,-0.18527934715960592,1.6230169912051728,0.6210694344702006,0.5185847426803505,-0.4849089819294994,1.8964603889430887,130.0677230128604,1.1381080092756735,0.0,-0.9200000762939435,11421.664345536796,0.6910453903214553,1.7519938181983052,-0.13412567873388737,1.0737223557289857,-0.24413476031062142,2.816203850095955,0.14446657074478342,1.3325602035606918,11496.3298828125,1,0.2815797488827432,1,Pre-COVID
2019-10-31,-0.5528068677497111,66.6139397656786,1.4616307551950536,-0.10258771215936324,0.4857107869982835,0.011230477560042473,0.3831230748389203,4.685342136954218,0.4920921419277275,-0.45021915559034786,1.4112663818043103,128.517492756979,-0.06709608075142759,1.7519938181983052,0.23999977111816406,11452.955846561847,0.6400448061179689,2.246214228159138,0.21148959733925388,1.0217928216730732,-0.12314019146890676,2.2246005747266873,0.9255555948060268,1.300660489235696,11496.3298828125,1,0.11070906504571099,1,Pre-COVID
2019-11-01,0.47039840727021165,68.39048408448713,-2.2809073484213127,-0.018973796932741926,0.2815797488827432,0.0,0.26260595195000125,6.2882856020269,0.6922327144167085,0.4893722042029536,1.0636120972175034,127.21842731646488,0.7519781561529548,0.4857107869982835,-0.37999916076660156,11484.399872395228,0.6229197068663538,2.5341188614248944,0.14869250690938696,1.1079284849766635,-0.6300873847879473,1.848768361445674,0.7820323483347602,0.8998703670369251,11496.3298828125,1,0.42638888683566023,1,Pre-COVID
2019-11-04,0.7943294763958386,69.08889814771538,-3.378385265427819,0.7683560043224125,0.11070906504571099,0.0,0.8790650693681235,6.868341888845797,0.8385618683475822,0.02597347207342615,-0.5668611456624228,126.11010315343601,0.9050385414415496,0.2815797488827432,-0.5500011444091797,11514.488741801137,0.620242738378102,0.8802182384466839,-0.028168254216287547,1.1172909463350256,0.13476719941376558,1.9615241806591799,-0.6775702107081338,0.7396505394604426,11496.3298828125,0,-0.2018173043904281,1,Pre-COVID
2019-11-05,-0.207507053296907,71.6865220161248,1.271460704130556,-0.41799172801177953,0.42638888683566023,1.7519938181983052,0.008397158823880702,6.868341888845797,0.7416765387639201,0.21048467471487253,0.7762785553727669,125.21715580589432,0.21888183353875323,0.11070906504571099,0.20000076293945135,11546.104376089015,0.5498175861009093,0.8206634401787927,-0.6452035974362946,1.0374191434643594,0.13476719941376558,3.045733061306355,0.3498896685371067,0.7413172148374396,11868.059765625,1,0.4099084396871566,1,Pre-COVID
2019-11-06,-0.8939770421660942,68.72992127941455,-0.06277607464066914,-0.17153513302153867,-0.2018173043904281,0.4857107869982835,-0.3733524374119668,5.33796859493445,0.8194127480410222,-0.7224419091445555,-0.37103775887631363,124.41113529219162,-1.0957943465565223,0.42638888683566023,-0.010000228881835938,11573.592955290755,0.5711019128334981,0.3346677893516947,0.691937665667397,0.49576154684627594,1.1302132340085702,2.6981894026878672,-0.16922045448588552,0.6969648862760502,11894.1298828125,1,0.3844209304726398,1,Pre-COVID
2019-11-07,0.18403784060552209,71.31266410728162,-0.879399137260195,0.8798088585467267,0.4099084396871566,0.2815797488827432,1.2897172982338834,6.51116433428236,0.8162160337591648,-0.6957710179412047,0.17928798190245399,123.77771699281601,0.5939462802926787,-0.2018173043904281,-0.14000034332275213,11602.663833023847,0.5492020578400287,0.6345365060733466,-0.14789205201914957,0.508975143239685,0.6001178408269414,3.3105711001365723,-0.23062045778470264,0.6728635986590485,11918.519921875,0,-0.8649599006986697,1,Pre-COVID
2019-11-08,0.11580807600883869,73.52979302574825,-3.612165427564895,-0.3074808363566106,0.3844209304726398,0.11070906504571099,0.0769400941160292,6.253842417455346,0.809967321886834,0.4232889123654493,0.4054968847685414,123.29008780002371,0.5002290064814785,0.4099084396871566,-0.5699996948242188,11632.988719813748,0.5378806181003366,0.5924815653001847,0.14811109655912258,0.536273630692738,-0.8175415500848437,3.696072994628019,0.02107595429590159,0.6640769367909028,11945.43984375,1,0.04450569159482054,0,Pre-COVID
2019-11-11,-1.3770699468565684,61.89415242744212,4.273501754767017,1.2444487693163642,-0.8649599006986697,0.42638888683566023,0.3794888686176945,4.999492824543639,0.9632558646877928,-2.6215187161729325,-1.5431029665763374,128.64343156210396,-2.242029847555238,0.3844209304726398,0.6499996185302734,11653.371065799767,0.6589899310875785,-0.07593901704411321,0.5302859024262752,0.9927713027101223,-1.9762988776218737,2.799143544625271,-0.6781430658776677,0.6841276084053145,11948.95,0,0.0,0,Pre-COVID
2019-11-12,-0.07660883296871646,62.222543332646985,2.459018611381625,1.1462516426972158,0.04450569159482054,-0.2018173043904281,1.1907573342920363,4.245166813229795,1.009742991882735,-1.2228604756659323,-0.48591655203406026,127.37557428090658,-0.032103141373895916,-0.8649599006986697,0.3900003433227539,11672.636186504415,0.6570482866241534,-0.43957371257468125,0.0,0.9380013852544404,-1.8545027810456194,2.8448950144133622,-0.5304222436288808,0.6507084394793051,11943.380078125,0,-0.6127528029514329,0,Pre-COVID
2019-11-13,0.0,62.222543332646985,0.0,0.0,0.0,0.4099084396871566,0.0,4.245166813229795,0.627403758952338,0.0,0.0,127.37557428090658,0.0,0.04450569159482054,0.3900003433227539,11672.636186504415,0.40825692097406635,-0.8208391654896618,0.2766940079168778,0.9226556146572442,-1.8545027810456194,1.0740833227973479,0.0,0.6507084394793051,11943.380078125,1,0.2672990768123773,0,Pre-COVID
2019-11-14,-0.9858510145977495,62.222543332646985,1.292302058293271,-1.231986537266061,-0.6127528029514329,0.3844209304726398,-1.8447393402174939,2.193103043704947,0.6711605816744666,0.2461355226683115,-0.44158075217746173,126.02315131691927,-1.5986038175491823,0.0,0.3900003433227539,11685.9822196055,0.44164335132932214,-0.5685198212293185,0.28781581152472757,0.9374256791621418,-0.10778756117124644,-0.030812085197351458,0.17117205077397113,0.658029335036867,11943.380078125,1,0.1966845520657623,0,Pre-COVID
2019-11-15,-1.1680294286945947,64.50413103202153,-4.921017685271245,0.41504646416161695,0.2672990768123773,-0.8649599006986697,0.6823455409739942,1.8028872523873085,0.7296002471978974,-1.5830758928562116,0.969754528382083,125.04953062049657,-0.9007303518822174,-0.6127528029514329,-0.8099994659423846,11699.768692921758,0.4406457397290582,-0.3470916087244813,0.5036272042658219,0.900631295365379,0.16130636591671355,-0.04504827087897789,0.7024554515697057,0.6039550306464974,11943.380078125,0,-0.09205364347466549,0,Pre-COVID
2019-11-18,1.5045701360502983,66.129467455037,-3.961660707166881,0.6438055179561308,0.1966845520657623,0.04450569159482054,0.8404900700218931,1.8028872523873085,0.7500474491303484,0.8607646180941675,-0.5075110673381511,124.23686013151348,1.7012546881160606,0.2672990768123773,-0.6199998855590803,11714.263619024776,0.4439508600437241,-0.15108973223459943,-0.2574100299596038,0.652294008250175,0.10148008585673107,0.04079345110297172,-0.7041956194039134,0.5918970332923118,11943.380078125,1,0.46783297046573136,1,Pre-COVID
2019-11-19,1.3348288917403694,64.63481327900789,4.856956146906954,0.03949040949476901,-0.09205364347466549,0.0,-0.052563233979896484,2.55558729765466,0.7058872343576259,1.2953384822456004,-0.1005861294725241,123.5179454473116,1.242775248265704,0.1966845520657623,0.7300004959106445,11726.873721319238,0.4188304367717034,0.3720281236007317,-0.3474354949338898,0.6833717111385622,-0.3665874690389148,-0.4756584761836713,-0.008532485997858608,0.5933390155189027,11943.380078125,1,0.4941332311304558,1,Pre-COVID
2019-11-20,-0.02133942155915225,68.524805041198,-2.220814570981511,0.31994623305315883,0.46783297046573136,-0.6127528029514329,0.7877792035188902,2.8955284021221717,0.8405244880651495,-0.3412856546123111,0.06276202987856028,122.96901886683662,0.4464935489065791,-0.09205364347466549,-0.35000038146972656,11742.668231545591,0.4440778766436298,0.5727714746118107,0.31977024719471725,0.81556681727104,-0.3665874690389148,0.1921543121471414,-0.4050709405871711,0.5283342518453271,11886.519921875,0,-0.2558460196964596,1,Pre-COVID
2019-11-21,2.768320149732584,72.0394638797652,-1.6223231828388585,-0.1176507022083273,0.4941332311304558,0.2672990768123773,0.3764825289221285,3.5959112293140416,0.89823592804357,2.885970851940911,0.0891899690189657,122.57194916375832,3.2624533808630396,0.46783297046573136,-0.25,11761.663148421843,0.4530018248203913,0.871336623336405,-0.11690929703075392,0.4627372317576095,0.08130006116957578,0.27619644934582244,-0.4049432621114901,0.50432387593006,11918.2498046875,0,-0.45118811401312353,1,Pre-COVID
2019-11-22,-0.2208659774199595,67.79730277250997,-1.187337117331888,0.24340596493779287,-0.2558460196964596,0.1966845520657623,-0.012440054758666719,3.3192619673351187,0.8747421447820195,-0.4642719423577524,-0.16026245838365316,122.18688979609053,-0.4767119971164191,0.4941332311304558,-0.18000030517578125,11776.977018214671,0.44222778851429245,0.7059648333964441,-0.11523039602007179,0.6391043915753849,-0.4092614581823306,-0.36338022878881215,0.09558356131280643,0.5055521687902882,11937.5099609375,1,1.3374538722098483,1,Pre-COVID
2019-11-25,0.42950003864221653,60.99350500374581,-0.7343101471204982,-0.3090953501750926,-0.45118811401312353,-0.09205364347466549,-0.7602834641882161,3.3192619673351187,0.7126920254889876,0.7385953888173091,-1.9488085215476292,121.781171677445,-0.021688075370907,-0.2558460196964596,-0.1099996566772461,11787.156527282104,0.3693498648697739,-0.215234542346876,-0.03859972815415391,0.7963050763934405,0.5024046519092495,0.05248506102946138,-1.4976204075345056,0.5182461029293667,11941.3,0,-0.29858001604721185,1,Pre-COVID
2019-11-26,0.4518857484788086,70.42541365249802,0.8742442195118327,0.09063111064588902,1.3374538722098483,0.46783297046573136,1.4280849828557374,3.3192619673351187,1.0190793302006234,0.36125463783291956,0.6981856108850604,134.83946337045205,1.789339620688657,-0.45118811401312353,0.13000011444091797,11808.385673409357,0.5609760632185011,0.6221332687885495,0.05868233173682569,1.1836928617285647,-0.1241402667480962,1.3455363648607221,-0.639268261324788,0.5504733993634778,11979.15,1,0.5233557820665036,1,Pre-COVID
2019-11-27,-0.11181397574241414,66.50737205920962,-1.066665649414067,0.8133780534605339,-0.29858001604721185,0.4941332311304558,0.5147980374133221,2.128224201129858,1.0356306119743763,-0.9251920292029481,-1.1817359798031668,132.91113518147495,-0.410393991789626,1.3374538722098483,-0.15999984741210938,11825.371934291072,0.5766948223074024,0.5790231144153779,-0.14363318842827155,1.5438587861248447,-1.1480814591238286,1.04293884611939,-0.883155963755955,0.5568537811994573,11998.6701171875,1,0.4169196368656758,1,Pre-COVID
2019-11-28,0.31120967100177754,69.68179929004992,-1.4824815685089088,-0.026484121510206293,0.5233557820665036,-0.2558460196964596,0.4968716605562973,2.1664845315416903,0.9899612250134197,0.33769379251198384,0.6701447002090744,131.65678395415316,0.8345654530682811,-0.29858001604721185,-0.2200002670288086,11845.76662029266,0.5294958439300712,1.5636523751047626,-0.35030747165433196,1.5455260655896428,-1.6719400979969157,2.1979738583168817,0.14678891814257078,0.534865235579199,12018.990234375,0,-0.7826467690735917,1,Pre-COVID
2019-11-29,-0.08281281600364121,71.97269089130486,-4.309166343176251,0.3579621422393098,0.4169196368656758,-0.45118811401312353,0.7748817791049856,2.3043682845373503,1.0079695275750669,-0.440774958242951,0.6633498631773094,130.30407994776598,0.3341068208620346,0.5233557820665036,-0.630000114440918,11868.387640317278,0.5331166819973457,0.641063386478935,-0.2804129728036897,1.461286417312555,-1.087442851129461,2.350475403943242,0.24643022631163358,0.5289015861214572,12055.540234375,0,-0.06510929783939412,0,Pre-COVID
2019-12-02,-0.22900094820658135,62.4008275442607,-0.6433177559709069,0.23210669002214912,-0.7826467690735917,1.3374538722098483,-0.5505400790514425,1.3914369396649473,1.123372689741339,-0.46110763822873047,-0.8183549683129621,133.64764728285547,-1.011647717280173,0.4169196368656758,-0.0900001525878924,11882.288541381738,0.6230692461871276,0.1524345105566427,0.44827501255890745,1.5339191530176135,-0.8707360089668659,1.350092739140596,-0.03570819923937041,0.5546416178394495,12083.8701171875,0,-0.4481997238144242,0,Pre-COVID
2019-12-03,-0.6797059763110291,61.671765205202846,2.1582748127196405,-0.1685694883197253,-0.06510929783939412,-0.29858001604721185,-0.2336787861591194,0.8952156999109562,1.1564200472869592,-0.5111364879913038,-0.9737919702190401,131.8922279055579,-0.7448152741504233,-0.7826467690735917,0.30000019073486506,11894.578293524759,0.6220311524515516,-0.4338591912254608,0.24542910158298348,1.0195249849363166,0.059902234708686386,1.377426019710537,-0.908682672379646,0.5378937815850195,12078.76015625,1,0.4085307832292884,0,Pre-COVID
2019-12-04,-0.5863754136337773,56.758860073315894,2.5352155999091686,-0.3616119245795746,-0.4481997238144242,0.5233557820665036,-0.8098116483939988,0.6461249180850892,1.1592133145223156,-0.22476348905420274,0.46290061944518346,130.2988644452332,-1.0345751374482015,-0.06510929783939412,0.3600006103515625,11901.957693657185,0.6354694119408892,-1.2916488584783892,-0.13663618830456192,1.0431767481414855,0.4891797178510293,0.4530999548364001,0.9111003432596076,0.5481902285489447,12070.06015625,0,-0.20592371035360602,0,Pre-COVID
2019-12-05,0.5442514490472394,59.881912158436954,-8.516488249010113,0.7490546060308523,0.4085307832292884,0.4169196368656758,1.1575853892601407,0.6447440206606592,1.1487859577081319,-0.20480315698361284,1.7050107442655449,128.98328277961866,0.9527822322765278,-0.4481997238144242,-1.2400007247924787,11912.420101187208,0.6293242384307957,-0.10658225192470283,0.46771250886235016,0.9888654418906214,1.4104650854969147,0.3675324597109286,1.2964799610362565,0.547816792234683,12058.56015625,0,-0.8062669529681155,0,Pre-COVID
2019-12-06,-0.6516752842132822,57.61389571461748,7.432438044102696,-0.6269672337079535,-0.20592371035360602,-0.7826467690735917,-0.8328909440615595,0.05286846159280323,1.138025592289033,-0.02470805050532876,1.267530168886033,127.81004559650285,-0.8575989945668883,0.4085307832292884,0.9900007247924787,11920.270492997415,0.626923547944844,-0.24733822649373183,-0.6668934845966534,0.8380516114669646,0.9869134358390097,0.41776677223437364,1.473453879239639,0.5508870381113686,12032.01015625,1,0.1342112989137334,0,Pre-COVID
2019-12-09,-0.3648960943444357,49.694047465120576,-4.682040926955411,-0.3648598690534799,-0.8062669529681155,-0.06510929783939412,-1.1711268220215953,0.11210481004262363,1.1572160134721612,-3.6225290955815836e-05,-0.5069164836505657,131.6364249336358,-1.1711630473125512,-0.20592371035360602,-0.6700000762939453,11920.3615675902,0.6668374896222771,-0.6061279128967034,-0.1330445808748859,0.8603442980354248,0.6239989752429231,0.059588473966232236,0.2993504693175497,0.5762428809689103,12005.1001953125,0,-0.6760225785340301,0,Pre-COVID
2019-12-10,-0.09902090692774923,50.89437562208801,7.038123269673724,-0.21365448865128256,0.1342112989137334,-0.4481997238144242,-0.07944318973754916,0.2018710305849325,0.8397737232539788,0.11463358172353333,-0.8662700275603452,130.00156827581745,0.03519039198598417,-0.8062669529681155,0.9600000381469744,11921.631081102038,0.4836941555792482,-0.8776753155165573,-0.1375717075959959,0.9078000240164956,-0.5178332825978238,-1.1284812092349106,-1.0004813264740786,0.5759815318119733,11982.96015625,1,0.44995771891509495,0,Pre-COVID
2019-12-11,0.4266604598742729,45.05504183682749,-2.1232904898424,0.17692500806180123,-0.6760225785340301,0.4085307832292884,-0.4990975704722289,0.2018710305849325,1.0232897601275692,0.2497354518124717,-1.3894470959908145,131.33258508383338,-0.24936211865975721,0.1342112989137334,-0.310000419616701,11916.82876433059,0.5136388072295474,-1.344609770727534,-0.45814812392902526,0.9456632529100707,-0.8302344982963228,-1.5027819906616613,-0.7134245174567844,0.5019485458968974,11955.480078125,1,0.5176207859728388,0,Pre-COVID
2019-12-12,-0.10551974074937132,49.20429376189546,-6.368088522332693,-0.14059162856259189,0.44995771891509495,-0.20592371035360602,0.30936609035250306,0.5886616991986893,1.0050298717534887,0.03507188781322057,1.2293807092682574,129.70177426015553,0.34443797816572364,-0.6760225785340301,-0.9099998474121094,11916.334069982027,0.5033674428033258,-0.09520286352387997,0.07018679385155657,0.9851355060535271,-1.435281742792227,-1.574700650474048,0.7794229903531624,0.5008482402862227,11928.8701171875,1,0.9597587037832866,1,Pre-COVID
2019-12-13,0.4550380749512195,53.56780055530417,-0.22421324898802553,0.7899369819083457,0.5176207859728388,-0.8062669529681155,1.3075577678811845,0.8397857042386159,1.0198022278240262,-0.3348989069571262,-1.0419450777416794,128.60932610359293,0.9726588609240583,0.44995771891509495,-0.02999973297118963,11920.442642923173,0.5169586331284911,0.287328206806281,-0.3952973879021049,1.1435684880210066,-1.1228176012602065,-1.475996758923126,-1.5595658637145182,0.5069204782279761,11919.55,0,-0.27095898360001147,1,Pre-COVID
2019-12-16,-0.9634912072182478,60.39625135095338,-0.37453325322946984,0.14175406517393796,0.9597587037832866,0.1342112989137334,1.1015127689572246,1.6077575615873974,1.0660448154080773,-1.1052452723921857,1.5221046916663372,134.8392681699888,-0.003732503434961121,0.5176207859728388,-0.05000019073486506,11932.758017174236,0.569973439536668,1.9389750557659902,-0.23950904744239887,1.0427135372677288,-1.1941606157430784,0.2542324486174863,0.5623459878830506,0.5346617995716064,11952.5900390625,1,0.9212731336046609,1,Pre-COVID
2019-12-17,0.03230655139178085,57.78762281878988,0.9022547657004942,0.14586064520244468,-0.27095898360001147,-0.6760225785340301,-0.1250983383975668,1.4258083664647314,1.0828589042406824,-0.11355409381066384,0.9749660191028076,132.93263267440662,-0.23865243220823062,0.9597587037832866,0.11999988555908025,11941.735215554847,0.5773335366384236,1.207371863252793,0.18297165561236284,1.1183119528998675,0.6243337866673526,0.047724970591356275,1.245925002702819,0.5331567522501678,11975.880078125,1,0.46568344122481786,1,Pre-COVID
2019-12-18,-1.2483412906297398,63.53842991993395,-6.706405465079657,-0.4019458029020706,0.9212731336046609,0.44995771891509495,0.5193273307025903,1.8835721474920852,1.1142240267776853,-0.8463954877276691,1.8789829179900686,138.12492227615226,-0.32706815702507885,-0.27095898360001147,-0.8999996185302717,11958.273347735969,0.6185077486139469,1.613794069934693,0.3274890130960051,0.8103605762586863,0.8928894523017927,1.424019958865208,0.9577097843854077,0.5551017871076045,12037.5201171875,1,0.3113311498149862,1,Pre-COVID
2019-12-19,0.6781237351715097,66.07734741403226,-1.4377020654513073,-0.1421039607349739,0.46568344122481786,0.5176207859728388,0.323579480489844,1.8547290088009483,1.1170398471930802,0.8202276959064836,0.4700344894301489,136.00379982683162,1.1438071763963276,0.9212731336046609,-0.18000030517578125,11977.782758320342,0.6214886214023225,1.1165180994961554,0.41524611615788576,0.8108424237687223,0.9737957396507957,1.4817506345361275,0.004351048205331054,0.5563710398087476,12099.8201171875,1,0.09869417018555371,1,Pre-COVID
2019-12-20,-0.534419391844998,67.7040048386948,-1.7828222391283455,-0.3200173925510086,0.3113311498149862,0.9597587037832866,-0.008686242736022365,2.433907583135997,1.0990413881382137,-0.2144019992939894,0.6511493932074508,134.2162267770041,-0.22308824203001176,0.46568344122481786,-0.2200002670288086,11998.665531430872,0.6100935518773993,1.706909325708117,-0.31608181959595916,0.8302717728243166,-98.99211410503503,2.007753085641295,0.3398182433924646,0.5551142644418509,12157.4001953125,0,-0.07374472230261553,1,Pre-COVID
2019-12-23,-0.3910199943282122,68.22578164731766,1.7326735984312114,0.3463841975555271,0.09869417018555371,-0.27095898360001147,0.4450783677410808,2.999726401202074,0.9530754919075797,-0.7374041918837393,0.1998337374411463,132.6831296129867,-0.2923258241426585,0.3113311498149862,0.21000003814697443,12018.897699820252,0.5016117555640054,0.8779268778257299,0.32793869134901676,0.7454070348163503,-98.98707129799375,2.938386987270891,0.10113956725559259,0.5263085240653103,12194.4201171875,0,-0.39306187692401684,1,Pre-COVID
2019-12-24,0.09920987380691582,67.34934203498432,-3.0008101204259563,-0.0667482460831148,-0.07374472230261553,0.9212731336046609,-0.14049296838573033,1.5653794388652997,0.973119408815962,0.16595811989003062,0.13222335484912584,131.34237899792163,0.025465151504300287,0.09869417018555371,-0.3699998855590838,12036.9608331669,0.5130220964480722,0.33628526476692233,-0.2789840114438724,0.7297851998803438,0.6189657850989683,2.724607329842943,0.20596807715174137,0.5271933656887773,12236.180078125,0,0.0,0,Pre-COVID
2019-12-25,0.670026475911778,62.72739459469058,-2.7591966777048893,0.2115501293924016,-0.39306187692401684,0.46568344122481786,-0.18151174753161525,1.4691312003588974,0.8607375316312218,0.4584763465193764,-0.5502493125807528,130.11612820444853,0.27696459898776116,-0.07374472230261553,-0.3299999237060547,12050.115571798056,0.4600974987668233,-0.3682829914736674,0.2628673520489011,0.6358817895701483,0.7372523657545926,3.017255970355226,-0.15718743565673599,0.5345386738380031,12246.0900390625,0,-0.7204522590446127,0,Pre-COVID
2019-12-26,0.0,62.72739459469058,0.0,0.0,0.0,0.3113311498149862,0.0,1.4691312003588974,0.898132597225422,0.0,0.0,130.11612820444853,0.0,-0.39306187692401684,-0.3299999237060547,12050.115571798056,0.46562548058941305,-0.46651673683701933,0.350085158889879,0.49883979727598055,0.7372523657545926,2.5557982399794454,0.0,0.5184373464876396,12246.0900390625,1,0.9833794601157297,0,Pre-COVID
2019-12-27,-0.22333764006844392,62.72739459469058,-4.385212586959231,-0.15638660977274066,-0.7204522590446127,0.09869417018555371,-0.8768388688173534,-0.20245478943689,1.0123629480657723,-0.06695103029570326,-0.4547413463629191,128.78186235154786,-0.9437898991130567,0.0,-0.3299999237060547,12056.194288404877,0.5454050140574573,-1.1106823127968846,0.11195330545710203,0.6265049850775084,10034.128109301595,1.2926210137544025,0.26571091268169367,0.5387445431485572,12246.0900390625,1,0.08206736062803532,0,Pre-COVID
2019-12-30,-0.10249386730025734,69.24850457868936,-5.305756822480645,0.3124929003206045,0.9833794601157297,-0.07374472230261553,1.2958723604363342,1.5738986075374717,0.9748835856977672,-0.41498676762086184,0.472735717343431,135.67481390779972,0.8808855928154724,-0.7204522590446127,-0.5900001525878906,12070.23914146285,0.5494348455339326,0.25584242153573467,-0.33505774995145066,1.1686141749293875,10048.58919432408,1.3163196472491423,-0.5106437427722987,0.5635902106641681,12246.0900390625,0,-0.7131240742024536,0,Pre-COVID
2019-12-31,0.10447453404403007,69.72916688334702,4.558409383503426,-0.25931426676141234,0.08206736062803532,-0.39306187692401684,-0.177246906133377,1.7234890746859355,0.9453285864019628,0.3637888008054424,-0.03612130793912982,133.92597153259288,0.1865418946720654,0.9833794601157297,0.48000049591064453,12083.988065011896,0.5317070066309456,0.33811974528648037,0.017816112678303853,1.174142932270506,1.931642441923076,1.6749647276708801,-0.11818866856716514,0.562457344657433,12246.0900390625,1,0.1154609211690083,0,Pre-COVID
2020-01-01,0.18176612003145687,60.82503158575203,5.994548898198682,0.11584717682117107,-0.7131240742024536,0.0,-0.5972768973812825,1.4527854893409131,0.9102138106199342,0.0659189432102858,-0.777176604595875,135.8347306667888,-0.5313579541709967,0.08206736062803532,0.6599998474121076,12090.244519108237,0.5254274440656368,0.3455260671819671,-0.0028136954862589825,1.24764575066457,2.0740763346354107,0.02836165484998432,-0.0640525303934214,0.5772571651233834,12246.0900390625,1,0.8183886337984836,1,Pre-COVID
2020-01-02,-0.029017317543234,61.67232951969545,0.0,-0.2981340139447175,0.1154609211690083,-0.7204522590446127,-0.1826730927757092,1.1566676832435174,0.8788617309328554,0.2691166964014835,0.4456185521664491,133.96676657788348,0.0864436036257743,-0.7131240742024536,0.6599998474121076,12097.078258433552,0.5024082521369827,-0.5169103341316261,-0.04935339351387347,1.2684901744138137,2.0740763346354107,-0.3203363651690716,0.3301576309974408,0.5716579006299687,12195.8298828125,0,-0.4522789386603554,0,Pre-COVID
2020-01-03,-0.7332635878425586,67.10880625526329,-1.5424190574036656,0.2436626771441075,0.8183886337984836,0.9833794601157297,1.062051310942591,2.1949660197148946,0.9616700116853463,-0.9769262649866661,-0.07950566359836708,137.58602387270713,0.08512504595592496,0.1154609211690083,0.6599998474121076,12110.790994498659,0.5627541779078021,0.21500415538180384,-0.35187409644473755,1.1701867911135584,1.0294072768267437,0.1835281421368018,-0.8978942973968507,0.5851842846023627,12226.9599609375,0,-1.9105853072941215,0,Pre-COVID
2020-01-06,1.1724224532521976,61.84521201401379,10.530896973457637,-0.7023314419668192,-0.4522789386603554,0.08206736062803532,-1.1546103806271746,2.559664393113281,0.9925318067382422,1.8747538952190168,1.4446484365141288,135.54342121051266,0.7201435145918422,0.8183886337984836,1.2100000381469727,12119.373171989499,0.5808484447057727,0.4782876568366845,0.5491015575780578,1.0670612752475017,3.660321944796241,-0.36791191822779234,1.8969273751744842,0.5852189729973108,12223.130078125,1,0.4994592001242859,0,Pre-COVID
2020-01-07,0.37457861770361367,45.635321573399416,16.377952401137954,-0.684110618497924,-1.9105853072941215,-0.7131240742024536,-2.5946959257920454,0.4653386780104629,1.2910486779261836,1.0586892362015377,-0.3564110668507148,156.6130763772361,-1.5360066895905078,-0.4522789386603554,2.0799999237060547,12110.015885522684,0.8309398041910723,-1.5551011312333274,0.44248671573023923,1.4160567342369543,5.39359279874112,-2.199345133126751,1.5541742404434067,0.6436161689865243,12170.5701171875,0,-0.22899444111396106,0,Pre-COVID
2020-01-08,0.11588758877096872,49.30461807053726,-1.1502035139737465,0.01995416433888675,0.4994592001242859,0.1154609211690083,0.5194133644631727,1.654328266109828,1.3231688924665475,0.09593342443208197,0.0969810124461068,151.80193312068783,0.6153467888952546,-1.9105853072941215,-0.1700000762939453,12105.788797358968,0.8576720499812861,-1.866522254599734,0.0780691105205511,1.5235335706925557,3.0478932185978636,-1.3230091322152915,-0.4024781876781791,0.6481954455943748,12147.4701171875,1,1.5845758122611686,0,Pre-COVID
2020-01-09,-0.27309101469702446,47.70682751178539,7.049970642365921,0.1469855517584051,-0.22899444111396106,0.8183886337984836,-0.08200888935555595,0.9672356349142097,1.3346526809333643,-0.42007656645542957,0.366462827043712,147.59547485042947,-0.5020854558109855,0.4994592001242859,1.0300006866455078,12099.830338989785,0.8568789740881567,-1.646409890024747,0.5195941957640393,1.5094899094770342,5.094614491230387,-1.5489739559610416,0.5954572681576731,0.6420239409068202,12116.0400390625,1,0.33480474426501594,1,Pre-COVID
2020-01-10,-1.121853121317673,57.86004019978565,-10.485935468811714,0.7063611550357285,1.5845758122611686,-0.4522789386603554,2.290936967296897,2.0389631460586477,1.4064852647499941,-1.8282142763534015,-0.1773898707867927,161.46678263078866,0.4627226909434956,-0.22899444111396106,-1.640000343322754,12108.428120592393,0.9872799663430839,1.8581644332903435,-1.0367242832535206,1.6557480056530485,2.0378480175678115,0.736817869687556,-1.7619656830479613,0.7019483182270854,12102.780078125,1,0.5935480807329307,1,Pre-COVID
2020-01-13,-0.019236157043045488,59.67003518932694,0.5714280264718319,-0.31922455063486677,0.33480474426501594,-1.9105853072941215,0.015580193630149175,1.407328771511751,1.3695791318916601,0.2999883935918213,0.21820830037786454,156.28027801960002,0.31556858722197045,1.5845758122611686,0.07999992370605646,12119.418615710549,0.9414205090286376,1.6912839269366486,-0.3047189341226164,1.7013355678328892,-1.2711885410809476,0.08982671753126059,-0.1165964438871514,0.687379419684492,12108.8099609375,1,0.2656220260982112,1,Pre-COVID
2020-01-14,-0.345980973796145,62.736040153653285,1.4204531985003932,-0.34352492706033466,0.5935480807329307,0.4994592001242859,0.2500231536725961,2.286384172071454,1.3826542302098734,-0.0024560467358103466,1.6666770687131072,153.36260748677807,0.24756710693678574,0.33480474426501594,0.19999980926513494,12134.9838889681,0.959315775982941,2.529657807830765,-0.3389244199722308,0.8684798845843871,-3.8727564779677204,0.6013470927068498,1.0731289879801764,0.6938218933442679,12176.1099609375,0,-0.15369308543056182,1,Pre-COVID
2020-01-15,0.211571046279313,64.0606212897776,-2.5910356616098973,-0.5950470388722873,0.2656220260982112,-0.22899444111396106,-0.3294250127740761,1.6218644035141727,1.3390357454646042,0.8066180851516003,0.8409346505592774,149.397326228124,0.4771930723775242,0.5935480807329307,-0.36999988555908203,12151.822104947316,0.9203423548519533,1.1984332663260266,-0.32993718677257755,0.9136387407269272,-2.1126760563380254,1.593050933056972,0.5753126244610662,0.6873172414069643,12237.9798828125,1,0.09884063018437139,1,Pre-COVID
2020-01-16,0.7598307632979973,62.668848763302,1.5097055388253011,-0.615674754538198,-0.15369308543056182,1.5845758122611686,-0.7693678399687598,0.995359956915598,1.348805042650224,1.3755055178361952,-0.09472967128827392,145.9354158039573,0.6061376778674354,0.2656220260982112,0.21000003814697266,12166.005638261402,0.9257742910057101,0.7057307076755892,0.17844990564519492,0.8908884546500626,-2.9085852671524304,1.3199245203160181,0.058963414142287895,0.6863662735511465,12301.569921875,0,-0.0254978804985595,1,Pre-COVID
2020-01-17,0.3530147392649452,63.221397012962385,0.42493215370391635,-0.007722094463602502,0.09884063018437139,0.33480474426501594,0.09111853572076889,0.7814204520607104,1.306961350884835,0.3607368337285477,0.21288983554386132,142.95136036342947,0.4518553694493166,-0.15369308543056182,0.06000041961669744,12180.042257649447,0.8941884424238362,0.21047155592521793,-0.17940278547620148,0.38193648906978966,-0.14265117874148192,0.5967970194417971,0.11404920535948992,0.6841735921936477,12329.48984375,0,-1.0346193941151438,0,Pre-COVID
2020-01-20,1.7589913413116443,62.96224098908517,-0.3526106463947798,-0.8009288909167744,-0.0254978804985595,0.5935480807329307,-0.8264267714153339,0.6563813456012646,1.32207080819174,2.5599202322284187,-0.15291976481403013,140.36097846080537,1.7334934608130848,0.09884063018437139,-0.050000190734861505,12192.805765184674,0.8768726731481437,-0.08048822201131012,0.32184180858008116,0.3981343399143217,0.0,1.0280756767722998,-0.12742188431547063,0.6632569659527371,12348.5998046875,0,-0.4474618385662321,0,Pre-COVID
2020-01-21,0.12452392612680718,53.39945360053188,9.058738305762827,-0.5797825324068362,-1.0346193941151438,0.2656220260982112,-1.61440192652198,-0.31151410012028036,0.9672355565789975,0.7043064585336434,-0.9136936913485494,146.83585516082303,-0.9100954679883366,-0.0254978804985595,1.2799997329711914,12195.157175518216,0.6731478495619104,-0.9620604042600012,0.12558363915533555,0.6628693303385199,1.3812936467232362,1.9302846546132013,0.12092570276659442,0.6959502728022473,12327.5998046875,0,-0.5172555189302153,0,Pre-COVID
2020-01-22,0.5061192441256912,49.90565810832485,2.92018049137559,0.019223684209457303,-0.4474618385662321,-0.15369308543056182,-0.4282381543567748,-0.3659585987798364,1.0044672200364804,0.4868955599162339,-0.19713641536257542,143.48420728521327,0.058657405559459086,-1.0346193941151438,0.4499998092651367,12193.282540989088,0.691658764337677,-1.50257286734653,-0.005209082922152941,0.5887878517032803,1.0935282535690094,0.9698821630239829,0.2503254232036567,0.6885827137416296,12289.109765625,1,0.606672363529781,0,Pre-COVID
2020-01-23,0.3051527866632098,46.16251621054028,3.1525912011215684,-0.2779688558584348,-0.5172555189302153,0.09884063018437139,-0.79522437478865,-0.3659585987798364,1.0270899937123528,0.5831216425216446,0.9851476794777492,140.81747574093484,-0.2121027322670055,-0.4474618385662321,0.5000009536743164,12186.883863184341,0.7125261720573313,-1.987065024161172,0.19568912507015312,0.5791414583357009,0.6847408949813172,0.6781572586165963,1.5024031984079644,0.6937329506825792,12241.8298828125,1,0.5574584704263197,0,Pre-COVID
2020-01-24,-0.0792211257136799,50.79951914604077,-3.0562404341106686,0.37895270235404066,0.606672363529781,-0.0254978804985595,0.9856250658838217,0.44365302212097113,0.7523515569158566,-0.45817382806772056,0.8561643119014306,139.95527454839336,0.5274512378161011,-0.5172555189302153,-0.5000009536743164,12186.39984438365,0.5236058175337286,-0.3615691049461134,-0.12912190458507222,0.7954423589053194,0.5999973842075956,-0.29102055610475963,0.24949194837164956,0.6959589737607916,12206.7998046875,0,-1.0552527912150667,0,Pre-COVID
2020-01-27,-0.6315577750247048,54.685161536125705,-1.891546302362268,0.2092156571299464,0.5574584704263197,-1.0346193941151438,0.7666741275562661,0.020008454748388083,0.7994652716085131,-0.8407734321546512,-0.010017910126425278,138.5134566919408,-0.0740993045983851,0.606672363529781,-0.2999992370605469,12190.981337392268,0.5450383864329614,0.6442182372131011,0.3417325821520878,0.9625141816926998,1.2875558029075362,-0.06975560361384137,-0.567476380552745,0.6817536742482949,12185.9798828125,0,-0.5214967844912932,0,Pre-COVID
2020-01-28,2.5298015046599898,47.065448058599486,10.411310037734477,-0.23901019001913992,-1.0552527912150667,-0.4474618385662321,-1.2942629812342066,-1.1166064674155152,0.8338654949707689,2.7688116946791297,-0.48078929595847253,145.35766246634861,1.474548713444923,0.5574584704263197,1.619999885559082,12185.649386474322,0.5910830338675896,0.0999397780159228,0.0056053655757448695,0.9262502802791889,1.7598607435162394,-1.7076844493336796,0.5744634952565941,0.7088469751406652,12164.869921875,1,0.6113256399948197,1,Pre-COVID
2020-01-29,0.5678398049933753,43.84813846377814,0.698480382730926,0.27504626793073417,-0.5214967844912932,-0.5172555189302153,-0.24645051656055905,-0.9257579134308691,0.8335564307348485,0.2927935370626411,0.22081377752161124,142.44053338229384,0.046343020502082055,-1.0552527912150667,0.11999893188476562,12176.030898934558,0.5788325083066693,-1.0225470424234495,0.1612414974900389,0.9449671179054797,1.6794766144296647,-2.4793121412876817,0.7423105620129045,0.6944131037571448,12142.0599609375,0,-0.7724984155365044,0,Pre-COVID
2020-01-30,-0.6998051425333385,48.28750543568345,-4.624273250525734,-0.23553325750820253,0.6113256399948197,0.606672363529781,0.37579238248661717,-0.4350502770367304,0.9165166240922449,-0.46427188502513594,0.3015918151523911,141.3614883063212,-0.08847950253851877,-0.5214967844912932,-0.7999992370605469,12172.584165680146,0.6401673295479301,-0.9695262588533038,-0.29339634489646826,0.9859064700232398,0.9067715684966782,-1.7321122233967534,-0.3097338248424286,0.6984786883602095,12146.5798828125,0,-0.6123414854723341,0,Pre-COVID
2020-01-31,-1.316580179939808,43.57109194518197,1.8181771943063474,0.028908120486392797,-0.7724984155365044,0.5574584704263197,-0.7435902950501116,-2.006158397573088,0.9288547600697801,-1.3454883004262008,-0.9187306708866028,143.0305157769367,-2.0890785954763125,0.6113256399948197,0.2999992370605469,12162.451990791802,0.658143728614775,-0.6865269024878273,0.09771525391559788,0.9881830468067372,2.0448771355425555,-2.5875132152685,-0.14623225535009832,0.7085539707762778,12117.669921875,0,-2.1250384719316173,0,Pre-COVID
2020-02-03,-0.5828644361335344,40.24169062928666,3.3928668336807855,1.219895218955136,-0.6123414854723341,-1.0552527912150667,0.6075537334828018,-2.163722465253848,0.924639891654358,-1.8027596550886704,-1.1253743323024201,141.76120612126172,-1.1952059216058686,-0.7724984155365044,0.5700016021728516,12147.611073649816,0.6610811423877693,-0.7772208964192284,0.47685318841266255,0.8106723585802157,1.3276762309240908,-3.159317962501762,-0.513032846830086,0.7149606546960724,12060.43984375,1,2.321082268667074,0,Pre-COVID
2020-02-04,0.023322072104958735,31.345035993833648,-9.153719225337586,-0.5031048545055761,-2.1250384719316173,-0.5214967844912932,-2.6281433264371934,-2.3776221954072807,1.0592173371869706,0.5264269266105348,-0.5218608471891151,164.55820806551006,-2.1017163998266586,-0.6123414854723341,-1.590001106262207,12115.039911944274,0.8540755192327592,-3.4758201852920556,-0.200308881854927,1.1972794660812272,0.16736785451840763,-4.2263267140061895,1.6031776247425022,0.8063269823311794,11978.219921875,1,0.9140500467834434,0,Pre-COVID
2020-02-05,-0.37757263958200227,45.27413878196812,-8.871987593289198,-0.11129774545968196,2.321082268667074,0.6113256399948197,2.209784523207392,-0.6081482417143569,1.3208603852054122,-0.2662748941223203,1.8116502074934537,186.83688058385854,1.9435096290850717,-2.1250384719316173,-1.3999996185302734,12105.011058513215,1.2180731346617593,-0.46652000676042915,-0.25511170460866817,1.7192221583793552,-0.39193556792852524,-1.5628723842526449,-0.5094320611736203,0.9221815932803874,11962.9900390625,1,0.40366612301674376,1,Pre-COVID
2020-02-06,-0.8746504191982973,49.70234827474439,-1.460361867007809,0.1132736041155491,0.9140500467834434,-0.7724984155365044,1.0273236508989925,0.5305524024038499,1.3349605931969042,-0.9879240233138464,0.5975296342948466,184.58473009976063,0.039399627585146035,2.321082268667074,-0.21000003814697443,12103.8361942252,1.2537891141671262,1.062111045709968,-0.30022631177705206,1.7214134453327565,-0.8424578262246296,-0.14661060574797657,-0.31652041248859675,0.9391955990484422,11954.9201171875,0,-0.32625431230384194,1,Pre-COVID
2020-02-07,0.8553214193096181,51.582640302091825,-2.752295986047404,0.5707924701476408,0.40366612301674376,-0.6123414854723341,0.9744585931643845,-0.6381043788824758,1.3335484920602818,0.28452894916197735,-0.47056054757863564,176.15736634687556,1.258987542326362,0.9140500467834434,-0.39000034332275213,12106.363157268703,1.2443459160582533,3.673159066435683,0.11252015860985232,1.7939970827346408,-0.9741120822386318,-0.3480968561843767,-0.8742266705953794,0.9331088620575254,11975.3501953125,0,-0.5525514763038308,1,Pre-COVID
2020-02-10,1.7111667849905032,49.95076143068241,-0.21770488789931708,8.966317105452148e-05,-0.32625431230384194,-2.1250384719316173,-0.3261646491327874,-1.2927533927077905,1.3416686694838362,1.7110771218194487,0.6047223172336968,168.80085031312544,1.3849124726866613,0.40366612301674376,-0.029999732971191406,12105.769561128429,1.2294460692054552,0.9908404242154889,0.4074190984602488,1.7658702183112027,-0.4739285587048059,-1.2238514940909884,0.9309766295375388,0.9163559506418809,12002.6001953125,1,0.6350030388978967,1,Pre-COVID
2020-02-11,-0.41365641702019174,47.23418030000675,3.345454822887084,0.09168748276183747,-0.5525514763038308,2.321082268667074,-0.46086399354199337,-2.417361618298397,1.2994898355331332,-0.5053438997820292,-0.23194185219307384,163.2283515213753,-0.9662078933240226,-0.32625431230384194,0.46000003814697266,12100.268112155953,1.1966261166115648,-0.47687710684538587,0.06366546552007968,1.2479394687254228,0.11139213505240164,-0.7220067662348395,0.320609624110757,0.9208429983530297,12067.3201171875,1,0.7705696419483266,1,Pre-COVID
2020-02-12,0.13244003115808756,50.544547250808705,-2.322307690500802,0.14562968784612718,0.6350030388978967,0.9140500467834434,0.7806327267440238,-2.0578647831048236,1.3073314720361207,-0.01318965668803962,0.1238536112123434,159.72322366227516,0.7674430700559842,-0.5525514763038308,-0.3299999237060547,12100.833466116623,1.2035788519519035,-0.24756902280835824,-0.3293050328152858,0.6750240675046218,0.6745302175899859,0.43216200319817766,-0.5111494276855533,0.9206378623675605,12092.9701171875,0,-0.21759994314084485,1,Pre-COVID
2020-02-13,-1.486522662685641,54.31398491828592,-1.8732004808222458,-0.15620102789346557,0.7705696419483266,0.40366612301674376,0.614368614054861,-1.1512286959200035,1.3020663825279597,-1.3303216347921754,0.5215004835237513,159.00090126251342,-0.7159530207373144,0.6350030388978967,-0.26000022888183594,12108.26803864965,1.2128538444946566,0.8501207954662027,-0.006593304028812419,0.6212701188897286,1.2744178157482855,0.591122431365676,-0.24906915842457522,0.9314838787325853,12115.380078125,0,-0.5026854435148831,1,Pre-COVID
2020-02-14,1.0724089557245464,53.0742982689444,-1.8355359919280834,-0.6164022614986719,-0.21759994314084485,-0.32625431230384194,-0.8340022046395168,-1.463717448707058,1.285982291644848,1.6888112172232184,0.8160016873915765,154.03364828167827,0.8548090125837016,0.7705696419483266,-0.25,12113.185249907085,1.1825662676514748,1.189796705522994,0.029329292598867518,0.6297718840417882,1.0399070063055182,1.153646522796281,1.0336016305324214,0.919582077611896,12122.7201171875,0,-0.558473346026378,1,Pre-COVID
2020-02-17,0.45469907276886046,50.228360369373,1.8698579068054055,-0.7635482861693799,-0.5026854435148831,-0.5525514763038308,-1.266233729684263,-1.934040256447922,1.2771107089944487,1.2182473589382403,-0.18173507444765313,149.7314880159962,-0.04798637074602263,-0.21759994314084485,0.25,12113.20487549267,1.1754973089754728,0.0458362268308532,-0.038855268778725804,0.6609495579036155,0.42016164699176795,1.2652510084340207,0.32095036906722996,0.9204349322020063,12125.740234375,0,-0.44247626186481037,0,Pre-COVID
2020-02-18,-0.9640320605995956,47.214528640949105,5.873716574572674,0.05870248684806123,-0.558473346026378,0.6350030388978967,-0.49977085917831676,-1.4622215366283497,1.0718092447212524,-1.0227345474476568,0.029737986510647296,146.81787490032158,-1.5225054066259736,-0.5026854435148831,0.8000001907348615,12108.21190728488,0.9173141835901197,-1.2736483963659784,0.34559411131527273,0.6757404270086965,-0.055634095519385696,2.8860803627358322,0.5882113325370253,0.8558558232267408,12128.6001953125,1,1.112365150093808,0,Pre-COVID
2020-02-19,0.36264780675192565,44.927246225146966,0.6241342032712538,0.05722219133473816,-0.44247626186481037,0.7705696419483266,-0.3852540705300722,-1.4572867789457211,0.6989756501877012,0.3054256154171875,0.6069954768055164,143.23215824694503,-0.07982845511288472,-0.558473346026378,0.0900001525878924,12099.640654893408,0.5975316237060323,-1.496144733365512,-0.23156554352505854,0.5892579598252808,0.8933548228657662,0.10726197306272223,1.0494717386703267,0.8548675815469037,12105.5201171875,0,-0.3715252459506435,0,Pre-COVID
2020-02-20,1.0874883589762296,51.287840357994675,-3.3769797614670582,-0.2102841059507865,1.112365150093808,-0.21759994314084485,0.9020810441430216,0.15693529629361436,0.721013816424545,1.2977724649270161,0.14180162698709253,150.00518949110227,2.1998535090700377,-0.44247626186481037,-0.48999977111816406,12101.585820503156,0.6330213119468081,0.1027799273680019,0.3164710589804276,0.7259953387985141,2.656601810765191,0.3039915859471831,-0.9705635231067156,0.8779600299669891,12090.46015625,0,0.0,0,Wave 1 Crash
2020-02-21,0.200844043331172,49.220386526131314,-2.282458188660985,0.7108823188041513,-0.3715252459506435,-0.5026854435148831,0.3393570728535078,-0.816889524446951,0.7589832095324226,-0.5100382754729793,-0.7339371553137575,146.11229703812177,-0.1706812026194715,1.112365150093808,-0.32000064849853516,12100.049804864035,0.6299286498380956,0.29097117049763366,0.3527802335623553,0.7401733720828241,2.4200247939400343,-0.47043022107268184,-0.36241190936311396,0.8299638804266429,12071.7,0,-2.081386879900149,0,Wave 1 Crash
2020-02-24,0.0,49.220386526131314,0.0,0.0,0.0,-0.558473346026378,0.0,-0.816889524446951,0.7522396998956132,0.0,0.0,146.11229703812177,0.0,-0.3715252459506435,-0.32000064849853516,12100.049804864035,0.6221650819001051,0.736707186783403,0.39330510334296687,0.7197675513766942,2.4200247939400343,-0.14464782854711755,0.0,0.8270835505108514,12071.7,0,-0.2662856861702312,0,Wave 1 Crash
2020-02-25,-0.8931397277471276,49.220386526131314,24.08759296845475,0.5050944194983975,-2.081386879900149,-0.44247626186481037,-1.5762924604017514,-2.3896328853453275,0.9996399989736795,-1.398234147245525,-1.1267649583382888,141.9185845056786,-2.9745266076472765,0.0,-0.32000064849853516,12078.525403731623,0.8967832762904538,-2.4451792481260615,-0.30952424784708166,1.1136393828384732,7.3754564524653565,-1.6797540570585578,0.9546219215618601,0.8971062353559365,12071.7,0,-1.0120477938589723,0,Wave 1 Crash
2020-02-26,-1.9159399625801266,47.54658851727077,-0.5882375380572125,0.19273264929366984,-0.2662856861702312,1.112365150093808,-0.07355303687656134,-2.139214471380191,0.9522925958751706,-2.1086726118737964,0.611714478191816,138.72664042575457,-2.1822256487503577,-2.081386879900149,-0.10000038146972656,12057.738365723726,0.8515270414298197,-2.342130130735387,0.22242865816766155,1.1170927568042965,3.597120251841779,-2.5603117799022246,0.8780001643620472,0.8941863509418814,12071.7,0,-0.3870376787472707,0,Wave 1 Crash
2020-02-27,-0.23819624065806178,41.75091512606505,8.047341071300206,0.5985152404446747,-1.0120477938589723,-0.3715252459506435,-0.4135325534142975,-3.7182076755018723,0.8786304188162166,-0.8367114811027365,-1.3901886792452856,143.93547378565395,-1.250244034517034,-0.2662856861702312,1.360000610351566,12029.646634929377,0.7976888339130997,-3.3304744482769544,-0.24525311847917175,0.8083817185905618,2.206487043018268,-4.284006384169592,-0.3781408853863133,0.9078775520883594,12071.7,0,-3.709607866493836,0,Wave 1 Crash
2020-02-28,0.9731906776045407,39.77436842085797,-2.6834598300997548,-0.008420777685502756,-0.3870376787472707,0.0,-0.39545845643277344,-3.3441898879311815,0.8757696897782995,0.9816114552900435,-1.2763103388234942,140.25514368714988,0.58615299885727,-1.0120477938589723,-0.4899997711181676,12000.287610467016,0.7943738925022243,-1.6577390185635532,-0.2874690357738685,0.8130245477193228,1.520916289876384,-4.446539067391731,-0.8892726600762235,0.9070579876037301,12071.7,0,-0.6159751824491688,0,Wave 1 Crash
2020-03-02,-0.2015403825975648,26.752349786584617,30.782212562997778,0.2649195975959806,-3.709607866493836,-2.081386879900149,-3.4446882688978553,-6.35632233641571,1.1735498982267216,-0.4664599801935454,-5.649100214641701,186.56226515386334,-3.9111482490914007,-0.3870376787472707,5.469999313354492,11941.136676358348,1.3024325194382225,-5.0530210536335884,0.37201914391096214,1.1082360820234323,1.520916289876384,-7.5263461739851545,-1.9394923481478643,1.1098228727120103,11628.1701171875,1,1.5319647408546855,0,Wave 1 Crash
2020-03-03,0.06626848308928235,25.32469846084699,8.433739290553287,-0.3403834137952755,-0.6159751824491688,-0.2662856861702312,-0.9563585962444443,-4.912498154541412,1.179835374150997,0.40665189688455783,1.4112988773121282,178.30912980001486,-0.5497066993598865,-3.709607866493836,1.960000991821289,11881.256181813285,1.3015134014172822,-4.673117266772275,0.3058546083271718,1.1695369457278448,-4.017633432329548,-7.579818853806586,2.027274059761297,1.1031313603695434,11488.8400390625,0,-0.46269501465237006,0,Wave 1 Crash
2020-03-04,3.5840920467639314,34.61304014723038,-2.619046934247493,-0.4628023629052791,1.5319647408546855,-1.0120477938589723,1.0691623779494064,-5.645829084184262,1.296002253789307,4.0468944096692105,1.9157149481887181,184.81008632147118,5.116056787618617,-0.6159751824491688,-0.6599998474121094,11838.444598322487,1.4935630466425223,-2.836684393425759,0.9355445711545451,1.637983432139607,-0.8547000709447916,-5.746926790181361,0.38375020733403264,1.1524386181783082,11389.919921875,1,0.15998577904186018,0,Wave 1 Crash
2020-03-05,2.557860847861848,33.24735126448378,-1.263249232785757,-1.3310154013231323,-0.46269501465237006,-0.3870376787472707,-1.7937104159755024,-6.933079360771099,1.1922375291563378,3.8888762491849804,0.897397524818544,175.17007481194148,2.095165833209478,1.5319647408546855,-0.3100013732910156,11794.930183631932,1.3734911074782021,0.4396634454437942,0.7099292029872695,1.692302469809035,1.545836911730114,-7.215137535695238,1.360092539470914,1.1520280764277744,11304.419921875,0,-2.4806975302821943,0,Wave 1 Crash
2020-03-06,0.575188018787709,34.20947843387887,-4.044571030750744,0.40417270392429927,0.15998577904186018,-3.709607866493836,0.5641584829661594,-7.158953376230492,1.2235690661291032,0.1710153148634097,0.04443817107777637,166.8393981703491,0.7351737978295692,-0.46269501465237006,-0.9799995422363281,11755.97239225179,1.3992676785209646,1.223866519952388,0.9551150239730521,1.7400349371861805,1.765649621596932,-6.720136709134983,-0.11554760796408381,1.1435951734423513,11231.5599609375,0,-4.895604333595161,0,Wave 1 Crash
2020-03-09,0.9130545728491035,27.564599978788706,10.279567267305122,-1.0379147275412781,-2.4806975302821943,-0.6159751824491688,-3.5186122578234724,-9.165708132646577,1.232467962782062,1.9509693003903816,-1.3095900127625293,189.19375250284418,-1.5676429574330908,0.15998577904186018,2.389999389648441,11699.192970256287,1.481924403444263,-2.776619348314957,-0.25309897609444576,1.2066402153437676,4.495585638731114,-9.034127974042082,1.171107517519665,1.2024039959431103,11189.1,0,0.0,0,Wave 1 Crash
2020-03-10,1.6299543111063186,19.652832604293664,20.124804876147294,0.07984996999549354,-4.895604333595161,1.5319647408546855,-4.815754363599667,-13.132608608132823,1.3212918060286014,1.550104341110825,-5.162317549557893,242.66888563267338,-3.265650022488842,-2.4806975302821943,5.159999847412106,11606.76757951971,1.9252664249488574,-7.106477688094392,0.1898281216685005,1.609933868972837,3.86173468084281,-11.648521056101446,-0.2667132159627328,1.4571091836280206,11052.8400390625,1,0.06649981756232659,0,Wave 1 Crash
2020-03-11,0.0,19.652832604293664,0.0,0.0,0.0,-0.46269501465237006,0.0,-13.132608608132823,1.3301110203824293,0.0,0.0,242.66888563267338,0.0,-4.895604333595161,5.159999847412106,11606.76757951971,1.9415999574206348,-7.25485672808146,0.5550324620423819,1.4031961092613023,3.86173468084281,-11.412625558208934,0.0,1.4597277426732251,11052.8400390625,0,-8.301938801064711,0,Wave 1 Crash
2020-03-12,-1.7863637664808474,19.652832604293664,2.4675332717779996,0.028727072940926135,0.06649981756232659,0.15998577904186018,0.09522689050325273,-14.283839104263329,1.3675818177688255,-1.8150908394217735,-1.1679647485855704,221.8520692920065,-1.7198639489185208,0.0,5.159999847412106,11515.439408385226,1.9819460271570393,-4.832360083983245,-0.27013467154156645,1.4808669617286665,0.20997856760818223,-10.447400003211026,-1.234464566147897,1.4492339699673509,11052.8400390625,1,3.8065076126893693,0,Wave 1 Crash
2020-03-13,-0.6249345296270636,12.449953653000733,30.41825267402003,-1.1992290555798868,-8.301938801064711,-2.4806975302821943,-9.5011678566446,-21.228535662840674,1.4722728089868315,0.5742945259528227,-8.831247338489112,314.43189364682235,-8.926873330691777,0.06649981756232659,9.600000381469727,11372.825407069653,2.9958386668389094,-8.240959757659228,0.7479284299990674,1.573252554551459,-0.21030975060264412,-17.56293956456996,-0.5293085374244,2.034839364284203,11052.8400390625,0,-7.612100106679087,0,Wave 1 Crash
2020-03-16,0.8812541530636375,24.910871601270273,25.048594294247174,1.179899229078063,3.8065076126893693,-4.895604333595161,4.986406841767432,-17.816971756198498,1.5468427496615704,-0.29864507601442547,1.1524223618617269,327.81774858245416,4.687761765753007,-8.301938801064711,10.310001373291016,11267.816132124677,3.3989696941568823,-4.7481449055038265,0.7223126004508806,1.888589575907437,-6.222792196291726,-11.128170193831322,-2.6540852508276425,2.1973595536752843,11052.8400390625,0,-2.504518409052825,0,Wave 1 Crash
2020-03-17,3.3654035967210505,18.89784641377473,14.39673532479253,-0.5944508539985072,-7.612100106679087,0.0,-8.206550960677594,-23.64641169741236,1.5627670486501697,3.9598544507195577,-8.034138394600475,391.28028965687685,-4.246696509958037,3.8065076126893693,7.409999847412109,11114.452003124701,3.957931009810779,-12.057293208341601,-1.8539225319618935,1.8170362514431402,-7.25429272475917,-17.384290578473426,-0.4220382879213891,2.5326429892882247,11052.8400390625,0,-5.556454027271506,0,Wave 1 Crash
2020-03-18,2.7883092763444695,17.513937782399367,6.878395318599462,-1.5905209106701457,-2.504518409052825,0.06649981756232659,-4.095039319722971,-25.227852368667914,1.5227782204854352,4.378830187014615,-2.8278027717565157,375.8010290307516,0.2837908672916445,-7.612100106679087,4.049999237060547,10955.385173610835,3.7800670751686196,-6.497297336928332,1.6927357951510125,1.7563814526260377,-7.25429272475917,-20.66874311368042,-0.32328436270369076,2.482349053962252,9633.640234375,0,-2.4247781753128472,0,Wave 1 Crash
2020-03-19,1.6397585531938708,14.961712143024528,1.6367372863530072,-1.5522766292699552,-5.556454027271506,-8.301938801064711,-7.1087306565414625,-30.159414708411635,1.4869978547772273,3.1920351824638264,-2.8617476289852672,397.7734250297765,-3.916695474077636,-2.504518409052825,1.029998779296875,10771.193664801698,3.858962279376797,-14.930894019839858,-1.520326035183639,1.6432627860712137,-7.176536554650981,-24.728470316527417,2.6947063982862396,2.595136413163301,9235.7201171875,1,5.832914685846569,0,Wave 1 Crash
2020-03-20,1.675421280110967,14.052785293405933,12.883048751903313,0.011288110834928311,-2.4247781753128472,3.8065076126893693,-2.413490064477919,-31.598766125688016,1.440375597933513,1.6641331692760386,-3.51399642644431,377.6258830726813,-0.7493568952018803,-5.556454027271506,8.239997863769531,10585.434889283979,3.7280897756487814,-10.154501877122634,1.3100568573005233,1.4468517355805937,-7.244468035629836,-26.670953986045788,-1.089218251131463,2.588276128013681,8970.380078125,0,-12.980466070471241,0,Wave 1 Crash
2020-03-23,-1.379456608410612,25.4941048410966,-7.063710096521358,-4.667279272656644,5.832914685846569,-7.612100106679087,1.165635413189925,-31.598766125688016,1.6138262182271055,3.2878226642460318,9.025133997464717,397.3727321265319,4.453458077435957,-2.4247781753128472,-5.099998474121094,10449.139726767573,4.663878070109093,-2.4712655132032357,0.23698517334227454,1.4946727288558637,-1.392677051907698,-20.41958387469801,3.1922193116181496,2.889950613809762,8728.430078125,1,2.507142402516349,0,Wave 1 Crash
2020-03-24,5.506248878692155,19.0590122542079,7.2876296584930556,-3.753546651482831,-12.980466070471241,-2.504518409052825,-16.734012721954073,-35.66664624834872,1.592875058833515,9.259795530174987,-9.575406276043774,500.8232272179944,-7.474217191779086,5.832914685846569,4.8899993896484375,10238.851598858864,5.762380948567562,-10.137797851972962,0.6152264485655312,1.5829421894368985,-1.8222532788003787,-27.18474606123833,3.4050597944274674,3.617597573929086,8411.0,1,6.624746894667499,0,Wave 1 Crash
2020-03-25,0.2718014500344479,22.595494054043982,16.14113500679799,-1.3861200116238148,2.507142402516349,-5.556454027271506,1.1210223908925343,-33.877643085658946,1.6229432100792207,1.6579214616582627,6.131258893544755,464.6874707503867,2.778943852550797,-12.980466070471241,11.620002746582031,10058.273688179504,5.9570877526529245,-5.595730351074179,1.1688327411182975,1.6675986692573312,4.478890257200163,-25.359163954239683,3.6241164910284063,3.670546027423749,8177.8,1,3.8904356430389475,1,Wave 1 Crash
2020-03-26,-5.346583781449299,31.345369305099823,-7.152258477789342,1.4054525519256345,6.624746894667499,-2.4247781753128472,8.030199446593134,-28.77638729824036,1.6826107248459996,-6.752036333374933,3.1040729769376663,477.1810150149183,1.2781631132182003,2.507142402516349,-5.980003356933594,9929.353386045837,6.621494204002284,-4.8894062213822975,0.9855507602170466,1.6806324165640223,4.373597945316132,-20.4672865954607,-3.520673917729833,3.9352502073467126,8147.6099609375,1,0.21755381634551707,0,Wave 1 Crash
2020-03-27,-2.703823674939221,36.20802279626874,-7.85778525047226,2.239351674651213,3.8904356430389475,5.832914685846569,6.129787317690161,-25.7179790739122,1.600171765881948,-4.943175349590434,2.4707051596757346,462.4645912681375,1.1866119680997267,6.624746894667499,-6.099998474121094,9833.95314969522,6.465291641054547,13.550148750862334,-1.8308373877451545,1.6373939981062955,4.2885605665816895,-9.892443357717484,-1.419730483363213,4.040373526607707,8223.2099609375,0,-4.378053643081891,1,Wave 1 Crash
2020-03-30,0.3440669170493127,36.48945774674336,-1.5937360675286172,1.5928960850705165,0.21755381634551707,-12.980466070471241,1.8104499014160336,-22.68841922021113,1.5510568270792657,-1.2488291680212038,0.26723891193003446,412.34964576571906,0.5616207333948298,3.8904356430389475,-1.1399993896484375,9747.012175643722,6.275422949088947,11.013904754155313,-1.4765490074106546,1.5565423718789166,5.704784059192769,-13.007776537956916,0.04968509558451739,4.045901374710328,8206.169921875,1,3.8237722713360567,1,Wave 1 Crash
2020-03-31,5.595572928724401,33.298778662917485,2.130984533323632,-1.5641555235962668,-4.378053643081891,2.507142402516349,-5.9422091666781585,-25.61496836473468,1.463160684493404,7.159728452320668,-1.9913900952842067,413.4438114865399,1.2175192856425099,0.21755381634551707,1.5,9638.426059623816,5.984898242787538,-0.441820923987124,0.9894803517997985,0.8359260718908279,13.478015873802573,-9.962606196681346,2.386663547797685,4.090390280486109,8340.33984375,0,-4.000467509668226,0,Wave 1 Crash
2020-04-01,0.24380313469642978,38.16200330808835,-10.40477923361357,-1.8985661901485207,3.8237722713360567,6.624746894667499,1.925206081187536,-23.935928900740144,1.462513544207171,2.1423693248449505,3.611152003365037,406.26985537166775,4.0675754060324865,-4.378053643081891,-7.4799957275390625,9561.338944096127,6.126596386058625,-0.5057044167911195,-0.08612577375702868,0.839692465133365,5.001373249107388,-4.118409206274842,-0.21262026797101985,4.189086938838302,8499.6798828125,0,0.0,0,Wave 1 Crash
2020-04-02,1.913101736833278,35.16300167609957,-6.769141712708359,-0.8869622544502187,-4.000467509668226,3.8904356430389475,-4.887429764118445,-26.639411566194116,1.4261986960902064,2.800063991283497,-5.623789114258648,403.46310056690373,-2.087365772834948,3.8237722713360567,-4.360004425048828,9464.484193028822,5.995038800649287,-4.6932847817614975,-0.09947556514435796,0.7914429657108554,3.379291547120067,-2.53873045718942,-1.623321604590422,4.203508821696107,8486.869921875,0,-2.0596574186770744,0,Wave 1 Crash
2020-04-03,0.0,35.16300167609957,0.0,0.0,0.0,0.21755381634551707,0.0,-26.639411566194116,1.4118093026290686,0.0,0.0,403.46310056690373,0.0,-4.000467509668226,-4.360004425048828,9464.484193028822,5.938828544781038,-0.32966400569066634,2.9804219549117716,0.667013143658504,3.379291547120067,-0.11678403568613493,0.0,4.206537337288104,8486.869921875,0,0.0,0,Wave 1 Crash
2020-04-06,6.825762319056372,35.16300167609957,-7.910075038050102,-3.207432643534336,-2.0596574186770744,-4.378053643081891,-5.267090062211411,-26.440361792297786,1.3359948217283397,10.03319496259071,-3.0367289693107757,354.826150438256,4.766104900379298,0.0,-4.360004425048828,9354.680132689455,5.615892881286554,-5.977729002500654,-0.5543384128754547,0.6617374288507897,1.624319560713161,-7.565652720538507,-0.9770715506337013,4.203528928269219,8486.869921875,1,8.763210467115034,1,Wave 1 Crash
2020-04-07,0.0,35.16300167609957,0.0,0.0,0.0,3.8237722713360567,0.0,-26.440361792297786,0.8498077880992119,0.0,0.0,354.826150438256,0.0,-2.0596574186770744,-4.360004425048828,9354.680132689455,3.5746123664958662,-2.0596574186770744,-1.1796681876004245,0.5790769009807111,1.624319560713161,6.222526259814076,0.0,4.20637750850262,8486.869921875,0,-0.4941902407507137,1,Wave 1 Crash
2020-04-08,1.6047800495526676,35.16300167609957,-6.329114011369452,1.7485248034872836,8.763210467115034,-4.000467509668226,10.511735270602319,-26.440361792297786,0.9581290307028597,-0.14374475393461594,7.781648244857964,314.5893441339648,10.367990516667703,0.0,-4.360004425048828,9309.946823973172,4.3881792821213,6.523060933937752,-0.34777146726671093,0.8902134583203771,3.820986965335882,12.705346273131557,-0.9815622222570708,4.579946063012439,8486.869921875,1,4.150883161880259,1,Wave 1 Crash
2020-04-09,4.0308720773687305,34.66451873376106,0.8494255750711499,-0.11460779143961375,-0.4941902407507137,0.0,-0.6087980321903275,-16.347149915560177,0.8700544444077156,4.145479868808344,-0.7736974816316855,284.3090982494361,3.5366818366180164,8.763210467115034,0.44000244140625,9268.376688864048,3.9851761166375717,8.22571329545938,0.9150364607515726,0.7814126952245144,4.053345107286854,5.1804301695877575,-0.2795072408809718,4.580375564041226,8486.869921875,0,0.0,1,Wave 1 Crash
2020-04-10,0.4644373367491461,42.05782383336892,-4.766465540703013,0.9537669328729015,4.150883161880259,-2.0596574186770744,5.10465009475316,-4.986887384659999,0.8586027756707985,-0.4893295961237554,1.897282592677696,300.8958708265946,4.615320498629405,-0.4941902407507137,-2.490001678466797,9256.785851957451,4.01001586606366,12.718036205465433,-0.9144325526125652,0.8298979279671747,4.053345107286854,5.444111632648108,-2.253600569202563,4.670397044599471,8486.869921875,0,-1.295567073707915,1,Wave 1 Crash
2020-04-13,0.0,42.05782383336892,0.0,0.0,0.0,0.0,0.0,-4.986887384659999,0.8654048634300435,0.0,0.0,300.8958708265946,0.0,4.150883161880259,-2.490001678466797,9256.785851957451,4.012924261094074,3.6361796616385833,0.9097037815417153,0.7646325957330401,4.053345107286854,5.215211923731999,0.0,4.637048427371041,8486.869921875,0,0.0,1,Wave 1 Crash
2020-04-14,4.067009541417244,42.05782383336892,3.4371840893922645,-0.8416593731943145,-1.295567073707915,8.763210467115034,-2.1372264469022295,-2.2131338487501484,0.7966455541739018,4.9086689146115585,-0.985581211037101,269.09325152013554,2.7714424677093286,0.0,-2.490001678466797,9235.87486948403,3.6955520526209558,2.801538612658949,-0.6307961375058735,0.8566085560569208,4.053345107286854,8.606948758267553,0.30998586267081407,4.6388912022153574,8486.869921875,0,-0.7621853562688519,1,Wave 1 Crash
2020-04-15,0.0,42.05782383336892,0.0,0.0,0.0,-0.4941902407507137,0.0,-2.2131338487501484,0.7685955493509988,0.0,0.0,269.09325152013554,0.0,-1.295567073707915,-2.490001678466797,9235.87486948403,3.5532100046278114,-1.295567073707915,0.9761606764099318,0.4342925405963226,4.053345107286854,4.607014734959725,0.0,4.622990606114332,8486.869921875,1,0.7562771164790316,0,Wave 1 Crash
2020-04-16,0.7008232359705935,42.05782383336892,-3.342396884194354,-1.4491671143307072,-0.7621853562688519,4.150883161880259,-2.211352470599559,5.390374203288251,0.6986240955101353,2.1499903503013007,0.7894883249671913,241.98165551914127,-0.06136212029825838,0.0,-2.490001678466797,9211.175232519357,3.229660836221258,-2.04787780746033,-1.272921414164896,0.457955976142605,7.237992428128104,8.135646803774454,1.5516736812360432,4.6228878404102245,8486.869921875,1,3.046328187687486,1,Wave 1 Crash
2020-04-17,1.0194011092602429,43.77095614622473,-7.3180600754211955,1.0433155287514095,0.7562771164790316,0.0,1.7995926452304412,8.826211717095234,0.6951181942491289,-0.023914419491166683,-1.8815046317260053,224.71263465304742,1.7756782257392745,-0.7621853562688519,-3.6400032043457102,9194.999274902182,3.2168884974920497,-0.011672473224433322,1.6877188159512446,0.1692362264471984,6.055399241399906,8.95345195530799,-2.637781748205037,4.627829517392278,8486.869921875,0,-0.05288143766692954,1,Wave 1 Crash
2020-04-20,-3.497990874736001,50.20566060132456,-7.6138794744290195,3.5590760912159514,3.046328187687486,-1.295567073707915,6.605404278903437,5.960811542519706,0.6642704980252505,-7.057066965951952,1.489540714107629,237.45547607430774,-0.4516626870485152,0.7562771164790316,-3.509998321533196,9200.314143427946,3.096868880641427,3.034300132621004,0.4630055520549181,0.37371295587993947,6.055399241399906,14.63359093364176,-1.556787473579857,4.662059943624473,8486.869921875,0,-3.0274667144095657,0,Wave 1 Crash
2020-04-21,-0.040479974115437134,50.095225277422585,2.0427305207039392,-0.7149502452872603,-0.05288143766692954,0.0,-0.7678316829541898,21.702304252488425,0.6758268608911882,0.6744702711718231,1.5684755272051598,218.14387874356646,-0.09336141178236668,3.046328187687486,0.8699989318847656,9204.87232609069,3.0996003167405695,3.7707394939355154,-1.302052520567254,0.4485076000645414,-2.2122909020326653,14.572971042706829,1.6213569648720894,4.58638224675719,8486.869921875,1,2.291941778872575,1,Wave 1 Crash
2020-04-22,5.568128087538038,44.1155438676719,4.003685492686682,-2.3972809057370426,-3.0274667144095657,-0.7621853562688519,-5.424747620146608,15.131301814221466,0.446712994931653,7.96540899327508,-3.4154165774171075,232.43225024963266,2.540661373128472,-0.05288143766692954,1.7400016784667969,9188.322538625638,2.0606121362578507,-0.12620773976402822,0.8490093346482208,0.6548775958318098,-2.2122909020326653,2.152476010508697,-0.38794986300754175,4.612832309766257,9085.6298828125,1,1.377995587701486,1,Wave 1 Crash
2020-04-23,-2.3415107825272785,48.934641509946964,-5.265488999873325,-0.7849285760164415,2.291941778872575,0.7562771164790316,1.5070132028561334,10.452824181054531,0.461017992671002,-1.556582206510837,1.3091479099703651,235.01276466947328,-0.049569003654703625,-3.0274667144095657,-2.3800010681152344,9188.246780556146,2.138384351948063,-0.8573684982599028,-0.3116184286885759,0.7611622269087858,-0.14060829896499483,5.012713869838548,-0.9827938689022098,4.638396734827624,9138.0298828125,0,-1.7124941572334906,0,Wave 1 Crash
2020-04-24,-1.251085161925647,51.693627378595544,-8.383933157808555,1.4953303897967896,1.377995587701486,3.046328187687486,2.8733259774982756,7.781682242145727,0.40055061430128985,-2.7464155517224365,4.429934845856964,226.76707443229327,0.1269104257758391,2.291941778872575,-3.5900001525878906,9197.554455376063,1.7602635278726004,0.5619912160667484,-0.7397705890440198,0.793254745744118,-1.5025375321341516,2.216881126222936,3.0519392581554783,4.394609482507232,9202.25,1,1.3971358975458648,1,Wave 1 Crash
2020-04-27,3.092312871860159,48.16304247668187,-0.2803992139564837,-1.64896561527067,-1.7124941572334906,-0.05288143766692954,-3.3614597725041606,5.705959881354472,0.4293853577151718,4.741278487130829,-2.3765633929881846,223.9010647684041,1.3798187146266683,1.377995587701486,-0.1100006103515625,9194.357857987095,1.8656445264062018,1.925637748375686,0.02944906285771154,0.7128667894019226,0.5180065921415844,0.46642300923007696,-0.664069235754694,4.344918830699436,9179.780078125,1,1.0622430648890235,1,Wave 1 Crash
2020-04-28,-0.5188457593449103,51.0500910506846,-2.7607312010358154,1.1275423912240123,1.3971358975458648,-3.0274667144095657,2.524678288769877,12.090184184948649,0.447166214753523,-1.6463881505689226,2.379411921358998,217.28904454407495,0.8782901382009545,-1.7124941572334906,-1.0799980163574219,9200.8720762612,1.842074646399842,1.0340361370544393,-0.19758706579413587,0.8056416232006268,2.4308114435044326,3.2071938918327714,0.9822760238131334,4.119440569476996,9183.8701171875,1,1.8383013524196468,1,Wave 1 Crash
2020-04-29,-3.310196509888108,53.213462612276714,-7.071509928140496,1.8755878533617265,1.0622430648890235,2.291941778872575,2.93783091825075,9.108783002820498,0.45238365481745235,-5.185784363249835,0.09526603710701131,207.71785032361484,-2.2479534449990846,1.3971358975458648,-2.69000244140625,9214.207506954814,1.8514403502681789,0.7193549124429044,-0.11170286298228804,0.5518111287588233,1.4982189763275588,4.303505151415332,-0.9669770277820122,4.092633167681624,9263.76015625,1,3.208830345213909,1,Wave 1 Crash
2020-04-30,-1.8462918063242517,56.80880967811542,-4.271565450387893,0.1891603142533116,1.8383013524196468,1.377995587701486,2.0274616666729584,15.74486703626443,0.4672879007151568,-2.0354521205775633,2.2179652725904386,209.3842658533827,-0.007990453904604955,1.0622430648890235,-1.5099983215332031,9239.329144171124,1.846806362062367,4.358004912681812,0.3658061158488435,0.5572591888486335,-0.5632519949049009,7.03673622658203,0.37966392017079187,3.9521809984577154,9336.9701171875,0,0.0,1,Wave 1 Crash
2020-05-01,-3.8305435792433506,62.34786165439488,0.4432669184472049,-1.1021548473279852,3.208830345213909,-1.7124941572334906,2.1066754978859237,15.74486703626443,0.50998492741846,-2.7283887319153655,5.090895574056842,228.9130681666816,-0.6217132340294418,1.8383013524196468,0.15000152587890625,9285.29738464919,2.010994765530433,6.222602136227229,-1.5778424771661914,0.689757949416895,-0.09387682458193991,9.642164896026294,1.882065228842933,3.943243530076615,9446.1701171875,0,-5.744483901313502,1,Wave 1 Crash
2020-05-04,0.0,62.34786165439488,0.0,0.0,0.0,1.3971358975458648,0.0,15.74486703626443,0.49288945513829485,0.0,0.0,228.9130681666816,0.0,3.208830345213909,0.15000152587890625,9285.29738464919,1.8836756988424528,5.1061196692664845,0.613222533581248,0.4635703396472962,-0.09387682458193991,6.400845934389077,0.0,3.821700138146884,9446.1701171875,0,-0.9458265521601117,0,Wave 1 Crash
2020-05-05,6.14653814722621,62.34786165439488,28.478952669810976,-2.5712387991520314,-5.744483901313502,1.0622430648890235,-8.315722700465534,15.74486703626443,0.89166246534458,8.717776946378242,-4.636602113019716,208.41386191039788,0.40205424591270855,0.0,0.15000152587890625,9285.94972813806,2.768022989564364,-2.7199842987008616,-0.15781722743857252,1.174802313497936,0.39943177504688787,0.3417286174995038,1.1078817882937853,3.1043394749217175,9446.1701171875,1,0.7093593467121684,0,Wave 1 Crash
2020-05-06,-1.00940503287954,59.610058356996475,-0.13738850723473695,-1.4448112787027179,-0.9458265521601117,1.8383013524196468,-2.3906378308628295,4.701888092617601,0.8327696848133033,0.4354062458231778,-0.49203928359068394,198.48246547859483,-1.9552315850396518,-5.744483901313502,-0.05999755859375,9279.997867488946,2.5812394022846163,-6.635977599450427,0.33001958097342854,1.5083349173066662,-2.671038850742913,2.495692891327117,0.45378726856942775,3.0995837736096523,9446.1701171875,0,-0.7750119504051356,0,Wave 1 Crash
2020-05-07,-0.2121596448660723,60.980847837865,-5.411604167213369,1.4845348387770407,0.7093593467121684,3.208830345213909,2.193894185489209,5.9682856479497115,0.8638021702607017,-1.696694483643113,0.049674080407680066,186.9055078418655,0.4971997018460961,-0.9458265521601117,-2.3600006103515625,9279.323980313839,2.490934951319711,-5.973691180085694,0.4218849060799945,1.448041211955972,-2.383758194464214,0.9099581782978872,-0.6596852663044883,2.8836868405662246,9446.1701171875,1,0.5701697069383505,0,Wave 1 Crash
2020-05-08,-0.08170738225381502,58.62327961735299,-3.19999926017992,-0.25446265725314055,-0.7750119504051356,0.0,-1.0294746076582761,0.9564351049333952,0.87522872912476,0.17275527499932553,-0.7614952071543613,177.69755145774172,-0.8567193326589506,0.7093593467121684,-1.3199996948242188,9273.377745082258,2.4629231182630047,-1.0163038178565675,-0.02454988374112066,1.2165616438335662,-3.5470949785249672,-1.2331094506132345,0.013516743250774343,2.8140336762464786,9446.1701171875,0,-0.13294930214019507,0,Wave 1 Crash
2020-05-11,1.5641533583670153,59.84374507447393,-3.8066627752232907,-1.2827772979988272,0.5701697069383505,-5.744483901313502,-0.7126075910604768,0.9564351049333952,0.8532131441320332,2.8469306563658425,0.8342880861903934,167.16557063837612,2.1343230653053658,-0.7750119504051356,-1.5200004577636719,9271.757171372461,2.4014920022192796,0.49861380651679,-0.09362505075740657,1.2564518179663144,-3.5470949785249672,1.0606878138565978,0.26411837925204296,2.8146448734999,9244.1099609375,0,-0.4616242718351149,0,Wave 1 Crash
2020-05-12,-0.2528845389838552,59.4012577269652,-0.9632880326858273,-1.9463315628080236,-0.13294930214019507,-0.9458265521601117,-2.0792808649482186,2.727981860868023,0.8817522661157098,1.6934470238241683,1.417158083263259,157.1957614803424,-0.3858338411240503,0.5701697069383505,-0.3699989318847656,9269.345543516167,2.360325007309094,-0.3419322177655615,-0.7294956517065132,0.3645977774920587,-3.650834051025531,-0.46432037622007316,1.5501073854034542,2.676857319140907,9233.25,1,2.033371253039773,1,Wave 1 Crash
2020-05-13,-0.19000848240317003,57.80516464017398,0.4468931778493168,-0.0008936474361509461,-0.4616242718351149,0.7093593467121684,-0.46251791927126584,2.727981860868023,0.8964018711244235,-0.18911483496701909,0.6929771595055811,148.49839302254676,-0.6516327542382849,-0.13294930214019507,0.1699981689453125,9263.953266565895,2.3316402656801274,-0.027176719912158642,1.0393856562132875,0.31058582122124484,-0.7221936216867286,-1.9651694214953497,1.154601431340696,2.6011104401932332,9231.4400390625,0,-2.5661909373274727,0,Wave 1 Crash
2020-05-14,-3.102951981703128,62.55578749766806,1.6487858759757223,2.0598533321524837,2.033371253039773,-0.7750119504051356,4.093224585192257,5.134281312985478,0.9436261634332894,-5.162805313855612,0.6516790218443536,159.887640489332,-1.0695807286633552,-0.4616242718351149,0.6300010681152344,9272.812269389717,2.3510749060640226,1.4273339965140686,-0.8255762987467441,0.530796148879027,-0.9429385490647868,-1.7773850181392992,-1.3816922311954194,2.491532131130732,9253.969921875,0,-0.06453627874545287,0,Wave 1 Crash
2020-05-15,2.833471911474128,54.1078491611878,-1.6992786941792404,-0.31870574551582376,-2.5661909373274727,0.5701697069383505,-2.8848966828432965,1.6674472752561176,0.8358709523069109,3.152177656989952,-3.5073088634442806,176.7710957157545,0.2672809741466553,2.033371253039773,-0.6599998474121094,9263.178027212702,2.1324229330272666,-1.0439236435360932,-0.33535866471079423,0.7636497762486673,1.0472486380760149,-7.273404012345619,-0.9411179261168079,2.5511389372467477,9242.7099609375,0,-3.4322509703259896,0,Wave 1 Crash
2020-05-18,-0.7989446050775562,53.91571352888026,-0.41906717164279517,-1.1655108821614024,-0.06453627874545287,-0.13294930214019507,-1.2300471609068553,-1.4017901705020597,0.8482095923012961,0.36656627708384626,-0.732678067700987,165.38408243282055,-0.863480883823009,-2.5661909373274727,-0.15999984741210938,9253.820366632131,2.130060076251261,-0.6491586147021167,0.07795665561396437,0.7850724185817918,0.6986290707145182,-7.333246306803376,-0.6681417889555341,2.5112426168010282,9219.7798828125,1,0.632982284022332,0,Wave 1 Crash
2020-05-19,3.4284061515093223,44.80846580627326,7.62755832789439,-3.2617830672582615,-3.4322509703259896,-0.4616242718351149,-6.694034037584251,-4.735550973868563,0.6061113647700453,6.690189218767584,0.894571489422602,191.0283193584446,-0.003844818816667317,-0.06453627874545287,2.8999977111816406,9221.926265400123,1.5808863701245064,-5.971085744198912,0.44379556436899836,0.9762941127993872,3.32767259536928,-5.059988163770379,4.326822459748591,2.6082440652860437,9136.58984375,1,2.1111396826158035,0,Wave 1 Crash
2020-05-20,-0.7215239182448596,46.54038231330905,-3.592369188133193,-1.127760037484371,0.632982284022332,2.033371253039773,-0.494777753462039,-1.139577503763456,0.7790403778667132,0.4062361192395114,0.9929040352660845,178.9238911002351,-0.08854163422252759,-3.4322509703259896,-1.4699974060058594,9196.53169828715,1.6106975186306753,-2.883709940936807,-0.2900317059606028,1.0711448021211094,0.31522126121990013,-3.5467543001489243,0.3599217512437525,2.067540482257708,9073.0998046875,1,0.4378754451001221,0,Wave 1 Crash
2020-05-21,1.9859059915645183,51.98628904653488,-9.22686772941197,-0.08698113477363378,2.1111396826158035,-2.5661909373274727,2.0241585478421698,-1.3143143531507695,0.8418887131861706,2.072887126338152,0.5265329771597882,186.10509819832868,4.097045674180322,0.632982284022332,-3.6399993896484375,9186.903409872362,1.766473320890996,-0.7694096728413702,0.5289706708691444,1.0873649890530246,2.2211369790056557,-2.2042150959160844,-1.5846067054560153,2.0982266339235016,9009.6998046875,0,-0.735758407687026,0,Wave 1 Crash
2020-05-22,0.2362426637383619,53.07653836427367,-7.874894126442344,-1.0269990740254809,0.4378754451001221,-0.06453627874545287,-0.5891236289253587,-2.2294675905489836,0.9012114815186199,1.2632417377638427,0.9654223166349896,173.43275177188463,0.674118108838484,2.1111396826158035,-2.8199996948242188,9180.92908321515,1.7648916780077268,3.207434902105244,-0.289475290398844,0.9831483080511989,-0.14461646387967653,-1.0087977199581322,0.5275468715348675,1.958354630528685,9002.3998046875,0,0.0,1,Wave 1 Crash
2020-05-25,1.5771025273098482,50.97292022259607,-1.849046921236508,-1.836534361301545,-0.735758407687026,-3.4322509703259896,-2.572292768988571,-1.2578692837482364,0.8960761636163284,3.4136368886113932,1.4269594181224976,165.26788486896677,0.8413441196228222,0.4378754451001221,-0.6100006103515625,9170.434336310323,1.7591515780659672,1.803678274494236,-0.20453784876441894,1.007565228909388,-0.35884620554884616,-2.294222558504022,2.1627178258095237,1.9631719371675789,8982.8798828125,0,-0.11284338094974533,1,Wave 1 Crash
2020-05-26,0.0,50.97292022259607,0.0,0.0,0.0,0.632982284022332,0.0,-1.2578692837482364,0.9036509847987357,0.0,0.0,165.26788486896677,0.0,-0.735758407687026,-0.6100006103515625,9170.434336310323,1.760366015080925,-0.3011046679894269,0.47603386492769406,0.5166173617090142,-0.35884620554884616,-2.164150479323357,0.0,1.948059643162603,8982.8798828125,1,3.1664504771761637,1,Wave 1 Crash
2020-05-27,-1.1073905184056265,50.97292022259607,-2.8103821023552356,1.0472150230569577,-0.11284338094974533,2.1111396826158035,0.9343716421072124,-3.750712312105231,0.9024350763366791,-2.154605541462584,-1.9338796239035339,153.96476122744522,-1.2202338993553719,0.0,-0.6100006103515625,9159.190205665798,1.7581593674798055,-0.8477715339739178,0.16450615120870982,0.5349825980935281,-0.41092137620117875,-1.8213352132842808,-1.8210362429537885,1.9482391736440337,8982.8798828125,1,1.8803043536468778,1,Wave 1 Crash
2020-05-28,-3.375232094590619,59.522942508743945,-0.6355222750384582,4.116673555858696,3.1664504771761637,0.4378754451001221,7.28312403303486,-2.4954536765675495,0.9600281151356544,-7.491905650449315,2.7841737161069524,177.7661452773273,-0.20878161741445522,-0.11284338094974533,-0.19999885559081676,9170.727982676664,1.942733776325865,3.0500339664518705,-0.38102866009950276,0.7243868365797412,-2.936961582775055,-0.7310624529400567,-0.38227676106921127,2.0236217519060355,8982.8798828125,1,0.9504662651105722,1,Wave 1 Crash
2020-05-29,-1.8718530642886533,63.69953438891834,-3.997441578833272,0.5741902641857921,1.8803043536468778,-0.735758407687026,2.45449461783267,-3.7505529122952797,0.8843157192966212,-2.4460433284744454,0.5425339293675613,183.74398085493348,0.008451289358224479,3.1664504771761637,-1.25,9194.385140209873,1.8086766206624727,4.987688241557642,0.40885987845091787,0.8102226949598379,-0.5792944163623859,3.7991808741899336,-1.3377704242793165,2.045283806571538,8982.8798828125,1,2.5662097319460564,1,Wave 1 Crash
2020-06-01,2.262588934583021,65.664435809687,0.6662186960063599,-0.28562500050919315,0.9504662651105722,0.0,0.664841264601379,-3.7505529122952797,0.9138524300494008,2.548213935092214,-0.12901935958671285,177.65834265240065,3.213055199693593,1.8803043536468778,0.19999885559081676,9222.971411652661,1.8089184469758643,6.105293601479689,-0.22329984904561062,0.6789848660209067,-1.5846334291297004,4.853425570860792,-1.079485624697285,1.9794426183083993,8982.8798828125,1,1.5565527970742954,1,Recovery 1
2020-06-02,-2.223274190112101,70.37184201946252,1.720716312306081,0.8677007527596814,2.5662097319460564,-0.11284338094974533,3.433910484705738,5.731429392855225,0.6318239320683652,-3.0909749428717825,2.116980902715815,193.30140868416373,0.34293554183395525,0.9504662651105722,0.5200004577636754,9267.651336020983,1.281495446987599,5.48795414461527,-0.5882046304881094,0.8025170958944545,-1.5846334291297004,11.366564368288333,-0.44922882923024154,2.028247715671769,9448.1099609375,1,0.8262288035990828,1,Recovery 1
2020-06-03,-1.235193075633867,72.86435976698675,-2.01691261060869,1.3006739345671425,1.5565527970742954,3.1664504771761637,2.857226731641438,8.40249449055188,0.6567073581899077,-2.5358670102010095,0.8058990598936333,194.57384976585837,0.32135972144042846,2.5662097319460564,-0.6199989318847656,9320.35120812128,1.2782005361527726,5.152738328657058,0.2871080919481406,0.5342736356340192,-0.04854479949830681,12.38864353811917,-0.7506537371806621,1.9463776675355446,9638.119921875,0,-0.3225168681009971,1,Recovery 1
2020-06-04,-0.5165741855335915,74.12791476542279,-0.26560398896752213,1.1732593682229675,0.8262288035990828,1.8803043536468778,1.9994881718220503,8.528291543958645,0.6468084123621314,-1.689833553756559,-0.42087442914119366,186.33172904186887,0.3096546180654913,1.5565527970742954,-0.07999992370605469,9375.254807866924,1.2383880430241947,5.023329225715156,-0.8770629864771395,0.43925800390263564,0.56580451070809,10.974406157076144,-1.2471032327402765,1.9146133836400574,9787.43984375,1,1.1272276241460544,1,Recovery 1
2020-06-05,2.4899816408954334,72.69322395220573,-1.1651144167869054,-2.3051346583206955,-0.3225168681009971,0.9504662651105722,-2.6276515264216926,9.023212422054039,0.6826515750450853,4.795116299216129,1.8504076563771843,174.85963131545284,2.1674647727944363,0.8262288035990828,-0.35000038146972656,9423.687756126781,1.3020977779770495,2.0653990696461566,0.6383660982668404,0.6591125627703109,-0.9225473806439011,10.13424416609472,2.1729245244781814,1.907411958762108,9895.23984375,1,0.24945207587225848,1,Recovery 1
2020-06-08,-1.092992192518949,74.5418311222821,-3.4018195039210553,2.0313611174463286,1.1272276241460544,2.5662097319460564,3.158588741592383,9.627091721612713,0.6154539715280795,-3.1243533099652776,0.0,173.37988490047562,0.034235431627105406,-0.3225168681009971,-1.010000228881836,9476.907210534057,1.1546613243737145,1.633922774924712,-0.07161299613788197,0.6537649413973307,0.48791641876717584,12.201237830848788,-1.1272276241460544,1.876113207045068,10007.6099609375,0,-1.1881032349997822,1,Recovery 1
2020-06-09,-1.659986412390857,74.95052776366845,3.382145408064874,0.4772085546338456,0.24945207587225848,1.5565527970742954,0.7266606305061041,10.046865317096888,0.6051449790717481,-2.1371949670247026,1.8263566820969857,163.81916717416212,-1.4105343365185985,1.1272276241460544,0.9699993133544957,9528.058542739867,1.1291373323197773,1.0525256315449871,0.03550370130886993,0.45936039123736666,-1.358887578341994,12.481126147772216,1.5769046062247272,1.8658955643840653,10075.869921875,1,0.6917728526201428,1,Recovery 1
2020-06-10,3.0288151958692833,69.2352794746894,1.8886997407999928,-0.9945611345491656,-1.1881032349997822,0.8262288035990828,-2.182664369548948,9.243690340307854,0.6937618315895192,4.023376330418449,-1.0523948552557116,164.7810191030238,1.840711960869501,0.24945207587225848,0.5599994659423793,9566.472753694323,1.3044468597379297,0.17499857348703962,0.14208563609590108,0.5658792210786321,-0.4371061288048539,11.270295412582666,0.13570837974407057,1.8802516948501726,10089.380078125,0,-2.116915846006606,0,Recovery 1
2020-06-11,-0.42305064874494924,70.62321083651781,-2.5488201713015024,1.1185987363289351,0.6917728526201428,-0.3225168681009971,1.810371588949078,7.8072861676668825,0.5813918635309194,-1.5416493850738844,0.7070244172271645,158.82098348303722,0.2687222038751935,-1.1881032349997822,-0.7699985504150391,9607.189615689187,1.080398596197798,-0.2563558909955965,-0.1523255907799559,0.5658447476922845,0.80723583105482,8.601228976142927,0.015251564607021706,1.8582967253414293,10100.3001953125,1,0.716020911179549,0,Recovery 1
2020-06-12,-0.009838440024378947,61.42729190345073,0.7472802627839226,-0.6079438589398745,-2.116915846006606,1.1272276241460544,-2.7248597049464807,8.304394192119435,0.7461774373062996,0.5981054189154955,-1.4997902062334867,172.79957110196563,-2.126754286030985,0.6917728526201428,0.2199993133544922,9629.027421934434,1.3547776199413246,-2.6107843187162194,0.483640811900643,0.8743333967587993,2.2543448615206962,4.340316831006663,0.6171256397731195,1.8156239416156212,10074.8802734375,0,-1.5963279394844432,0,Recovery 1
2020-06-15,-0.21871473081938042,63.13862160171069,3.910990739648712,-0.08557515428446738,0.716020911179549,0.24945207587225848,0.6304457568950816,9.150317855644218,0.7400648447023737,-0.13313957653491304,-1.4822732210680645,165.8616139654533,0.4973061803601686,-2.116915846006606,1.1599998474121094,9654.49949368929,1.3468531665553531,-0.7340755090753381,0.6787471362747155,0.8148612712543052,1.4809435073785737,4.097998955579718,-2.1982941322476135,1.8199123713584862,10041.0302734375,1,1.022038606145803,0,Recovery 1
2020-06-16,1.6589356259279264,57.0211853903103,5.7105845349052275,-1.9944120004512955,-1.5963279394844432,-1.1881032349997822,-3.5907399399357387,11.2254576863684,0.835044905491056,3.653347626379222,-0.042004510857296395,171.51589160860115,0.06260768644348325,0.716020911179549,1.7600021362304688,9666.292138253973,1.2460825853861077,-2.989775592826216,-0.5670860386773002,0.9775321110934279,1.8696144969376327,-0.12670470955113977,1.5543234286271468,1.4922342225054743,9970.2802734375,0,-0.3313456664817416,0,Recovery 1
2020-06-17,-1.649219522123424,59.67224546108233,1.197051466328336,0.9053521507196738,1.022038606145803,0.6917728526201428,1.927390756865477,11.6554654881031,0.796260916105083,-2.554571672843098,0.3757778424295699,168.62974668578764,-0.6271809159776209,-1.5963279394844432,0.3899993896484375,9684.640868753679,1.181410663514987,0.12118763886084238,0.027903304703480458,1.0893478938077727,2.0731670100514243,-0.6523595506937485,-0.6462607637162332,1.4836979180319954,9943.7501953125,1,2.130318755189853,1,Recovery 1
2020-06-18,0.843110280928272,58.40165641744618,1.1525545627804057,-0.13645636452562782,-0.3313456664817416,-2.116915846006606,-0.4678020310073694,8.984681091326973,0.7684073917208879,0.9795666454538998,0.19134159353608737,159.32064764851577,0.5117646144465304,1.022038606145803,0.37999725341796875,9699.197129633036,1.1410455570829432,-0.9199931454870414,0.8910500163276103,1.0471210759405947,1.0677079621000063,-1.7929585159778827,0.522687260017829,1.4849486994791554,9896.7501953125,1,1.5136275444292302,1,Recovery 1
2020-06-19,-2.149366088988891,63.73101241955662,-5.667164845944561,1.6047525613960723,2.130318755189853,0.716020911179549,3.735071316585925,10.821143617021267,0.8929676846283725,-3.7541186503849633,0.5028148987318293,172.8723282224634,-0.019047333799038224,-0.3313456664817416,-1.8899993896484375,9728.267741558368,1.3502394345790552,2.832267032625091,-0.136971794678864,1.030552498585386,0.26360079453207064,0.6236928905515082,-1.6275038564580235,1.5120809607479684,9934.6802734375,1,0.6520616350433883,1,Recovery 1
2020-06-22,-1.2444568281277268,67.03173199342922,-4.736172328287092,0.3082558777355082,1.5136275444292302,-1.5963279394844432,1.8218834221647384,13.332415749370806,0.9093936320198496,-1.552712705863235,-0.3535792135555327,177.0189513865514,0.26917071630150335,2.130318755189853,-1.4899997711181676,9766.499789637377,1.38882039191204,3.3326648237341105,-0.19543408412685537,1.1084121110710479,-0.14353483179146975,1.0081688405499944,-1.8672067579847629,1.5271938827374443,9988.9802734375,1,1.5497691991291696,1,Recovery 1
2020-06-23,1.5094657396363953,68.38667799576861,1.6349675753907222,1.083099436189694,0.6520616350433883,1.022038606145803,1.7351610712330823,13.332415749370806,0.9172717015206301,0.42636630344670134,-0.24896626064678795,169.19719862355274,2.1615273746797836,1.5136275444292302,0.4899997711181676,9806.847967835534,1.3991400180724416,4.352224059817167,-0.1941091594897637,0.6877945076411033,2.1250931450322863,1.4138254649752158,-0.9010278956901763,1.5253277907312033,10088.4802734375,0,-1.5824677233549855,1,Recovery 1
2020-06-24,-0.1557065495031873,71.41340984086915,-3.6769499853849252,1.0139972381144169,1.5497691991291696,-0.3313456664817416,2.5637664372435864,15.97012118112251,0.8985786387243719,-1.1697037876176042,1.4982348388466349,174.92487943207897,1.3940626496259823,0.6520616350433883,-1.1199989318847656,9856.044414662532,1.3760380444538798,3.759044305849213,-0.6062725404884617,0.7120016399847003,0.8841165115234917,4.223791939360999,-0.051534360282534664,1.531349605992698,10199.8802734375,0,-0.1591357298992957,1,Recovery 1
2020-06-25,-0.8333670520091485,64.51576079326924,0.8179951256646278,-2.181759768436975,-1.5824677233549855,2.130318755189853,-3.7642274917919605,10.631829356139422,0.976704489158896,1.3483927164278264,-0.674029268136922,180.5651214192601,-2.415834775364134,1.5497691991291696,0.2399997711181605,9889.322591701419,1.5082821424114117,0.5944653834325964,-0.24013679996045534,1.1075027584117623,2.521006479214982,1.8697766122357296,0.9084384552180635,1.5442563836402774,10284.71015625,1,0.914574014738645,1,Recovery 1
2020-06-26,0.9766065832200965,63.85836171566502,0.5070981031682242,0.5294688282365012,-0.1591357298992957,1.5136275444292302,0.3703330983372055,8.417201232122862,0.8873844505809355,0.4471377549835953,-1.1675793403232992,170.20830575085847,0.8174708533208008,-1.5824677233549855,0.149999618530277,9918.92094717724,1.2853338339965839,-0.21626778905561306,0.4790482727360157,1.019369038661798,1.1233298733008157,3.9072954011815764,-1.0084436104240035,1.4484520582554588,10324.16015625,0,-0.6799538608783573,1,Recovery 1
2020-06-29,-1.4571028613733605,65.9992589570626,-3.329969008952416,-0.5151469316370783,0.914574014738645,0.6520616350433883,0.3994270831015667,8.378654235014139,0.8922170717429602,-0.9419559297362823,4.048588510360696,166.98247956741056,-0.5425288466347156,-0.1591357298992957,-0.9899997711181641,9953.29717331226,1.2924187204976516,-0.8404163881195692,-0.566274401107103,0.9385041202819887,1.413512527222216,4.112139832064443,3.1340144956220506,1.4485474010082204,10351.880078125,0,-0.09988732845714887,0,Recovery 1
2020-06-30,0.6607267187811128,62.98471038960123,0.5915103606395355,-0.3993856091642489,-0.6799538608783573,1.5497691991291696,-1.0793394700426062,4.948530000761275,0.9123833384686626,1.0601123279453617,-1.5115416813366145,161.00636380217253,-0.01922714209724452,0.914574014738645,0.1700000762939453,9979.89741163172,1.1599514160269087,0.06890227428677509,0.10589675768064577,1.0396474514411196,0.4729268352085203,5.081673429872091,-0.8315878204582572,1.271342172778521,10352.1201171875,1,1.2419817334717198,1,Recovery 1
2020-07-01,-1.387400373575054,62.53589766245459,0.7263956863703847,0.15209258206686505,-0.09988732845714887,-1.5824677233549855,0.05220525360971617,3.2367649652134345,0.9076361397113557,-1.539492955641919,-0.09276946988421297,153.2749814410493,-1.4872877020322028,-0.6799538608783573,0.21000099182128906,10003.764241094186,1.1584218528986527,0.1282859999502728,0.10605714211919803,0.7843088261790516,0.9237313556902382,3.914662188571727,0.007117858572935898,1.2763064427737394,10318.3400390625,1,1.1663452514898642,1,Recovery 1
2020-07-02,-2.2665109318105836,65.7962135851045,-3.4340658350967446,1.600527307884092,1.2419817334717198,-0.1591357298992957,2.842509041355812,3.662457644729078,0.9264162734577854,-3.8670382396946756,-0.15012175674689043,156.8517098270342,-1.0245291983388638,-0.09988732845714887,-1.0,10035.340949508507,1.1562914358295069,0.45314268214871056,0.06605423219765427,0.6818004063239518,0.7025743131155338,5.555015280237852,-1.3921034902186102,1.2481337697373196,10343.2900390625,1,0.5273976044848361,1,Recovery 1
2020-07-03,-0.5511301702816773,68.59458957145327,-5.725464304059569,-1.2773704550020026,1.1663452514898642,0.914574014738645,-0.1110252035121384,5.210842511215907,0.8326447506661462,0.7262402847203253,2.6499825464104454,159.19266739697107,0.6152150812081869,1.2419817334717198,-1.610000610351559,10073.589782531026,1.0445070035633803,2.3205053685177557,-0.38956746016398647,0.7171208302563659,-0.16544479449818184,4.558717225429043,1.4836372949205812,1.254444951036408,10395.85,1,1.4735139974255018,1,Recovery 1
2020-07-06,-0.32877839298661726,69.81135610330081,-2.7913985844178146,-0.9865473109726186,0.5273976044848361,-0.6799538608783573,-0.4591497064877825,4.586790777427363,0.7930792101270774,0.6577689179860013,1.080178859036507,152.45846669195814,0.19861921149821882,1.1663452514898642,-0.7399997711181676,10113.127547482432,0.9775088618331382,2.9629882409816677,-0.9726365706861251,0.7019584322803958,-0.30711330614652255,3.5429034878619925,0.5527812545516708,1.2325488416184824,10440.719921875,1,0.3344590235981215,1,Recovery 1
2020-07-07,-2.0973009395168773,72.97804098887362,-2.211873048890445,0.11234816088827593,1.4735139974255018,-0.09988732845714887,1.5858621583137777,5.8638123016069965,0.8374567142867458,-2.2096491004051533,1.1713396012793087,160.1465422267802,-0.6237869420913755,0.5273976044848361,-0.5699996948242188,10161.314424752252,1.0380663127900596,3.1984563083061524,-0.05581064243399547,0.5313822097352094,-0.5177717392621739,4.3879488977256464,-0.3021743961461931,1.2395462296704198,10530.969921875,0,-0.8694762073642059,1,Recovery 1
2020-07-08,-0.5692778596036785,73.66329059080834,-0.3968268985800716,1.598289686779486,0.3344590235981215,1.2419817334717198,1.9327487103776075,7.495035367237013,0.7794248661960619,-2.1675675463831645,2.0691951539358655,153.19320378404285,-0.23481883600555697,1.4735139974255018,-0.10000038146972656,10208.598570372456,0.9613910482033046,2.349860124178371,-0.09601194888012587,0.42433680619227654,-0.4459104404708536,3.1386724345812134,1.734736130337744,1.2334621203675162,10630.480078125,1,1.0060032721901813,1,Recovery 1
2020-07-09,1.5831834355480523,68.76495321147526,3.9840636844701294,0.6779075253651956,-0.8694762073642059,1.1663452514898642,-0.19156868199901034,5.828300159726796,0.7064901496220185,0.9052759101828567,-1.718724489660195,152.42466202950374,0.7137072281838464,0.3344590235981215,1.0,10245.42460219672,0.8213875531661209,0.9276623685338992,0.6934986077772765,0.7649005257943629,0.023251910542332332,3.8858665240418366,-0.849248282295989,1.1626312886809886,10685.6201171875,0,-0.4198511095439339,1,Recovery 1
2020-07-10,-0.6134837497747458,71.1357363880343,-4.5593889527391855,0.42217318439319307,1.0060032721901813,0.5273976044848361,1.4281764565833743,9.204708092430813,0.7198121037685923,-1.035656934167939,0.14374311735796397,153.67036659744468,0.3925195224154354,-0.8694762073642059,-1.1900005340576172,10287.500572057148,0.8182601046281521,0.4626665014210607,-0.24638501260919599,0.8392420512913948,2.5804926829431363,5.098210545078818,-0.8622601548322173,1.1367690266281325,10737.9701171875,1,0.3217889149241815,1,Recovery 1
2020-07-13,1.2679089111956254,68.76625748095674,0.12043631806213373,-1.8010665813503524,-0.4198511095439339,1.4735139974255018,-2.2209176908942863,7.973100932703381,0.7449023800036482,3.068975492545978,0.18827300314612216,147.53838412403542,0.8480578016516915,1.0060032721901813,0.030000686645507812,10323.096811511248,0.8515426348810587,-0.29260749000663555,0.5338852349849432,0.9102783937785155,2.3696682036039585,3.7084638802610037,0.6081241126900561,1.1431600403832756,10770.11015625,0,-1.808349601540049,0,Recovery 1
2020-07-14,0.019243221639153596,69.5985808738555,1.2429809915964318,-1.7022367102564107,0.3217889149241815,0.3344590235981215,-1.3804477953322292,10.077748253124685,0.7210767798882038,1.7214799318955643,1.6318453782335096,142.2701998345805,0.3410321365633351,-0.4198511095439339,0.3099994659423828,10358.622988089119,0.7695306203786026,0.9055899429045056,-0.24090214404832722,0.7618946213336741,2.3420815070932965,4.754468272326107,1.3100564633093281,1.0671965063495783,10777.9201171875,1,0.10229309240368245,0,Recovery 1
2020-07-15,2.2877412583299006,59.90618766955344,5.504948077815608,-1.3472624843359315,-1.808349601540049,-0.8694762073642059,-3.1556120858759806,6.993641409874929,0.9456502791903445,3.635003742665832,-1.129326314979795,156.4191510545532,0.4793916567898515,0.3217889149241815,1.389999389648441,10377.047182258444,1.0486902381544245,-1.9059650917599091,0.38784205944975003,1.0060159458668319,1.6501668862680674,2.9629882409816677,0.6790232865602541,1.1089620139040584,10739.4599609375,1,1.1466161662100571,0,Recovery 1
2020-07-16,0.44620441754243956,60.237416696043375,-1.3138081161409354,-0.3428004605096957,0.10229309240368245,1.0060032721901813,-0.24050736810601325,7.4591497502841,0.9023056041654135,0.7890048780521353,5.238305653692277,149.720864507696,0.548497509946122,-1.808349601540049,-0.3499984741210973,10394.910368410596,0.9951918476591038,-1.3916132641749845,0.16567263758240358,0.9884192943911508,0.48826530426713255,1.8039260995708961,5.136012561288594,1.102943218987734,10721.95,1,1.506059125586967,1,Recovery 1
2020-07-17,0.5334739808163569,63.84653731350413,-3.537467754999235,0.05483863058048932,1.1466161662100571,-0.4198511095439339,1.2014547967905465,6.424120729447402,0.8928777370467046,0.47863535023586756,2.8323537756351547,153.1513827035446,1.680090147026414,0.10229309240368245,-0.9300003051757848,10420.468874107033,0.9930439681877292,-0.5808732896912971,-0.5955622210336853,1.0924476323803118,-0.4846593360155693,1.7840726756397807,1.6857376094250975,1.112183591208185,10707.25,1,1.1053321760931656,1,Recovery 1
2020-07-20,-0.6406382879327266,68.00191747023243,-4.731864093290394,0.20551295706523476,1.506059125586967,0.3217889149241815,1.7115720826522018,6.416186205383156,0.9564009044566496,-0.8461512449979613,-0.6185800410748121,161.5656651399468,0.8654208376542405,1.1466161662100571,-1.2000007629394496,10456.115638640771,1.0757105754917686,2.7749682698998246,0.06602164303404212,1.2875266251294601,-0.740740021233377,2.7749682698998246,-2.124639166661779,1.1247485969361992,10733.980078125,1,1.2706156865764484,1,Recovery 1
2020-07-21,-2.7052975604711094,70.70341914397058,2.27648692274085,0.5109662592672093,1.1053321760931656,-1.808349601540049,1.6162984353603749,6.895414564089464,0.912158494770065,-3.2162638197383187,2.5975987778737775,163.43837658482877,-1.5999653843779438,1.506059125586967,0.5499992370605469,10498.047828023862,1.0358576506784118,3.804787935514242,-0.3687404549473472,1.3269021064167328,-0.4392016506723051,2.4020643118685125,1.4922666017806119,1.1356114716097807,10777.880078125,0,-0.2656309491813946,1,Recovery 1
2020-07-22,-2.7340379485176536,73.50337969796921,-1.1331395777866349,0.7908169195729675,1.2706156865764484,0.10229309240368245,2.061432606149416,6.601566230541489,0.9742680235314067,-3.524854868090621,0.08632621304285326,167.76140033185146,-1.4634222619412052,1.1053321760931656,-0.279998779296875,10547.247988910984,1.086173689657765,3.9320462107153453,0.12376566667064992,0.5403990368742533,0.32467391724566586,3.3575124773461917,-1.1842894735335951,1.1148612736188441,10888.86015625,1,0.7442159858846331,1,Recovery 1
2020-07-23,0.4763933340682813,71.93585998772966,1.8829270516840912,0.7072110664765763,-0.2656309491813946,1.1466161662100571,0.44158011729518165,8.027906226572767,0.9179440445305411,-0.23081773240829495,-1.1413545053425622,160.23667976677106,0.2107623848868867,1.2706156865764484,0.4599990844726598,10590.607368204615,1.02687005478344,2.1180128780442953,-0.29337408583847147,0.7719649541222574,1.5270704043755412,3.987106082012004,-0.8757235561611676,1.118663017435678,10991.7400390625,0,-0.18991484351116306,1,Recovery 1
2020-07-24,0.6999835629379669,73.62822819957842,-1.0044194701907982,0.13549684525600014,0.7442159858846331,1.506059125586967,0.8797128311406333,9.005333607192378,0.9920819430638743,0.5644867176819668,-0.18067153169792904,157.39550071974307,1.4441995488226,-0.2656309491813946,-0.25,10636.892022064458,1.012845904841394,1.7532797134476308,0.06687582453228647,0.7721196582436175,3.200373613865759,3.717592375597767,-0.9248875175825622,1.0209296841087396,11086.8400390625,0,-0.5569925698846956,1,Recovery 1
2020-07-27,-0.6258085486705145,72.4191311778572,-0.4058379732067241,-1.6375518579023418,-0.18991484351116306,1.1053321760931656,-1.8274667014135049,7.812293081238564,0.9708180076788028,1.0117433092318273,1.4127190780211851,151.33496781127727,-0.8157233921816776,0.7442159858846331,-0.0999984741210973,10678.170419735608,0.9953738635216699,0.2857881755470526,-0.01697800313598119,0.7991334282629075,4.757455806937894,3.957082235559617,1.6026339215323482,1.0252939846104603,11145.330078125,1,1.51592736988444,1,Recovery 1
2020-07-28,-1.1611286093483941,68.8546238396917,1.9559882816981178,-3.0318286104561443,-0.5569925698846956,1.2706156865764484,-3.58882118034084,7.945768036774603,1.070131015661232,1.8707000011077501,1.971248409117199,146.8915834312319,-1.7181211792330897,-0.18991484351116306,0.4799995422363281,10711.77259639871,1.0401732293364487,-0.007184347911215472,-0.06348709687222787,0.863189672383509,7.847692342847679,3.0464569359964555,2.5282409790018945,0.9720054965295202,11167.25,0,-0.8645614328603224,1,Recovery 1
2020-07-29,-0.8599974025208068,72.76218980190778,-5.515591698108935,-0.34218382525044166,1.51592736988444,-0.2656309491813946,1.1737435446339983,9.69171560333102,0.8017075797996083,-0.5178135772703651,2.3600493568014524,157.33973884352594,0.6559299673636332,-0.5569925698846956,-1.3800010681152308,10755.38572293862,0.7909093301655913,0.7587712298037452,0.32129060793146813,0.9338906777852486,6.3569119433625865,6.5350933158631275,0.8441219869170125,0.9865309372316439,11194.9099609375,0,-0.8988714680747911,0,Recovery 1
2020-07-30,3.955981715890433,67.48326858118509,1.988160883409007,0.735189200089259,-0.8645614328603224,0.7442159858846331,-0.12937223277106336,7.4093587198422295,0.9082300241676857,3.220792515801174,-0.8992531626276445,156.8563661123058,3.0914202830301107,1.51592736988444,0.4700012207031179,10788.53119600798,0.9132834760789605,0.07771218401073643,0.11999511718749911,1.036886309300595,6.01640684910274,5.50610652755068,-0.034691729767322155,1.005564066025105,11208.9599609375,0,-0.2585102372305803,0,Recovery 1
2020-07-31,4.010591938591368,62.45389065558263,2.571542580627617,-1.0477647078091845,-0.8988714680747911,-0.18991484351116306,-1.9466361758839756,5.216696694595546,1.008641740455434,5.0583566464005525,0.6881842300271224,156.77018005774832,3.111720470516577,-0.8645614328603224,0.6199989318847692,10811.762247461093,0.9885746841685975,-0.26634878979781007,-0.34464869425482325,1.0336746347092136,4.606739858563036,3.3724569362582724,1.5870556981019135,0.9801048721435623,11186.3,0,-1.6422215545293994,0,Recovery 1
2020-08-03,3.814601773894366,61.05720549347041,-2.183578722904733,0.22710193818531454,-0.2585102372305803,-0.5569925698846956,-0.031408299045265764,4.394128628753324,0.9499760446981748,3.5874998357090515,0.3793630987290131,150.63208964379842,3.5560915366637857,-0.8988714680747911,-0.5399990081787109,10831.14653989453,0.9110880796563704,-2.0096332771419534,0.2122085687850328,1.029241776142051,4.942122242199654,1.5754423339751078,0.6378733359595934,0.9590642676161825,11162.1599609375,1,1.8697932161379383,0,Recovery 1
2020-08-04,1.4583469186304376,52.97347187021414,4.133939553213639,-0.9823100498811299,-1.6422215545293994,1.51592736988444,-2.6245316044105294,1.188715854812994,0.9873495254996237,2.4406569685115675,-0.5868177879810754,162.055622222542,-0.1838746358989618,-0.2585102372305803,1.0,10835.624545041232,1.003940149576599,-2.7783109731253863,-0.09627545340162857,1.1818104665568927,1.80839642366184,-1.1848867161117438,1.055403766548324,1.0168031923343914,11114.119921875,1,0.05768586219327965,0,Recovery 1
2020-08-05,-0.17548138272887037,59.44844292771637,-5.438669353663239,0.11576772257715362,1.8697932161379383,-0.8645614328603224,1.9855609387150919,2.737122024168537,1.0727167535087332,-0.291249105306024,-0.8783398144695531,174.99842467620306,1.6943118334090679,-1.6422215545293994,-1.3700008392333984,10854.856060223363,1.108259309451407,-0.06215364035085935,0.5502042542149699,1.2321888168391566,2.7168007946111628,-0.6002374073327488,-2.7481330306074914,1.0331332159390134,11073.0599609375,1,0.8872554668374333,1,Recovery 1
2020-08-06,-0.5277789031128743,59.6365430963926,-1.0495382166370137,0.032816662207313385,0.05768586219327965,-0.8988714680747911,0.09050252440059303,3.6980163988977965,1.131542730741036,-0.5605955653201877,0.3470394275044919,166.46750190687578,-0.4700930409195947,1.8697932161379383,-0.25,10873.137121734595,1.106135339998745,0.25466494015060626,-0.10620181748317581,1.239865800361672,4.27772537443607,-0.27800531624201374,0.28935356531121226,0.977546238277006,11052.8201171875,1,0.12410024488720417,1,Recovery 1
2020-08-07,0.35478551085650345,62.518041352154974,-1.7819265241067028,-0.2705641958392402,0.8872554668374333,-0.2585102372305803,0.6166912709981931,3.576103725711244,1.1396709137794616,0.6253497066957436,1.7848504449174296,164.8719352463756,1.2420409776939367,0.05768586219327965,-0.42000007629394176,10897.360326837586,1.1180106210508682,2.8329243849949615,-0.48876790905315604,1.2419335457474074,5.048340123166795,-0.13641721394201944,0.8975949780799963,0.9809942566922858,11072.4201171875,1,0.5002705259437024,1,Recovery 1
2020-08-10,-0.7436421302038698,62.92030529153712,-2.4622017460768086,0.3906331490790782,0.12410024488720417,-1.6422215545293994,0.5147333939662824,4.141882774407768,1.146349041528337,-1.134275279282948,-1.01491091677548,157.84107695310877,-0.6195418853166657,0.8872554668374333,-0.5699996948242259,10920.81880667832,1.1167438986781226,1.0707267045582558,0.023504935323215292,1.2327574190639103,4.306319061477648,0.17776618473130945,-1.1390111616626841,0.9741744077132223,11100.5400390625,1,0.4644978776729314,1,Recovery 1
2020-08-11,4.868126108883786,64.57294965786699,-0.3100075069119912,0.17201843575551656,0.5002705259437024,1.8697932161379383,0.6722889616992189,4.32716068076513,1.1535043406254917,4.696107673128269,0.8631364838294076,151.82246721352735,5.368396634827488,0.12410024488720417,-0.06999969482421164,10946.695220304,1.1056875890170823,1.5177923468234322,0.16688962416933073,0.7050588571064548,2.347220530476024,1.242841125109373,0.3628659578857052,0.9585465350760354,11176.2501953125,0,-0.12452735151247118,1,Recovery 1
2020-08-12,-1.8810016803408103,66.09167863657171,-5.108838768712021,1.0284033589318842,0.4644978776729314,0.05768586219327965,1.4929012366048156,6.742027150617669,1.0508139234699374,-2.9094050392726944,-0.5641723912068519,146.6761382517235,-1.416503802667879,0.5002705259437024,-1.1499996185302805,10974.532611392593,1.0045191677925924,1.0923925582053906,0.10022727062410919,0.35676560825168036,0.08464011203555,0.1942400652346521,-1.0286702688797833,0.9559439071481329,11221.7001953125,0,-0.07030344733010008,1,Recovery 1
2020-08-13,-1.421481270458691,65.27996375397751,-2.3876414527566725,0.29009570649833893,-0.12452735151247118,0.8872554668374333,0.16556835498586775,6.5001618223132995,1.0159270601964066,-1.71157697695703,0.049290256007550326,142.19718700566008,-1.5460086219711622,0.4644978776729314,-0.5100002288818324,10999.2635580024,0.9579704148686236,0.841360503839228,-0.2663075263724557,0.41198777888520766,-5.833844803703503,0.9421779719480661,0.1738176075200215,0.9429519621042765,11263.0501953125,0,-1.0800437378868932,0,Recovery 1
2020-08-14,-0.898612707951274,64.7967212149315,-1.3429289281661427,-0.23355558074911187,-0.07030344733010008,0.12410024488720417,-0.30385902807921195,5.218832395001538,0.9639192186223191,-0.6650571272021621,0.228048371249856,138.3048289986551,-0.9689161552813741,-0.12452735151247118,-0.2800006866455078,11021.57367928463,0.8960018645923908,0.2688500475797051,-0.17075990295899457,0.31724093397393727,-5.950919747665195,1.7861387002553242,0.2983518185799561,0.9295404087664203,11283.11015625,1,0.6145711045349112,0,Recovery 1
2020-08-17,2.4953678379935673,57.73126367559863,5.34759551671995,-1.2489399593592188,-1.0800437378868932,0.5002705259437024,-2.328983697246112,2.538138000084378,1.0178138604390856,3.744307797352786,-0.46693487548007395,143.58975935091777,1.415324100106674,-0.07030344733010008,1.1000003814697266,11033.190472717248,0.9749428736026166,-1.272683677412234,0.3449099533300748,0.6954697193167204,-5.796214318187809,0.9477641878673504,0.6131088624068193,0.9578793445397218,11275.9802734375,1,1.2292057935075373,1,Recovery 1
2020-08-18,-1.0015919950386754,60.35191288615603,-1.6612856902819662,-0.5156317074832328,0.6145711045349112,0.4644978776729314,0.09893939705167831,2.040422148729837,0.8233909974261401,-0.4859602875554425,1.1149815060193857,141.10242034371188,-0.3870208905037642,-1.0800437378868932,-0.3600006103515625,11049.035593951156,0.7660032464027539,-0.5420818076164013,-0.16952854550771335,0.741493319937426,-4.648760184019729,3.263983370211321,0.5004104014844746,0.930303159391935,11271.3701171875,1,0.2024600213507588,1,Recovery 1
2020-08-19,-1.3469203473788993,65.04822439559764,-4.12951282412285,0.9354541299932739,1.2292057935075373,-0.12452735151247118,2.1646599235008113,1.998697479226852,0.6718313796930412,-2.2823744773721732,0.2565354869624725,148.31233070413342,-0.11771455387136198,0.6145711045349112,-0.8799991607666016,11073.947743241812,0.6385884742995832,0.7512923166345775,0.12976615609014974,0.9693505561875638,0.02114616573318795,2.614628867082769,-0.9726703065450648,0.9505189747525193,11283.9400390625,0,-0.8432399987605033,1,Recovery 1
2020-08-20,-0.5806411514859278,65.77611999624105,-2.3005443645737644,0.31759884459443555,0.2024600213507588,-0.07030344733010008,0.5200588659451943,2.4774157961968024,0.6832131324153077,-0.8982399960803633,-0.32566426626816636,143.74855379774868,-0.37818113013516896,1.2292057935075373,-0.470001220703125,11098.722013418344,0.6351170061343664,2.057539468642533,-0.2733357747395804,0.9622985134393369,2.6269718803033415,2.763102684795782,-0.5281242876189252,0.9296030417635089,11303.9400390625,1,0.5250916093857194,1,Recovery 1
2020-08-21,0.8692412632751223,60.14642747518941,3.306622169507878,-0.4421045441451388,-0.8432399987605033,-1.0800437378868932,-1.285344542905642,0.8626492768024407,0.72977075817397,1.311345807420261,-0.46538191143136176,144.9502394632572,0.026001264514619038,0.2024600213507588,0.6600017547607422,11114.535212077171,0.6835881691550494,0.578821102315441,0.2296927739293908,1.0791826427311573,-0.6740625396327471,1.000431251184719,0.3778580873291415,0.9367163063542645,11306.2900390625,1,0.8341006471886514,1,Recovery 1
2020-08-24,0.1161061957709153,62.29245632975953,-3.297770501938846,0.83926061695212,0.5250916093857194,0.6145711045349112,1.3643522263378394,1.585195951080065,0.7470258081237365,-0.7231544211812047,-0.3354214609609385,141.124529149406,0.6411978051566347,-0.8432399987605033,-0.6800003051757812,11133.577019284417,0.6966838164357407,-0.12076923829091868,0.04415813967120208,0.838650002169458,-1.2953335018871748,1.4049322718510115,-0.8605130703466579,0.9326101036734734,11344.9298828125,1,0.05058064691958464,1,Recovery 1
2020-08-25,-1.2013047487358763,65.48824386351134,-3.5606869248002493,1.5578738910149825,0.8341006471886514,1.2292057935075373,2.391974538203634,3.00625591994641,0.7695555146237752,-2.759178639750859,-0.30086165272382726,142.59897018469348,-0.36720410154722494,0.5250916093857194,-0.7100009918212891,11158.234291582794,0.7232604455736289,0.5088338653962632,-0.10413628680132625,0.8648827053961868,-1.4084539640034754,1.7417673933685096,-1.1349622999124787,0.9398418070595792,11388.8,1,0.67423225064831,1,Recovery 1
2020-08-26,-0.6749190426507568,65.67978308312217,0.468019525378649,1.0844057863468093,0.05058064691958464,0.2024600213507588,1.134986433266394,1.5193968282966042,0.8327824253261334,-1.759324828997566,-0.20681863874904005,138.88210749340075,-0.6243383957311721,0.8341006471886514,0.09000015258789062,11181.494714428512,0.7166774807349503,1.4148423995698156,-0.6964557567857965,0.744868383989694,-5.030651023102417,1.322587767719141,-0.2573992856686247,0.8605818985325099,11406.180078125,1,0.08355606212675504,1,Recovery 1
2020-08-27,-0.808581775104833,68.21352546966737,-0.10352203974945962,0.7203916719218828,0.67423225064831,-0.8432399987605033,1.3946239225701929,3.0951946343172,0.8446593280071077,-1.5289734470267158,0.8584809357944145,138.3775074838639,-0.13434952445652293,0.05058064691958464,-0.020000457763671875,11208.761743683808,0.7290929324525017,1.5653030894022368,0.07056164340435434,0.8146475439098497,-4.436863873003127,2.1329207528764327,0.18424868514610448,0.8631798740543839,11434.419921875,1,0.7643195654994939,1,Recovery 1
2020-08-28,0.817654710260296,68.52573024874926,-2.072536965505034,0.7114768755836831,0.08355606212675504,0.5250916093857194,0.7950329377104381,4.117216875038809,0.8535707841004245,0.1061778346766129,-0.13983676839695036,135.3395064860152,0.901210772387051,0.67423225064831,-0.3999996185302699,11234.723836744268,0.7240404660790032,0.8093159007958484,-0.28528571302676164,0.44388569152420676,-1.379161698569109,2.2901725171520226,-0.2233928305237054,0.8482488851310791,11483.8298828125,0,-2.2330747801946216,0,Recovery 1
2020-08-31,-0.4635736546267033,71.30451657950611,-2.910048932071463,3.1485468439127473,0.7643195654994939,0.8341006471886514,3.912866409412241,5.184918918094228,0.6976819716420548,-3.6121204985394506,0.10688826750484548,136.83925327746306,0.30074591087279057,0.08355606212675504,-0.5499992370605504,11265.307227309508,0.5725892022659191,1.5284674704177492,-0.6271530865197272,0.4814001231268605,-1.3560864611291579,4.197373527105941,-0.6574312979946484,0.8207023048746878,11539.0298828125,1,0.7266739846322645,0,Recovery 1
2020-09-01,-2.4396021565841197,55.71054753723819,24.468663094155986,-0.9044908854133227,-2.2330747801946216,0.05058064691958464,-3.1375656656079443,4.553053806698437,1.09594738928937,-1.5351112711707966,-1.0658337414468644,160.865634090468,-4.672676936778741,0.7643195654994939,4.489999771118164,11274.3585438051,1.0057432668051212,-1.4035084752498372,-0.875904920602566,1.3922112779805498,-0.35164801629035125,1.2483253060902033,1.1672410387477572,0.917693017497552,11523.23984375,1,0.5645038251127943,0,Recovery 1
2020-09-02,1.6172329441069166,58.79780577896865,-4.5534190393142655,-0.48398535375102636,0.7266739846322645,0.67423225064831,0.24268863088123815,3.3798246997589043,1.0631142653286851,2.101218297857943,-0.6403022537763481,158.097049545072,2.343906928739181,-2.2330747801946216,-1.0400009155273438,11288.86902204176,0.9559698409076801,-0.7699461470251134,0.7407455321414957,1.6074297553564296,1.1796100060026404,0.7456985822823725,-1.3669762384086126,0.8992164548801437,11522.83984375,0,-0.06545127600779965,0,Recovery 1
2020-09-03,0.006509006140786866,61.08372244148188,-3.165131425949652,-0.3018148036043833,0.5645038251127943,0.08355606212675504,0.262689021508411,3.903470151978028,1.0749010804341368,0.30832380974517015,1.4760776309606483,153.34077627239563,0.5710128312535812,0.7266739846322645,-0.6899986267089879,11307.100946334962,0.9679676769203679,-0.9667194370621246,-0.5429639416599352,1.5819215468354464,0.44643028202109303,1.1097051737335217,0.911573805847854,0.9005179122361007,11519.919921875,0,-1.6794744948559814,0,Recovery 1
2020-09-04,1.0089557535052252,60.66112087130805,-2.8896285775209196,-1.3741622331729486,-0.06545127600779965,0.7643195654994939,-1.4396135091807483,2.9222804451042306,1.0209742676449025,2.3831179866781738,1.5021894188748108,148.26527302982598,0.9435044774974255,0.5645038251127943,-0.610000610351559,11323.42311292589,0.9120795881026776,1.2289808589462048,-0.029343025486672225,1.6108535761415466,-1.3540524321468794,1.902812859422287,1.5676406948826105,0.8933423857042828,11513.5599609375,1,0.18705202595032944,0,Recovery 1
2020-09-07,-0.32193641547130225,50.930525706929814,8.048778626976972,-0.5276272191290232,-1.6794744948559814,-2.2330747801946216,-2.2071017139850047,1.068300986477011,1.1319791618931963,0.20569080365772097,-1.496584475655749,161.86588115709927,-2.0014109103272837,-0.06545127600779965,1.649999618530277,11324.195445996194,1.0746811735942245,-1.1891666757481323,0.2722265488170894,1.5161929744713947,-0.8425660006086466,-0.3319673686794089,0.1828900192002325,0.9493824706840533,11450.8099609375,0,-0.33201259317187093,0,Recovery 1
2020-09-08,-0.28988087983580213,51.841528165499774,-0.6320514314199666,-0.47582064786400036,0.18705202595032944,0.7266739846322645,-0.2887686219136709,0.7533121663853226,1.0986355903210436,0.18593976802819823,0.5690597071795533,155.4238300757359,-0.10282885388547269,-1.6794744948559814,-0.1399993896484375,11326.480954047403,1.0357828459625384,-1.5600363702860887,-0.21457441978326441,1.0914707224709266,-1.301279555805679,-0.971533375434197,0.3820076812292239,0.9427901799085155,11444.319921875,0,-0.3476927967516641,0,Recovery 1
2020-09-09,-1.2354387942499434,50.061604686663635,3.225802258470578,-0.5424628054349623,-0.33201259317187093,0.5645038251127943,-0.8744753986068332,-0.04548810443806284,1.1462059069963995,-0.6929759888149811,1.2045531080246752,149.7904522114709,-1.5674513874218143,0.18705202595032944,0.7099990844726491,11325.804558145743,1.0369673766198284,-1.822611092459414,0.49079219421075404,0.9758943723235171,-1.4078297460129896,-1.3502180533461194,1.5365657011965461,0.9046955439468567,11413.73984375,1,1.5184429863450921,0,Recovery 1
2020-09-10,2.2488521587869403,48.20138365316385,-2.1566891986222303,-1.7512942533105202,-0.3476927967516641,-0.06545127600779965,-2.0989870500621843,-0.26883015789043174,1.1189179388547792,4.000146412097461,-0.729788130410558,144.8557252499413,1.9011593620352762,-0.33201259317187093,-0.4899997711181605,11322.263479764577,0.9984377858091427,-0.49276822350636795,0.1857366478088096,0.8202123555777635,-0.13333638509116508,-2.3515932894724645,-0.3820953336588939,0.892324406487896,11362.33984375,1,0.13276149365679668,1,Recovery 1
2020-09-11,-1.5246285187993536,55.88432549932459,-4.363469785554964,-0.6238474437183283,1.5184429863450921,-1.6794744948559814,0.8945955426267638,1.3167599707595956,1.2482011621987217,-0.9007810750810252,0.7356986522191411,156.00779521661556,-0.006185532454261455,-0.3476927967516641,-0.9699993133544886,11331.669888670905,1.1418219434792005,0.8295885701321559,-0.3209158400613421,1.2191537550922267,1.7551814088611506,-0.9516188334018238,-0.782744334125951,0.914773978693504,11346.6998046875,0,-0.21283524468515003,1,Recovery 1
2020-09-14,-0.04518241373046017,56.501050322597266,-2.587023229012031,-0.0715577268431522,0.13276149365679668,0.18705202595032944,0.06120376681364448,2.5589511440957224,1.2127641045510136,0.026375313112692034,1.2905106079145856,150.49268944815,0.08757907992633651,1.5184429863450921,-0.5500011444091832,11341.505466940653,1.1062501964904203,1.2997794626371295,-0.03087026129560133,0.8415085022052712,1.0062543290671133,-1.5724219599297151,1.157749114257789,0.912172608191349,11372.819921875,1,0.7145947910690342,1,Recovery 1
2020-09-15,-0.4942970808177294,55.16778570968287,2.317728009678399,-1.4717758625644506,-0.21283524468515003,-0.33201259317187093,-1.6846111072496006,1.7155551387814327,0.9802206922041138,0.9774787817467212,4.678999151382612,145.68039726131303,-0.7071323255028794,0.13276149365679668,0.48000144958496094,11348.805047514494,0.8354732202737094,1.4368665072486353,-0.06623176239990425,0.8749215747437845,0.6256955961941424,0.4614691959385242,4.891834396067763,0.8523317522475996,11389.819921875,1,0.71820376506051,1,Recovery 1
2020-09-16,1.2189438760095817,58.68533157199057,-2.7843328821045232,0.9341840568828585,0.7145947910690342,-0.3476927967516641,1.6487788479518928,1.1984717201845463,1.0468208641238006,0.2847598191267231,0.6265088326760759,144.83754416292942,1.9335386670786159,-0.21283524468515003,-0.5900001525878906,11361.619473971754,0.8343929314220375,0.6336642547546845,0.18562998787143847,0.8772236438942824,1.6510523951481781,0.44942180586735603,-0.0880859583929583,0.7970732719544623,11430.7099609375,0,-0.7622027291120936,1,Recovery 1
2020-09-17,1.3607430467599269,61.94052843012953,-4.563109304129787,-0.23790764287463517,0.71820376506051,1.5184429863450921,0.4802961221858748,1.719341952827036,1.0524367150212885,1.598650689634562,0.7288257805762921,144.29557147766357,2.078946811820437,0.7145947910690342,-0.9400005340576172,11379.614313284032,0.8462953263819367,1.2220351345961777,0.2513145328491895,0.7463414375047692,0.9790886845838731,0.6029458577156532,0.010622015515782124,0.8041294209881059,11496.019921875,0,-0.09681588767627147,1,Recovery 1
2020-09-18,1.1677311429619586,56.7899071068762,2.238049529362196,-0.3594735053478182,-0.7622027291120936,0.13276149365679668,-1.1216762344599118,1.8024735289514426,1.0957541816231298,1.5272046483097768,0.23949808835219688,144.52692106189173,0.40552841384986493,0.71820376506051,0.4400005340576172,11389.724335216695,0.8858364315110664,0.6647681258899585,-0.33781262166454606,0.7180212615033569,-0.5307423086864382,-0.0984657122363064,1.0017008174642905,0.8084262385285268,11509.38984375,0,-2.211225483867385,0,Recovery 1
2020-09-21,5.081075241010424,56.15600982686437,-0.24876190776232932,-1.199303097059834,-0.09681588767627147,-0.21283524468515003,-1.2961189847361054,1.1726633940537523,0.8260122883812592,6.280378338070259,0.0474343187937043,140.5965985140561,4.984259353334153,-0.7622027291120936,-0.05000114440917969,11398.25958411268,0.6683816765377235,-0.14624112257309863,0.04473863581080373,0.7301445585525935,0.33208220491369733,1.5096422824948386,0.14425020646997577,0.8091667471012489,11517.48984375,0,-0.861286032635733,0,Recovery 1
2020-09-22,-2.0202070365529345,44.06872778741153,10.67332358318238,-0.8038367953445924,-2.211225483867385,0.7145947910690342,-3.0150622792119774,-1.882887789572929,1.1041709632895236,-1.2163702412083426,-0.494775389783253,163.27080399864022,-4.23143252042032,-0.09681588767627147,2.1400012969970703,11387.318118970075,1.0015985719655331,-3.050527646122092,-0.0663262396640607,1.2319557867608646,-0.06661954277172866,-0.9202953910150247,1.716450094084132,0.9071046107490222,11479.58984375,0,-0.19545871070447696,0,Recovery 1
2020-09-23,1.5163941169864747,40.493484311897966,-3.515099900283236,-0.20439462058293723,-0.861286032635733,0.71820376506051,-1.0656806532186702,-2.777132727886855,1.124114182624434,1.720788737569412,0.6949141333823405,161.85705226757148,0.6551080843507417,-2.211225483867385,-0.7800006866455078,11370.009398351922,1.0295275271480093,-3.147326187200905,0.06120340269752944,1.074650073618394,-2.8533867703523064,-1.4464448338186497,1.5562001660180735,0.9158567189606951,11405.9599609375,0,-2.9312272096516434,0,Recovery 1
2020-09-24,-1.4122842937979496,39.7128603681467,-1.9617005104496155,0.38184720427096863,-0.19545871070447696,-0.7622027291120936,0.18638849356649168,-3.6170085035753585,1.121260168297923,-1.7941314980689183,-0.3042832762273795,155.11857811106177,-1.6077430045024266,-0.861286032635733,-0.4200000762939453,11352.367932501778,1.0272514278839713,-3.2429569846335715,-0.1043834192636206,0.8553227573746992,-3.0850627874104863,-1.295889258955485,-0.10882456552290254,0.9161579594245434,11311.419921875,1,2.2645788482354545,0,Recovery 1
2020-09-25,-0.07496631850670843,30.298227606510707,12.005719319878928,-0.476242458619891,-2.9312272096516434,-0.09681588767627147,-3.4074696682715344,-6.520320914527322,1.123601156141225,0.4012761401131826,-4.203848866125148,185.14644152437864,-3.006193528158352,-0.19545871070447696,2.5200004577636754,11311.862885997018,1.1872507424722043,-3.9553622509594377,0.3746762180713681,1.0853715908933774,-3.6015983734361323,-5.622204033561151,-1.272621656473505,1.0566478468544929,11169.3099609375,1,1.6044868187371275,0,Recovery 1
2020-09-28,0.040758704525334366,41.49877744517369,-12.037430438768892,0.3042441703771992,2.2645788482354545,-2.211225483867385,2.5688230186126537,-5.128521149492482,1.3135647486646254,-0.26348546585186483,3.459110691748024,200.45377536279474,2.305337552760789,-2.9312272096516434,-2.8299999237060582,11292.484153700942,1.4822999847783829,-0.9270542558148631,-0.13010995956477256,1.5801138773621048,-3.7511049743753633,-3.6129093698872294,1.1945318435125696,1.1284559715491282,11078.369921875,0,-0.04586409458945395,1,Recovery 1
2020-09-29,0.12629054213311175,48.01681730118867,-5.367507707791241,1.6513474403292427,1.6044868187371275,-0.861286032635733,3.2558342590663703,-1.4046120334796908,1.3838750361551995,-1.525056898196131,0.783017139811859,204.85161247588042,1.7307773608702393,2.2645788482354545,-1.1100006103515625,11287.674201922167,1.6080573389709008,0.8596971632809591,0.022935067355578376,1.649399243136005,-3.7555525037977433,-1.8575093957451938,-0.8214696789252685,1.1619960594853682,11073.769921875,1,0.2241001317642377,1,Recovery 1
2020-09-30,-0.6924809561807743,47.85006614530775,1.0219763211971156,-1.1274218606418085,-0.04586409458945395,-0.19545871070447696,-1.1732859552312624,-2.1608039003073176,1.3867929984753613,0.4349409044610342,0.2464230645669918,192.50126466659623,-0.7383450507702283,1.6044868187371275,0.20000076293945312,11282.839104789045,1.578998874310316,3.8577452649070088,0.37408196655974724,1.6265392177622402,-0.2485241749337841,-2.5985472681159805,0.29228715915644576,1.138597379643239,11087.519921875,1,1.5061092732783665,1,Recovery 1
2020-10-01,0.3169102390884859,48.78552131402017,-1.2139593604506782,-0.034954612497073434,0.2241001317642377,-2.9312272096516434,0.18914551926716427,-2.491982620827915,1.3635746776332638,0.35186485158555936,0.6028137809755973,181.83116245063317,0.5410103708527236,-0.04586409458945395,-0.23999977111816406,11280.225082559302,1.5527901168429445,1.7854781990226387,-0.17573133639664507,1.6291361733962437,0.45475389954785506,-3.0763795753265266,0.37871364921135964,1.1387642658499215,11110.6599609375,0,0.0,1,Recovery 1
2020-10-02,-1.080971919870377,54.68222152555275,-6.041988037320745,2.196147101324497,1.5061092732783665,2.2645788482354545,3.7022563746028636,-0.9585814566774986,1.4120332279307684,-3.277119021194874,0.7971930940213756,187.78502633742355,0.4251373534079894,0.2241001317642377,-1.1800003051757812,11290.35286868917,1.64111212843556,1.6869254104392883,-0.18958546595457815,0.7645979908652867,1.7066371156666094,-0.8609634982818748,-0.7089161792569909,1.1622333637992972,11232.9400390625,1,0.7567643949079716,1,Recovery 1
2020-10-05,0.0,54.68222152555275,0.0,0.0,0.0,1.6044868187371275,0.0,-0.9585814566774986,1.4166022008339298,0.0,0.0,187.78502633742355,0.0,1.5061092732783665,-1.1800003051757812,11290.35286868917,1.6412498508505522,1.7335845979085107,-0.6620974835885973,0.6747769236765923,1.7066371156666094,-0.7648881438518051,0.0,1.1585820279982029,11232.9400390625,1,1.3826475474619793,1,Recovery 1
2020-10-06,0.944168563424852,54.68222152555275,7.356950154796671,-0.1950961683688357,0.7567643949079716,-0.04586409458945395,0.561668226539136,1.3060251362902786,1.270128691637364,1.1392647317936877,3.473822478943145,176.81745896400525,1.7009329583328237,0.0,-1.1800003051757812,11307.292226564035,1.469275142835442,2.274271366914893,0.14395574978438574,0.5281998548910396,2.008771425302447,2.2469995606985593,2.7170580840351732,1.1567923411086314,11232.9400390625,1,0.6555187284725372,1,Recovery 1
2020-10-07,-1.503653907138458,60.07307585371108,-0.30457548714357685,0.7752838906214476,1.3826475474619793,0.2241001317642377,2.157931438083427,3.048865619245067,1.2295291026381718,-2.2789377977599057,0.4216925368830893,182.22350219588768,-0.12100635967647877,0.7567643949079716,-0.06000137329101207,11333.596535012995,1.454996287929263,2.1498753267161996,-0.292003112424577,0.531737525198055,1.041900495072512,4.56128695254443,-0.96095501057889,1.1833768592255023,11232.9400390625,1,0.8156676606839941,1,Recovery 1
2020-10-08,-1.4419843349443906,62.38900734626036,2.1384933266103356,-0.16937904657641223,0.6555187284725372,1.5061092732783665,0.486139681896125,4.086270698483774,1.2149977604659437,-1.2726052883679784,0.5773643778338666,175.94616414268575,-0.7864656064718534,1.3826475474619793,0.42000007629394176,11363.615281262033,1.437400288423424,2.8194868905941473,0.9666524775342022,0.48196602473957995,-0.5205965157256576,5.452822498507337,-0.0781543506386706,1.1830476854135852,11232.9400390625,1,0.672609032539162,1,Recovery 1
2020-10-09,1.6534905039194525,65.11805407813944,1.5952128780836183,0.1708399813227235,0.8156676606839941,0.0,0.9865076420067176,3.365719233792608,0.6384897932527206,1.482650522596729,3.2346988530429943,173.1430753299108,2.4691581646034466,0.6555187284725372,0.31999969482421875,11398.503009270402,0.760475239071797,2.879596041574173,-0.36916490612997066,0.3994077941745975,-0.22675391741741047,9.523345163252062,2.419031192359,1.1910530865869995,11232.9400390625,1,0.14058853909966196,1,Recovery 1
2020-10-12,-2.0260965448779644,67.24582563317142,0.0,2.1536645052476766,0.672609032539162,0.7567643949079716,2.8262735377868387,3.922996675269186,0.5008226048797706,-4.1797610501256415,0.6470884127020682,168.6135435411308,-1.3534875123388024,0.8156676606839941,0.0,11436.702800829074,0.5956618454070092,2.15907357193732,-0.35625798094749417,0.24297079976105063,-0.22675391741741047,7.818376917377434,-0.02552061983709386,1.1893669326286176,11730.6798828125,1,0.029752908438873682,1,Recovery 1
2020-10-13,0.7777115832144021,67.69241869370248,3.680078659884445,-0.7025071232748314,0.14058853909966196,1.3826475474619793,-0.5619185841751695,4.2910686492278804,0.4897930882369373,1.4802187064892336,1.668903074418937,162.0396713293964,0.9183001223140641,0.672609032539162,0.75,11473.313718938958,0.541740383976643,1.636451546189699,-0.3625811580650229,0.3595579441815483,1.3807166277454819,6.264950081373333,1.528314535319275,1.106059674867435,11816.2,1,0.3062533385353339,1,Recovery 1
2020-10-14,-1.818796507804754,67.79264338478839,-1.9403684983262393,-0.9600612823508992,0.029752908438873682,0.6555187284725372,-0.9303083739120255,3.581907360902048,0.483155467140254,-0.858735225453855,1.3084348107209376,156.34704848547682,-1.7890435993658804,0.14058853909966196,-0.4099998474121129,11507.47566568422,0.531996016424547,0.844138322566157,0.46017866300753774,0.2864550684295232,0.24658284879295334,6.3453413226093325,1.278681902282064,1.10108661198653,11870.619921875,0,-2.428360085835335,0,Recovery 1
2020-10-15,-0.9751730257957836,68.86367649431429,-2.4613911476007,1.3217411868443163,0.3062533385353339,0.8156676606839941,1.6279945253796502,3.158244017807199,0.47861602583782675,-2.2969142126401,-1.2828611771701692,151.4621750936631,-0.6689196872604497,0.029752908438873682,-0.5100002288818324,11541.814490795574,0.5258295101091188,0.47715841972646444,0.36700784128869124,0.27693127135335205,0.45506429912989255,6.432512080973196,-1.589114515705503,1.0986458490201667,11917.0599609375,1,0.7028949362235082,0,Recovery 1
2020-10-16,0.5784403373692015,53.59730807677725,9.153886517941912,-0.9318966748338542,-2.428360085835335,0.672609032539162,-3.360256760669189,1.4262641482042149,0.8606700462661964,1.5103370122030557,-2.867719977193073,177.8141441957581,-1.8499197484661334,0.3062533385353339,1.8500003814697266,11552.076351431086,1.0273828677993548,-2.100424373877252,-0.43982494053331767,0.9230452124550728,0.6818164478648692,2.3070908566338977,-0.4393598913577379,1.193701200791562,11886.2099609375,1,0.9402769621849272,0,Recovery 1
2020-10-19,0.8111171521763882,56.5284463866345,-1.858566896364111,1.294509264528676,0.7028949362235082,0.14058853909966196,1.9974042007521842,2.238167011839076,0.8963804935427347,-0.48339211235228774,-0.13516012467513772,172.89396989153192,1.5140120883998964,-2.428360085835335,-0.4099998474121058,11567.659599126004,1.0336850697835522,-1.4416171996103788,0.10204973831799968,0.9229378471217403,0.20270303940290724,3.0262022176627656,-0.8380550608986459,1.1531766667618069,11855.8599609375,1,0.2000328507897331,0,Recovery 1
2020-10-20,-2.611578417890581,60.1777573375776,0.7852197657705284,2.176592616773587,0.9402769621849272,0.029752908438873682,3.1168695789585144,5.533062924094945,0.8981487990937401,-4.788171034664169,-0.6790276664780825,172.50342169245252,-1.6713014557056538,0.7028949362235082,0.17000007629394176,11590.281095834263,1.044202851026733,-0.8186416529787244,0.09922132782302917,1.0903847662925568,-0.6028141376305918,3.2138482082749276,-1.6193046286630097,1.1626167646057657,11844.2798828125,1,0.34337457642519276,0,Recovery 1
2020-10-21,0.03884840212629026,60.936118026036915,3.9871716379527022,-0.014390561468169416,0.2000328507897331,0.3062533385353339,0.18564228932156368,6.662835825364777,0.841609805513662,0.053238963594459676,1.4138492290406646,165.36536520637532,0.23888125291602336,0.9402769621849272,0.8700008392333984,11612.986185378948,0.9754071932479378,1.8531140124330658,0.17863327469613832,1.1212031802422804,-0.6261238514110756,2.0098728067244664,1.2138163782509315,1.1589779334479757,11836.73984375,0,-0.34512817819539743,1,Recovery 1
2020-10-22,-0.33221208935934055,62.26715171179847,1.0136603650189313,0.9862260653745292,0.34337457642519276,-2.428360085835335,1.329600641799722,7.238696259167687,0.8347680526291574,-1.3184381547338697,-0.5379244865657107,159.23351703302518,0.011162487065852211,0.2000328507897331,0.22999954223632812,11637.035385767544,0.9642664434436351,1.489487244607579,0.09854181343897928,1.12920969765251,1.449602191459265,1.6935286494447643,-0.8812990629909034,1.1551309855751393,11830.0599609375,1,0.28495402835257977,1,Recovery 1
2020-10-23,-0.5169959443662719,60.044987867922714,-1.2216434804252385,-0.2674144851315452,-0.34512817819539743,0.7028949362235082,-0.6125426633269426,10.095741635948619,0.8378238049270489,-0.24958145923472674,-0.7607426557264096,153.8643150223716,-0.8621241225616694,0.34337457642519276,-0.28000068664550426,11656.251297585688,0.9479436400060256,0.19708828826576763,0.045891874393011456,0.5226137690721924,1.1060986160398745,0.522625082208128,-0.4156144775310122,1.1314355528544366,11873.280078125,0,-1.3629073304543216,0,Recovery 1
2020-10-26,-0.6509038149735025,61.269731485553656,-3.5777362534415103,-0.30884571914161496,0.28495402835257977,0.9402769621849272,-0.02389169078903519,7.964522154476139,0.8196408771003811,-0.3420580958318875,0.5141598028113092,149.25620583188865,-0.3659497866209227,-0.34512817819539743,-0.8099994659423899,11676.554876236747,0.9276456359978625,0.28200697026339316,0.052528823289121895,0.5392366159815305,0.35963102129876745,0.1355476137529843,0.22920577445872947,1.1317708301684544,11906.8599609375,1,1.0337608346965288,0,Recovery 1
2020-10-27,-0.1049608631285115,52.89450658576661,4.580852054488838,-0.28283760776511846,-1.3629073304543216,0.2000328507897331,-1.64574493821944,4.811380975455282,0.8790534357157316,0.17787674463660696,-1.1982214653011192,158.8804929709703,-1.467868193582833,0.28495402835257977,1.0,11683.31007058958,1.022467232369662,-1.4232314154419168,0.13957900480077168,0.8128721506669954,0.06738270213033637,-1.367872572099238,0.16468586515320238,1.163145709622597,11885.8,0,-1.34406089457636,0,Recovery 1
2020-10-28,0.5305295574991709,57.56781642385758,-2.7595232714496154,1.849055656328047,1.0337608346965288,0.34337457642519276,2.8828164910245757,5.943469995574202,0.9291268378505794,-1.318526098828876,-1.1393880146266966,161.84274625192407,1.5642903921956997,-1.3629073304543216,-0.629999160766598,11698.576020221833,1.087441574302473,-0.05925973354873326,0.1701405987837079,1.0032882318671454,0.18002212764833825,-0.37789274267878703,-2.1731488493232254,1.170390876583893,11884.3201171875,0,-0.5012942184360991,0,Recovery 1
2020-10-29,-0.2751928136719095,50.48271894880694,4.8648643540093905,-0.8239294367928252,-1.34406089457636,-0.34512817819539743,-2.167990331369185,4.285820583667044,0.9662358139127579,0.5487366231209156,-1.0136305517447486,169.39021732458428,-1.6192537082482694,1.0337608346965288,1.0799999237060547,11700.87406386281,1.1535403086947367,-1.6826832957371862,-0.19405569911328246,1.073376489840118,-0.40187609175372785,-2.016950887782254,0.3304303428316113,1.1938496710516953,11842.7099609375,0,-0.24333734223676018,0,Recovery 1
2020-10-30,-0.37374982349854813,48.135192704108974,3.1786930811503966,-0.07850430651324958,-0.5012942184360991,0.28495402835257977,-0.5797985249493487,2.2234450096771274,0.7269215531671914,-0.29524551698529855,0.3202665747150002,162.42536217609793,-0.8750440419346472,-1.34406089457636,0.7399997711181641,11698.646340960935,0.8641087679486974,-0.8238634854793814,0.860378204193224,1.1190921201668214,-0.9823675651092101,-0.08175957918105103,0.8215607931510993,1.1887235481065188,11797.5798828125,1,0.2297636149117599,0,Recovery 1
2020-11-02,0.40145243220648386,46.998431450802876,3.039132091275132,-0.5498714891490897,-0.24333734223676018,-1.3629073304543216,-0.7932088313858499,2.2234450096771274,0.6969258189033661,0.9513239213555735,0.19112174967195195,156.29184774011793,0.15811508996972368,-0.5012942184360991,0.7299995422363281,11694.479974269383,0.8291005705257956,-2.077480712944646,-0.23643537972737327,1.0523978436707424,-0.7390858225691632,-1.0206190265982351,0.4344590919087121,1.1896539745947678,11739.9900390625,1,1.237019016319918,0,Recovery 1
2020-11-03,-0.8385480090196018,48.23840741666596,1.858582159485489,3.9190315385880137,0.2297636149117599,1.0337608346965288,4.148795153499774,1.4413261083091378,0.6819105307775748,-4.757579547607616,-0.8822974375753301,151.01180189560216,-0.6087843941078419,-0.24333734223676018,0.45999908447265625,11692.603708814244,0.7574489841023869,-0.5153561993853972,0.38578453042250604,0.9540801219321682,0.15712614146576875,-1.717329729232675,-1.11206105248709,1.1107747275445143,11720.2701171875,1,0.8041647267956087,1,Recovery 1
2020-11-04,0.4246831174752552,54.43348650277666,-3.8476769082944284,1.9378336217574343,1.237019016319918,-1.34406089457636,3.1748526380773523,1.2956132898375161,0.7871076452148741,-1.5131505042821791,0.017842779675203424,157.99917622618844,1.6617021337951732,0.2297636149117599,-0.9699993133544922,11701.55898964282,0.8755829215197505,1.2227113625510544,-0.1256820484669574,1.0426746429634635,0.628928069222523,-0.7001866556977654,-1.2191762366447145,1.1124055607438708,11705.0900390625,1,1.7785598915690537,1,Recovery 1
2020-11-05,1.3756644310690236,57.99649934278716,-4.290424991743869,-0.45840858400596485,0.8041647267956087,-0.5012942184360991,0.34575614278964384,1.4452045666341284,0.8168812750255083,1.8340730150749884,1.7773475176022346,157.5382860626966,2.1798291578646323,1.237019016319918,-1.039999008178711,11716.887953372981,0.9109762411478518,2.2856077823030008,0.26699928949107665,0.7841536780515483,0.5155784332873559,-0.24418867759683494,0.973182790806626,1.1151880559849008,11740.8701171875,1,1.1819014571289532,1,Recovery 1
2020-11-06,-0.9490077778688155,64.63579643385927,-9.612074897632128,0.3225842924061917,1.7785598915690537,-0.24333734223676018,2.1011441839752454,2.4141095156795744,1.0862001830239576,-1.2715920702750072,1.3319383685945985,172.85335508246192,0.8295521137002382,0.8041647267956087,-2.2300014495849645,11746.770312729612,1.0619690696326705,3.866171905925153,-0.36916754068543334,0.8136807284840283,1.285230472232879,1.8816504562277014,-0.44662152297445523,0.9776918528659714,11830.7701171875,1,1.6104635537461442,1,Recovery 1
2020-11-09,-1.8790474045775718,68.28693708649168,-2.241293890053564,0.6645224618446299,1.1819014571289532,0.2297636149117599,1.8464239189735832,2.932212012959523,1.1979763921607007,-2.5435698664222017,0.4987007113506081,177.08194094125844,-0.6971459474486186,1.7785598915690537,-0.46999931335448863,11785.050275096863,1.1076212568273136,3.809622928746781,-0.34954895998465796,0.5716388989178587,2.9106519052571,2.7928787187482484,-0.6832007457783451,0.9245768647492143,11955.0,1,1.364650710436388,1,Recovery 1
2020-11-10,-1.171691584271306,72.50215889517743,-1.90243604706557,1.1327378230145513,1.6104635537461442,1.237019016319918,2.7432013767606955,4.443062796316655,1.094398916747388,-2.3044294072858573,1.5254281647733903,188.11171535221555,0.4387719694748382,1.1819014571289532,-0.38999938964844105,11835.124314325798,1.0121621183143286,4.639961411491789,-0.18915998125383915,0.36288804775282807,2.7117949980614453,5.891523908032537,-0.08503538897275398,0.9248566521000299,12113.3798828125,1,0.9346041508720315,1,Recovery 1
2020-11-11,-5.694221398846322,75.5193258192007,7.309792485027655,2.5283443641506143,1.364650710436388,0.8041647267956087,3.8929950745870023,5.836856251832923,1.1002609180943337,-8.222565762996936,-3.857216268255481,194.12419366983664,-4.329570688409934,1.6104635537461442,1.4699993133544922,11894.085447292406,1.033867746595761,4.214415591353182,-0.0359504490196616,0.35054745197276926,-1.830356492831986,6.238323165017157,-5.221866978691869,0.9396568845473559,12276.8998046875,0,-0.45768215253314537,1,Recovery 1
2020-11-12,2.659744484262805,77.37525675458454,2.085267676229785,-0.09911905046784408,0.9346041508720315,1.7785598915690537,0.8354851004041874,6.499852549546814,0.8189659473472772,2.758863534730649,1.6779083347236545,192.48050560760825,3.5943486351348364,1.364650710436388,0.4500007629394567,11957.423591242969,0.7731320958442149,3.9597065586335356,0.4440641547048374,0.3065078345806279,-1.4272956901662748,8.692119212962002,0.743304183851623,0.944034484298865,12445.0298828125,1,0.2296970330761372,1,Recovery 1
2020-11-13,0.7208565279023027,74.37388398330867,-6.4003622490436225,-1.5052160979827534,-0.45768215253314537,1.1819014571289532,-1.9628982505158987,8.650855745803042,0.8185249921973637,2.226072625885056,0.1540029974684165,183.73750459951015,0.26317437536915733,0.9346041508720315,-1.4099998474121094,12011.747755201823,0.7648055884520897,1.8437451386605908,0.38825057481133296,0.8971251790806464,-1.469278437923871,8.739760916731033,0.6116851500015619,0.9343704781903914,12559.1298828125,0,0.0,1,Recovery 1
2020-11-14,0.8534213099731902,74.89774302844285,-4.461687870271436,0.431217319148236,0.2296970330761372,1.6104635537461442,0.6609143522243732,8.140310769448167,0.7531453907544767,0.4222039908249542,0.34404717117837436,176.19910424665844,1.0831183430493274,-0.45768215253314537,-0.9200000762939453,12064.207195210021,0.7021417709186526,0.7034271653716839,0.39559899443821767,0.9385913428043205,-2.784478054743622,9.25539208868984,0.11435013810223715,0.9322791846869767,12650.4099609375,0,0.0,1,Recovery 1
2020-11-16,0.0,74.89774302844285,0.0,0.0,0.0,1.364650710436388,0.0,8.140310769448167,0.7830187837228288,0.0,0.0,176.19910424665844,0.0,0.2296970330761372,-0.9200000762939453,12064.207195210021,0.7294244529416547,-0.2290364017822899,0.0,0.8138148401567032,-2.443819990910645,9.004938401785555,0.0,0.9315542206986861,12650.4099609375,1,1.2126619808373373,1,Recovery 1
2020-11-17,0.0,74.89774302844285,0.0,0.0,0.0,0.9346041508720315,0.0,8.140310769448167,0.8375752282341643,0.0,0.0,176.19910424665844,0.0,0.0,-0.9200000762939453,12064.207195210021,0.7640246854474781,0.2296970330761372,-0.5039690890534243,0.5644123442918326,-2.443819990910645,7.673002880708513,0.0,0.9121863441144168,12650.4099609375,1,0.4975051165572175,1,Recovery 1
2020-11-18,-1.516678883064504,74.89774302844285,0.5076064479612397,1.3012411178360939,1.2126619808373373,-0.45768215253314537,2.513903098673431,7.8453445530872745,0.8411102401506683,-2.817920000900598,0.24117896433992758,168.13121757038695,-0.3040169022271666,0.0,-0.9200000762939453,12133.338483282925,0.7783473360559432,1.2126619808373373,-0.09344222601239682,0.6723229881801664,0.7013519304137183,8.109335309337862,-0.9714830164974098,0.9253808820974604,12650.4099609375,0,-1.287266861341374,1,Recovery 1
2020-11-19,-1.1634100219152343,76.32789038155968,-3.43433547489419,1.450830203748743,0.4975051165572175,0.2296970330761372,1.9483353203059606,8.757232515443935,0.757702861662327,-2.6142402256639774,-0.8083428875369503,162.96472189433507,-0.6659049053580168,1.2126619808373373,-0.6799983978271484,12192.961558595302,0.6980168269768003,1.7162001527957882,0.08277520217334633,0.5564561378918778,-0.18074563802796817,6.7485970519983285,-1.3058480040941678,0.9212276503346555,12650.4099609375,1,0.683930941371913,1,Recovery 1
2020-11-20,0.8881384300818529,65.82581227784799,2.3535503966476856,-1.5591303934447853,-1.287266861341374,0.0,-2.8463972547861593,7.052187182145597,0.9344617002314728,2.447268823526638,-0.9401914360064545,171.95719973029878,-0.39912843125952113,0.4975051165572175,0.4499988555908203,12235.831087241018,0.899499723190577,0.4068412156131851,-0.08015608771912985,0.928303679283708,-1.1501991875916495,4.14358320973891,0.34707542533491953,0.9625859710187356,12650.4099609375,1,0.5241475198302092,1,Recovery 1
2020-11-23,-1.0284540572468748,68.29008402938634,0.2554989534435448,0.46802075001737276,0.683930941371913,0.0,1.1519516913892858,9.2736487832211,0.8333835939837378,-1.4964748072642475,1.3962039842754237,169.24888755271715,-0.34452311587496176,-1.287266861341374,0.05000114440917969,12281.995436681498,0.8049041033567688,-0.1176802472787064,-0.4305246321190337,1.0537321405862332,-2.0129674113417706,3.1939524056013635,0.7122730429035107,0.9658266722360469,12650.4099609375,1,0.9956344809897599,1,Recovery 1
2020-11-24,1.301607314034503,70.08274541906658,6.014262728610831,-1.2486012417336712,0.5241475198302092,1.2126619808373373,-0.7244537219034619,8.722473553041677,0.7485730155424473,2.550208555768174,2.7922546621203415,164.2867214258964,1.8257548338647123,0.683930941371913,1.1799983978271484,12329.73282620972,0.7231790029413222,-0.09120093279616492,0.08474748164275514,1.064103442125276,-2.0129674113417706,2.3382808707983482,2.268107142290132,0.9660767725409113,12873.930078125,0,-1.5070680468092346,0,Recovery 1
2020-11-25,0.22782262109111162,73.19850326534439,1.250001146243207,1.4611129541250767,0.9956344809897599,0.4975051165572175,2.4567474351148366,11.300903913127103,0.7486164607361471,-1.233290333033965,0.26014389919424286,168.24528487119346,1.2234571020808716,0.5241475198302092,0.26000022888183594,12383.467460610853,0.7299763003179771,2.2193614865508193,0.11124811663132395,1.1334356962282137,-3.8867661367656736,2.4001599371281657,-0.7354905817955171,0.9751005201318952,12910.1201171875,1,1.0001213639976747,1,Recovery 1
2020-11-26,-0.5601295612011281,62.4848642468929,9.829058629235776,-0.31169474235183126,-1.5070680468092346,-1.287266861341374,-1.8187627891610658,10.17582861339552,0.999695829028532,-0.24843481884929686,-1.6243451092253225,180.61818048211765,-2.0671976080103627,0.9956344809897599,2.0699996948242188,12418.647677648938,0.8975810672635748,-0.005050249220306391,-0.3826570982182642,1.3294577379895192,-3.3952014251667495,1.320646362064548,-0.11727706241608793,0.8978541683382252,12894.1501953125,0,-0.1389836350773832,1,Recovery 1
2020-11-27,0.427011834401414,65.98887476191547,-13.44573634173818,0.21012993876865504,1.0001213639976747,0.683930941371913,1.2102513027663298,11.549161377903939,1.0386687288386056,0.21688189563275895,0.7094845052662002,182.34037100116856,1.4271331983990887,-1.5070680468092346,-3.1099987030029297,12460.747849674943,0.9387399831200515,0.4684178855959731,-0.24458980069506087,1.1973569611178416,-2.030579893143236,2.099456370402386,-0.2906368587314745,0.9037915140333944,12937.21015625,0,0.0,1,Recovery 1
2020-11-30,0.4601393654025676,65.07020672619254,-0.9990047870448104,0.33966713019837336,-0.1389836350773832,0.5241475198302092,0.20068349512099015,11.13876984336204,1.0476713901133528,0.12047223520419426,-0.4345856948220206,175.32025512809597,0.3211557303251844,1.0001213639976747,-0.20000076293945312,12498.392467870317,0.943244954626134,-0.6602773061457845,0.3644597129056404,1.1792868867127435,-2.214109085361704,1.9575548345445615,-0.2956020597446374,0.9003252006521936,12959.190234375,1,1.0802694687318537,1,Recovery 1
2020-12-01,0.0,65.07020672619254,0.0,0.0,0.0,0.9956344809897599,0.0,11.13876984336204,1.0459346717025644,0.0,0.0,175.32025512809597,0.0,-0.1389836350773832,-0.20000076293945312,12498.392467870317,0.943244954626134,0.8597477238934115,-0.14570783179080893,1.1707561756560632,-2.214109085361704,1.9575548345445615,0.0,0.9018201423480241,12959.190234375,1,0.03585458429504751,1,Recovery 1
2020-12-02,0.6597202535300051,65.07020672619254,1.816350231557129,-0.3750820561926105,1.0802694687318537,-1.5070680468092346,0.7051874125392432,10.081452783201073,1.0164249865292387,1.0348023097226156,1.8653887346752107,168.65245255303753,1.7399897222618588,0.0,-0.20000076293945312,12546.95726343457,0.9282316032436199,0.9397844358781882,0.11400615503227574,1.1826546723192846,-1.1453900835702413,1.824187955850709,0.785119265943357,0.9132317834015345,12959.190234375,1,0.15365849299400214,1,Recovery 1
2020-12-03,0.32486501937065704,65.22764829002261,-1.3379606227975183,-1.2254085912810297,0.03585458429504751,1.0001213639976747,-1.1895540069859822,8.196581036124906,1.017739974584576,1.5502736106516868,0.6679909555573404,163.65045887929904,0.36071960366570455,1.0802694687318537,-0.2700004577636719,12588.941910587564,0.9224147125146609,1.1165113791541614,-0.5001014673236548,0.70626553203823,0.3514562436887303,1.35644310474754,0.6321363712622929,0.9063363289718482,12959.190234375,1,0.9490662358873525,1,Recovery 1
2020-12-04,0.8253679431675209,65.93651519854495,-4.570566822633049,-0.2025349963293066,0.15365849299400214,-0.1389836350773832,-0.048876503335304466,7.09705264624787,0.8554791235630343,1.0279029394968275,-0.5233244376988244,159.34226488289232,0.9790264361615231,0.03585458429504751,-0.9099998474121094,12629.309205405152,0.7758120903370768,1.2718854867074691,0.010316851644920355,0.5959082386865782,0.3027505176359746,2.8359591109524684,-0.6769829306928266,0.9068743688569563,12959.190234375,1,0.7331133249439903,1,Recovery 1
2020-12-07,0.25229374114290604,70.0094422946516,-5.105259543971008,1.1007646886274092,0.9490662358873525,0.0,2.0498309245147617,6.399942320269059,0.9299175946549746,-0.8484709474845031,0.48464371227301406,163.55558464329815,1.2013599770302585,0.15365849299400214,-0.9699993133544922,12675.919620166807,0.7953306542198042,1.1404335342943162,0.2746319459635105,0.6757744477335427,0.5135415964508061,3.106761433137706,-0.46442252361433844,0.8552700354292171,12959.190234375,1,0.2785331809333158,1,Recovery 1
2020-12-08,0.9048755393214369,72.74602738029388,-0.05546438436490053,-0.2035373613651803,0.7331133249439903,1.0802694687318537,0.52957596357881,5.737033299041938,0.9469550145296143,1.1084129006866172,0.5876323623883684,163.61203273252477,1.6379888642654272,0.9490662358873525,-0.010000228881835938,12726.277426080378,0.8042982981213931,1.8453912877704592,-0.10099549455566681,0.6312763925541708,0.5135415964508061,3.3210958786131117,-0.14548096255562193,0.8493521716300544,13194.2,1,1.0165752285866914,1,Recovery 1
2020-12-09,-1.4624371333438302,73.73386015613264,3.3296357726296577,-0.111874422999092,0.2785331809333158,0.03585458429504751,0.1666587579342238,5.049746727914628,0.9814287409922714,-1.3505627103447382,0.7865103312598709,159.65436196193798,-1.1839039524105144,0.7331133249439903,0.6000003814697266,12775.660594171646,0.7695927416386982,1.9723752806318773,0.3112850685526025,0.537481456351146,2.4828546094332715,2.5874830590237874,0.5079771503265551,0.7841554963659004,13250.980078125,0,-0.37548548058806697,1,Recovery 1
2020-12-10,-0.7215828731696572,77.01717325680983,1.6111666140660397,0.4621796863273131,1.0165752285866914,0.15365849299400214,1.4787549149140045,6.605571103389907,0.635136062614614,-1.1837625594969703,0.822591566279729,165.5397686482627,0.29499235541703417,0.2785331809333158,0.2999992370605469,12831.470891594117,0.4889042680825034,2.0405686042062277,-0.396641953075616,0.536364210504886,0.8171806190942599,5.216039307960907,-0.1939836623069624,0.7697630425933565,13334.05,1,0.2637558535026452,1,Recovery 1
2020-12-11,0.34896018589439803,73.33375594004494,-1.1099418127614724,-0.2726911113283714,-0.37548548058806697,0.9490662358873525,-0.6481765919164384,5.961891341795211,0.6815999042055054,0.6216512972227695,-0.20917545539900217,161.43886590141065,-0.026525294693668933,1.0165752285866914,-0.21000099182128906,12879.38414441585,0.5279037033002548,0.9175808523482321,0.28293158138792407,0.7749536095687226,-0.975152477179575,3.783012279106024,0.1663100251890648,0.774506715706535,13402.9298828125,1,0.32781762806703973,1,Recovery 1
2020-12-14,-0.8634022669985253,74.26145517871666,0.4275886422735242,0.045978719255490574,0.2637558535026452,0.7331133249439903,0.30973457275813576,5.961891341795211,0.6446642244831248,-0.9093809862540159,-0.40319479691945936,157.93214992705572,-0.5996464134958801,-0.37548548058806697,0.0800018310546875,12926.381586264675,0.49905671840380533,0.9027093530506347,-0.281730893853227,0.7138559030833929,-0.8128246113699777,4.20156917758423,-0.6669506504221046,0.7741343468213546,13453.98984375,1,0.07153791977927426,1,Recovery 1
2020-12-15,0.43152565694832834,75.40953211427713,3.246400602880506,0.1330585670332285,0.32781762806703973,0.2785331809333158,0.4608761951002682,5.961891341795211,0.6291719435301975,0.29846708991509985,0.3648924230056583,154.95206379094816,0.7593432850153681,0.2637558535026452,0.6099987030029332,12973.179275476552,0.479248126743594,0.2147281200433282,0.015325700630808292,0.6669440478297877,-0.46771972893523417,4.543160290070825,0.03707479493861854,0.7617124883091279,13494.469921875,1,0.8464907059269056,1,Recovery 1
2020-12-16,-0.2906470650702042,75.66546150884928,-0.25772803115311493,-0.24993649101526794,0.07153791977927426,1.0165752285866914,-0.17839857123599367,5.387902965149305,0.5709093390183052,-0.04071057405493628,-0.1389195376046093,152.382254764655,-0.21910914529092995,0.32781762806703973,-0.04999923706055043,13017.2289298394,0.435113813830916,0.6643998574386689,0.16545288679643555,0.7096152385280691,-1.1998164650043774,3.499870787915116,-0.21045745738388355,0.762141699279286,13529.4498046875,1,0.4238929390550483,1,Recovery 1
2020-12-17,0.0776956608435464,78.51671141391553,-0.7751918117475554,-0.8225433506523272,0.8464907059269056,-0.37548548058806697,0.023947355274578364,5.75387085048209,0.6168556900752503,0.9002390114958736,0.8415124472802571,156.49983238457583,0.924186366770452,0.07153791977927426,-0.14999961853027344,13066.523097652222,0.44639388370580035,1.2494632604196143,-0.1356577816827964,0.6137862426752634,0.34738657901520753,4.338577411590894,-0.00497825864664847,0.7236601539489068,13560.169921875,1,0.1444584998788523,1,Recovery 1
2020-12-18,0.013647532154359432,79.80366865720877,-0.20833809342630794,0.060334793805050246,0.4238929390550483,0.2637558535026452,0.48422773286009857,7.587086959304323,0.6152945565668483,-0.046687261650690814,-0.06111869031377726,153.9541216603821,0.43754047120940776,0.8464907059269056,-0.04000091552734375,13116.462141923354,0.43610214503118055,1.34642115206014,-0.19414874773023838,0.46469099802933994,2.3915512463639654,4.620103599389513,-0.4850116293688256,0.7087697108893097,13612.65,0,-3.14049525779333,0,Recovery 1
2020-12-21,1.1247379531158286,80.23994352152538,-2.8183664534404795,-0.573672887108645,0.1444584998788523,0.32781762806703973,-0.42921438722979266,7.0106268635134805,0.6080744290295932,1.6984108402244735,1.5915849659819292,151.77430517858107,1.2691964529946809,0.4238929390550483,-0.5399990081787109,13164.172339165141,0.40782553484396494,1.4202707198298414,-0.1179076750880248,0.4946583268024691,2.388200607886448,3.7862361072288575,1.447126466103077,0.6706835796959814,13661.9900390625,1,1.0346283876607965,0,Recovery 1
2020-12-22,-0.6534708500957387,53.26352639121655,24.543498865988077,-0.9559218342593212,-3.14049525779333,0.07153791977927426,-4.096417092052651,3.109517224289915,1.2975301628990836,0.30245098416358207,-1.7715401516992135,198.04325329018695,-3.7939661078890685,0.1444584998788523,4.569999694824219,13176.33738001402,1.1648515584710417,-2.5893997502691612,0.10036629078853387,1.615749469769328,3.7593947896937596,-0.20477778765700672,1.3689551060941163,0.8977452637699381,13616.0400390625,1,1.0010159185716239,0,Recovery 1
2020-12-23,1.1872030446679505,58.10391541556598,-5.174647413988165,-0.45920257036788925,1.0346283876607965,0.8464907059269056,0.5754258172929072,3.149327290459625,1.3428407564074847,1.6464056150358397,3.357467467651465,199.00160792962015,2.221831432328747,-3.14049525779333,-1.2000007629394531,13197.816078137981,1.2096478639240291,-1.9969898675076925,0.45066163621156896,1.728234010608455,2.0551169415855997,0.5476732781450444,2.3228390799906684,0.9008125930180494,13595.730078125,1,1.089253037474136,1,Recovery 1
2020-12-24,0.610812680374262,62.22268023536786,-6.775806214764679,-0.13234960043861932,1.0010159185716239,0.4238929390550483,0.8686663181330045,5.775984540748147,1.3363078520983407,0.7431622808128813,2.3554117460308888,199.50876723692068,1.6118285989458858,1.0346283876607965,-1.489999771118164,13227.688932303687,1.2082918695103715,-1.1587487242565198,0.45268484244103124,1.8756167583836516,0.576967434653608,0.5321861918298421,1.354395827459265,0.9042017282764727,13579.4099609375,0,0.0,0,Recovery 1
2020-12-25,0.13161376363537425,66.16017416613934,-2.585369203148835,0.6471636277546322,1.089253037474136,0.1444584998788523,1.7364166652287683,5.86933086933088,1.3493439870906652,-0.515549864119258,-0.655832669569989,201.82715035533104,1.2208668011095103,1.0010159185716239,-0.5300006866455114,13266.323085466378,1.2380804836971038,3.1575402677054942,-0.5792361503678012,1.948220853180967,0.13739724251622398,2.010269835504541,-1.745085707044125,0.9175425209635445,13581.119921875,1,0.9015051389166695,1,Recovery 1
2020-12-28,0.0,66.16017416613934,0.0,0.0,0.0,-3.14049525779333,0.0,5.86933086933088,1.3509211195155362,0.0,0.0,201.82715035533104,0.0,1.089253037474136,-0.5300006866455114,13266.323085466378,1.239527569758271,2.101172552344388,-0.3819047294316258,1.9529123102993529,0.13739724251622398,1.7419195671801502,0.0,0.9175425209635445,13581.119921875,1,0.4281594241144937,1,Recovery 1
2020-12-29,-1.1695407685689108,66.16017416613934,2.3034602285322947,0.6732155056782485,0.9015051389166695,1.0346283876607965,1.574720644594918,5.86933086933088,1.3648578040610326,-1.8427562742471593,0.3792320928392101,192.31531893791285,-0.26803562965224126,0.0,-0.5300006866455114,13314.587244423212,1.260239214590561,2.0005778484994297,0.17836680437879338,0.48743170550835896,-0.7019958658563974,2.3236930968500324,-0.5222730460774594,0.923348359590521,13581.119921875,1,0.3542094606974411,1,Recovery 1
2020-12-30,-0.6646701580456882,67.83880186437382,1.762117498649074,1.0016930406024915,0.4281594241144937,1.0010159185716239,1.4298524647169852,6.282299762054588,1.3886638545465508,-1.6663631986481797,0.7209453590520276,185.25007589202426,-0.23651073393119448,0.9015051389166695,0.3600006103515625,13360.365938123345,1.2600753548148338,1.3335244422423065,-0.19555700044467939,0.5006435767067255,-0.04576763710409937,2.688340529275668,0.2927859349375339,0.9074012768103824,13581.119921875,0,-0.0014318125132972703,1,Recovery 1
2020-12-31,-0.5099253989384267,69.20556525729533,1.5392000035229447,-0.41630362408303645,0.3542094606974411,1.089253037474136,-0.06209416338559537,6.620533373844251,1.373041243779269,-0.09362177485539025,0.23069903126038405,179.19266603350434,-0.15571593824098562,0.4281594241144937,0.3199996948242152,13406.409216433653,1.2446985787070632,1.6924573726748715,-0.12414316371803791,0.4789503045157349,0.0,2.187068310555529,-0.12351042943705703,0.906526722492145,13581.119921875,1,0.26284263414808606,1,Recovery 1
2021-01-01,0.7188422508168979,69.1927192610233,-0.04737199712314677,-0.12315812884556854,-0.0014318125132972703,0.0,-0.12458994135886581,6.455428959855647,1.447097223506021,0.8420003796624664,-0.32347310978755317,173.94264389570367,0.7174104383036006,0.3542094606974411,-0.010000228881832385,13449.027052253383,1.2443631253548006,0.7824424297155019,-0.43509827362893105,0.405814628685402,0.045736240505456216,1.754275992206944,-0.3220412972742559,0.8599029180605109,13581.119921875,1,0.8160672727110629,1,Recovery 1
2021-01-04,0.40338892606091026,70.28319742315531,0.0,-0.3850328648270507,0.26284263414808606,0.9015051389166695,-0.12219023067896462,5.731774639816356,1.4522891950834624,0.7884217908879609,0.8442829091905413,169.44162470960978,0.6662315602089963,-0.0014318125132972703,-0.010000228881832385,13491.210233567946,1.244538598070888,0.6165424474496417,-0.06125714857988518,0.36343161948405117,0.045736240505456216,1.874563145904462,0.5814402750424552,0.8569495677161848,13957.6,1,0.47123808655142874,1,Recovery 1
2021-01-05,0.3210668275895445,73.43544940927144,-5.07108850938176,-0.8589821867789671,0.8160672727110629,0.4281594241144937,-0.04291491406790415,5.818844996537065,0.49721926157320184,1.1800490143685116,2.673979834561657,171.52472709207836,1.1371341003006075,0.26284263414808606,-0.010000228881832385,13538.742837794394,0.4282675852008885,1.0796075883828138,0.003830918497671476,0.3265599443874258,1.5279407228212305,6.035983136925216,1.8579125618505943,0.8613254116425977,14009.5400390625,0,-0.37501320469031096,1,Recovery 1
2021-01-06,-0.34538214248145405,75.09193512104473,2.146771757795496,1.162087295468317,0.47123808655142874,0.3542094606974411,1.6333253820197458,6.0221966999458365,0.4684649699261406,-1.507469437949771,2.624843793096421,167.58743014646754,0.1258559440699747,0.8160672727110629,0.42999839782714844,13587.687812772587,0.399143230023787,1.557387308455671,0.31193128827182726,0.32914574072034536,2.953298778650626,5.444704231650022,2.153605706544992,0.8520236423224354,14062.9201171875,0,-0.06291696120880319,1,Recovery 1
2021-01-07,0.008548683911946409,71.26547644414042,2.6393007805027624,0.6134933596356085,-0.37501320469031096,-0.0014318125132972703,0.2384801549452975,4.561651613514206,0.5714275796481989,-0.6049446757236621,-1.3582131917214135,164.1041061269385,-0.36646452077836456,0.47123808655142874,0.5400009155273438,13629.062789604248,0.4531342856075215,0.9112957877090988,0.07474350947362929,0.5011879700074694,3.625511587820829,4.008134682354925,-0.9831999870311026,0.7929863760327288,14095.780078125,1,1.4847223590326086,1,Recovery 1
2021-01-08,-0.37426228794108507,70.61774982507515,-1.8095198131742984,0.5601180017770102,-0.06291696120880319,0.26284263414808606,0.497201040568207,4.889710232282374,0.5097203291914628,-0.9343802897180953,-0.6607269294765405,161.07335812251324,-0.43717924914988826,-0.37501320469031096,-0.37999916076660156,13666.71366514282,0.40030498827113586,0.031481285702339434,-0.020171809750302305,0.5155972588258548,1.5085710797991148,2.8226965789043046,-0.5978099682677374,0.7853424030686443,14126.9,1,0.9583718134137165,1,Recovery 1
2021-01-11,0.1292722790050327,76.12819486866411,0.09698617653299824,-1.083549639193171,1.4847223590326086,0.8160672727110629,0.4011727198394377,6.167009510353316,0.6626244034029172,1.2128219181982036,3.6085461287652443,177.14846245617787,1.6139946380376413,-0.06291696120880319,0.019998550415042615,13717.123764021131,0.537101101459854,1.0405295961125383,0.1172281003827047,0.780788385371243,0.045652721152089626,4.349328145171549,2.1238237697326356,0.8105664364839283,14192.65,1,0.5433314024232416,1,Recovery 1
2021-01-12,0.10254275014214276,78.91751044365157,8.430231698508784,-1.2242281191518822,0.9583718134137165,0.47123808655142874,-0.26585630573816577,6.834262658833712,0.6657313434331331,1.326770869294025,3.307607851170591,181.5185007953539,1.0609145635558592,1.4847223590326086,1.7399997711181605,13773.984966686232,0.5429414870169955,2.392860298665722,-0.09884992947749582,0.7919339359750883,-3.346814158010536,4.408137964405157,2.3492360377568744,0.8155564437607947,14263.019921875,1,0.009609083312889233,1,Recovery 1
2021-01-13,-1.7932944509953974,80.33391738328896,2.100094898694471,0.5195165177723116,0.5433314024232416,-0.37501320469031096,1.0628479201955532,7.337939427406148,0.6755546431078016,-2.312810968767709,-0.16890192718594932,177.51836019451486,-1.2499630485721558,0.9583718134137165,0.470001220703125,13832.4638725104,0.5440331188899548,3.0140061447934796,0.190939190396211,0.7929237746273844,-3.8692497914937563,4.52787422035017,-0.712233329609191,0.8053132701740386,14335.8099609375,1,0.21112473403230858,1,Recovery 1
2021-01-14,-0.9318677137364784,80.3591859578154,1.9256040556324683,0.7190752202869133,0.009609083312889233,-0.06291696120880319,0.7286843035998025,6.447188065735099,0.6964003423840878,-1.6509429340233917,0.08228111302088781,173.2690449810794,-0.9222586304235891,0.5433314024232416,0.4400005340576172,13886.714667833703,0.5610796769772273,1.5166642344351722,-0.4740564664579505,0.690489340305018,-4.62798972464491,4.1689421426913675,0.07267202970799858,0.8056855270730657,14419.5298828125,0,-1.1092344158201595,1,Recovery 1
2021-01-15,0.6271269901920951,80.9387453348846,-1.1163598912033335,-0.37966385439708317,0.21112473403230858,1.4847223590326086,-0.1685391203647746,6.221658299146493,0.680023281837058,1.0067908445891782,-0.14349566135370972,169.62730512943543,0.8382517242244036,0.009609083312889233,-0.26000022888183594,13939.224663503428,0.5475968596231633,0.7652849332919098,0.006694555084774123,0.6276234159170135,-3.8504820768926473,4.390363219017646,-0.3546203953860183,0.805261928791391,14511.1798828125,0,-1.0558650142566628,0,Recovery 1
2021-01-18,-0.5404839522162863,69.33780066392332,4.255317034378581,0.2699029548484,-1.1092344158201595,0.9583718134137165,-0.8393314609717595,4.891885863424528,0.8746739929111228,-0.8103869070646863,-2.2352593681086996,178.219386450719,-1.6497183680364458,0.21112473403230858,0.9799995422363317,13975.85248067447,0.7346291394302134,-0.8909289918247687,-0.11247559440176191,0.7798897364910345,-1.8252407445508712,2.9618018711880634,-1.1260249522885402,0.8398890847294153,14528.469921875,1,1.6794730817062842,0,Recovery 1
2021-01-19,-1.7160964894796238,60.541226135955604,1.6243206411106215,-0.29326100927913323,-1.0558650142566628,0.5433314024232416,-1.349126023535796,7.149390670562061,0.9430160979696859,-1.4228354802004906,-1.6938669944644102,184.29772021041492,-2.7719615037362866,-1.1092344158201595,0.3899993896484375,13998.47820837914,0.8205026310454663,-1.9468090113679337,0.09768534379541727,1.108200654770695,-1.1387354814550776,1.0500280194498446,-0.6380019802077475,0.8700833768561398,14487.7798828125,1,0.8508265623863087,1,Recovery 1
2021-01-20,0.0002977697379780153,67.52423113876925,-6.147541079717245,0.24779879493819212,1.6794730817062842,0.009609083312889233,1.9272718766444763,7.833262300979782,1.0526629619898071,-0.2475010252002141,0.4910046785318034,201.3855359011095,1.6797708514442622,-1.0558650142566628,-1.5,14037.194666323277,0.957528241756399,-0.5100798921764071,0.040598196117747065,1.5596412965913633,-1.0178085389038638,2.265223357336521,-1.1884684031744808,0.9096247101172391,14479.319921875,0,-0.37112802046228577,0,Recovery 1
2021-01-21,-0.7330717669752129,70.42741182158213,-5.89519827055951,-0.484289664438986,0.8508265623863087,0.21112473403230858,0.3665368979473227,7.672913337228726,1.0493527150562287,-0.2487821025362269,2.2124492435732446,200.77057186950304,0.11775479541109579,1.6794730817062842,-1.3500003814697301,14082.195075878033,0.9501391349555145,1.4618566074174444,0.00437819745233714,1.6709804582267134,-0.185739533141982,3.5235500242997153,1.3616226811869359,0.9054525911239165,14495.2900390625,0,-1.4972171647596122,0,Recovery 1
2021-01-22,-1.057696948460063,67.56594111236166,2.9234389346603384,-0.7252411221108979,-0.37112802046228577,-1.1092344158201595,-1.0963691425731836,6.117421745731577,1.0712481945687324,-0.33245582634916504,-0.6369299169450282,193.45496176606903,-1.4288249689223487,0.8508265623863087,0.6300010681152344,14119.836152433365,0.9698503462349407,2.164017343757907,-0.3839302587849591,1.6992170944913951,1.2177996451348871,3.204278118011583,-0.26580189648274244,0.9053460729688905,14494.2400390625,0,-0.9254169343308138,0,Recovery 1
2021-01-25,0.2760708722459593,57.460645443404964,0.0,-1.670682154521963,-1.4972171647596122,-1.0558650142566628,-3.167899319281575,6.117421745731577,1.0703244643322085,1.9467530267679223,0.14971411803026413,206.36879629100991,-1.221146292513653,-0.37112802046228577,0.6300010681152344,14138.507577484597,1.0286304523542846,-1.0278111305586202,0.060356338885769745,1.6036683409209833,0.023244565452484878,0.17181265137917734,1.6469312827898763,0.9610454460545571,14481.880078125,0,0.0,0,Recovery 1
2021-01-26,2.636855986086961,52.32907730244385,4.824164472957793,1.0253577331315267,-0.9254169343308138,1.6794730817062842,0.09994079880071283,2.636019016261759,1.0281622487560398,1.6114982529554345,-1.7608668211289258,206.07889037929192,1.7114390517561473,-1.4972171647596122,0.6300010681152344,14145.944082161664,1.0104124249448674,-2.7709669660386016,0.05619960375828903,1.5349328984071164,0.5876821688284073,-1.697299638412808,-0.8354498867981119,0.9827363590372395,14473.4001953125,0,-1.9060488041877988,0,Recovery 1
2021-01-27,0.0,52.32907730244385,0.0,0.0,0.0,0.8508265623863087,0.0,2.636019016261759,0.9991392703656433,0.0,0.0,206.07889037929192,0.0,-0.9254169343308138,0.6300010681152344,14145.944082161664,0.9822194164510001,-2.4087785979040377,-0.0354839016488695,1.0593739566508882,0.5876821688284073,-2.228522776779651,0.0,0.9830655700197178,14473.4001953125,0,-1.0735650281904374,0,Recovery 1
2021-01-28,-0.13874794557213743,52.32907730244385,4.9032231812836224,-1.0231030761732596,-1.9060488041877988,-0.37112802046228577,-2.9291518803610583,-0.10334892565520004,1.0639822745204752,0.8843551306011221,-0.6071481912618859,196.06825363869478,-2.044796749759936,0.0,0.6300010681152344,14131.752652947041,1.1106985477352795,-2.813826840108047,-0.06852549118996354,0.8198251650588549,-1.0002332830593152,-4.1013098342636,1.2989006129259129,1.043907003177718,14473.4001953125,0,-1.3240422354072856,0,Recovery 1
2021-01-29,0.2737011353293295,46.483494522927266,-0.40999785413499135,1.3170849124122364,-1.0735650281904374,-1.4972171647596122,0.24351988422179893,-1.1743894384644293,1.040116694914066,-1.0433837770829069,-2.180723843191823,199.13087906499388,-0.7998638928611079,-1.9060488041877988,-0.0999984741210973,14108.478367890779,1.1048532717997963,-2.9591511589962427,0.16059185353904937,0.726572619679474,-1.5733463349604238,-5.330714910730672,-1.1071588150013856,1.0622397247330666,14473.4001953125,1,4.742351110133836,1,Recovery 1
2021-02-01,-0.4967152842368927,40.53406382561801,4.322763266712504,2.0065563191563274,-1.3240422354072856,-0.9254169343308138,0.6825140837490418,-2.73852687965902,1.026746957443334,-2.50327160339322,-2.5907810878909143,206.0631876375781,-1.8207575196441783,-1.0735650281904374,1.0499992370605469,14073.37623763035,1.1191284155382395,-4.244012983248879,-0.1345956317893915,0.679782922261133,-0.906132391618375,-5.536352945705614,-1.2667388524836287,1.0899749030883583,14473.4001953125,1,2.567357148195737,1,Recovery 1
2021-02-02,-5.290410478778684,60.013546742441015,-7.971588183109679,3.5138618939301036,4.742351110133836,0.0,8.25621300406394,1.0493232145460718,1.5941187066944598,-8.804272372708787,1.1237199872188963,274.32230754110924,-0.5480593686448487,-1.3240422354072856,-2.020000457763672,14088.770604866064,1.9945983327529293,2.2459294455879686,-0.044141178971146555,1.8127447772699743,-1.05164934169506,-0.0006974811562088234,-3.6186311229149393,1.2512232145681836,14473.4001953125,1,0.9701122671723184,1,Recovery 1
2021-02-03,-0.43575109738178686,66.67896275939854,0.12864788609823208,0.995288626373747,2.567357148195737,-1.9060488041877988,3.562645774569484,3.1575027949927836,1.5929805553610235,-1.431039723755534,2.1069209153114166,296.3978214835445,2.13160605081395,4.742351110133836,0.030000686645507812,14130.183864459319,2.094080132793289,6.009023426178106,0.29242317979023547,1.8331795027560598,-1.05164934169506,0.8725150235466161,-0.46043623288432034,1.3145672905965895,14069.73984375,1,0.7146758029381362,1,Recovery 1
2021-02-04,1.821613619873319,68.8464263231792,1.7130604368114088,0.4614099477543654,0.9701122671723184,-1.0735650281904374,1.4315222149266837,4.550323904303255,1.5975058649733183,1.3602036721189537,0.9159911749495819,285.68482354094664,2.7917258870456374,2.567357148195737,0.39999961853027344,14179.055444522517,2.0991260235149474,8.473667133892903,-0.2783088156271152,1.6033959802130122,-2.044179319806172,0.991826381304084,-0.05412109222273642,1.31400207622415,14234.2298828125,1,0.19199973566108586,1,Recovery 1
2021-02-05,-0.45969582736247183,70.38935471192559,-2.652628045333061,0.9722537075394388,0.7146758029381362,-1.3240422354072856,1.686929510477575,5.363811479537461,1.6049370593933423,-1.4319495349019107,-0.43164222316545153,271.6173067042369,0.2549799755756643,0.9701122671723184,-0.6299991607666016,14232.136551641219,2.0990825421520034,4.302510901809087,-0.07994948356149223,1.422532507286351,-2.8443795449731635,2.0924843435816687,-1.1463180261035877,1.3078908793999384,14449.85,1,1.283480273296811,1,Recovery 1
2021-02-08,1.469039267888772,70.8105971356355,1.2975745076594603,0.6842222249488161,0.19199973566108586,4.742351110133836,0.876221960609902,4.021676627925208,1.53871633381918,0.7848170429399559,-0.9325408616311814,255.30066581033847,1.661039003549858,0.7146758029381362,0.2999992370605469,14283.40421448261,2.01104971259986,1.8869690636917458,0.12037097927419804,1.181100034856598,-3.5638930911675915,3.8432607683205555,-1.1245405972922673,1.3069658573484109,14707.780078125,0,-0.04300136336804483,1,Recovery 1
2021-02-09,-1.1263483242347716,73.5269972002573,2.305717363021298,-0.3603195117869662,1.283480273296811,2.567357148195737,0.9231607615098447,4.356649612092034,1.4985926583586606,-0.7660288124478054,2.3054209327699526,256.8777508637514,0.1571319490620393,0.19199973566108586,0.5399990081787109,14345.063147090379,1.9707185037988681,2.2031826008330535,-0.22058041411174845,0.5644315176060068,-2.503545983634625,6.158477059365186,1.0219406594731417,1.3150461485694491,14874.7,0,-0.018530340410816137,1,Recovery 1
2021-02-10,-1.1766439632258985,73.27779193016447,1.2938288194339398,0.24546112462618952,-0.04300136336804483,0.9701122671723184,0.2024597612581447,3.748078937714161,1.4984396066589702,-1.422105087852088,-0.5265138403382275,242.77311715483432,-1.2196453265939433,1.283480273296811,0.3100013732910156,14401.673269875351,1.9722598158845062,1.4343073881283308,0.19935956303789304,0.34684540021353805,-0.16698401212260627,6.112827466898896,-0.4835124769701826,1.3162090797453998,14966.9900390625,1,0.4421924647502795,1,Recovery 1
2021-02-11,0.7424158409558901,73.1627649904632,-1.3184989237272737,-0.739717688349073,-0.018530340410816137,0.7146758029381362,-0.7582480287598892,3.7188876311936347,1.3558632703361135,1.4821335293049631,0.4117683826523777,230.545368200856,0.723885500545074,-0.04300136336804483,-0.31999969482421875,14453.882657291992,1.7859871925510986,1.2211668928086894,-0.10284475432124074,0.3605396227255214,0.16790524617427138,8.154644710936099,0.43029872306319383,1.3172325200407358,15030.3,0,-0.06590524229219685,1,Recovery 1
2021-02-12,-0.25428880805220544,74.20322351254406,-3.757835061415027,-0.5288265388398772,0.4421924647502795,0.19199973566108586,-0.08663407408959767,3.9580435937790037,1.2682156707544907,0.27453773078767174,0.6109584695826786,220.03705218032493,0.18790365669807407,-0.018530340410816137,-0.9000015258789062,14507.172816358325,1.6697469915572016,0.38039667594809146,-0.06533506289559954,0.34635963462675895,1.0403979468382785,9.81179745442331,0.16876600483239912,1.3166112278339923,15085.8298828125,1,0.9984659841533849,1,Recovery 1
2021-02-15,-1.0481862893901184,73.7423165490067,-4.38177160504758,1.0638804252818046,-0.06590524229219685,1.283480273296811,0.9979751829896077,5.054834169355593,1.152995884277233,-2.112066714671923,0.19333676609836203,210.9165116291982,-1.1140915316823152,0.4421924647502795,-1.0099983215332031,14555.77481549382,1.519806553834372,0.3573957807313288,-0.1343183766778555,0.3737260602551924,0.17019132751368016,11.211918494925088,0.2592420083905589,1.318137015442842,15133.63984375,0,-0.008162092525865194,1,Recovery 1
2021-02-16,-1.3164011121278851,76.15701448788887,0.0,2.317475096602517,0.9984659841533849,-0.04300136336804483,3.315941080755902,7.236038769284936,0.6164191134857329,-3.633876208730402,-0.3552612846711489,213.1908289588466,-0.3179351279745002,-0.06590524229219685,-1.0099983215332031,14611.991510295204,0.814387279731901,1.3782159687055318,-0.1577514800350066,0.30319673581455625,-0.218023631902442,7.236786725664857,-1.3537272688245339,1.321158383725407,15173.419921875,0,-0.6827318687430917,1,Recovery 1
2021-02-17,0.47148354986906726,76.09479462453916,-1.1796743107150398,-0.5489833509261577,-0.008162092525865194,-0.018530340410816137,-0.5571454434520229,5.456177943030038,0.3859166639576601,1.020466900795225,-1.4889769911323625,205.18331869141687,0.46332145734320207,0.9984659841533849,-1.0099983215332031,14663.951412889079,0.5100349633766107,0.9236645451486059,0.060472009572953844,0.30567200021064217,-1.1947431737881375,4.544015699830095,-1.4808148986064973,1.3216194348994896,15214.25,0,-0.5914312869584326,0,Recovery 1
2021-02-18,-1.033905116487377,70.87884184226056,0.0,0.17745024533885045,-0.6827318687430917,0.4421924647502795,-0.5052816234042412,3.8525895906909025,0.43976561398993025,-1.2113553618262274,-1.29226460618459,201.90478375131133,-1.7166369852304686,-0.008162092525865194,-1.0099983215332031,14704.31800383248,0.5839648644174243,0.30072996329864043,0.40790261424865637,0.41706361830471783,-2.9693436628567493,2.8326680602702936,-0.6095327374414983,1.3279002400283606,15234.730078125,0,-0.9074717063029758,0,Recovery 1
2021-02-19,0.060219015764073625,66.64614371955592,-1.1019272890350318,-0.2862190864689418,-0.5914312869584326,-0.06590524229219685,-0.8776503734273744,3.622946674271943,0.46503116765568736,0.3464381022330154,1.3273829710147789,197.05680542301153,-0.531212271194359,-0.6827318687430917,-1.0099983215332031,14735.031499497669,0.6211327865155126,-1.2781836895502163,-0.1887918243767439,0.4442097066450328,-3.0890736414730724,1.4990940229641758,1.9188142579732115,1.3356799063603861,15223.86015625,0,-2.042817459158641,0,Recovery 1
2021-02-22,-0.4514227165050899,60.692622712634055,3.2961887386032895,-1.129862044988772,-0.9074717063029758,0.9984659841533849,-2.0373337512917478,4.243347036922218,0.5299435216791721,0.678439328483682,-0.4502657604833149,199.06375740827673,-1.3588944228080657,-0.5914312869584326,0.7099990844726562,14753.306943979323,0.7046870256413927,-2.1660709447047677,-0.263611637689265,0.5189215892771806,-2.669908418564515,0.3852789922441646,0.4572059458196609,1.3297398623829502,15187.5501953125,1,0.21872625461001327,0,Recovery 1
2021-02-23,-0.5091414631157698,49.969405403230915,14.471907026312314,0.41230620742669366,-2.042817459158641,-0.008162092525865194,-1.6305112517319476,3.0676512420516167,0.5998916990793857,-0.9214476705424635,-2.888853252020007,223.11236384238163,-2.551958922274411,-0.9074717063029758,3.2199993133544886,14747.55829592993,0.827265069239554,-3.5058431682620017,-0.07216912458157809,0.4838329716532559,-1.8451040225099358,-2.9115204955183493,-0.846035792861366,1.3790240312528312,15059.7501953125,1,1.864318245786234,0,Recovery 1
2021-02-24,-0.24199532812835267,50.94829924504594,-0.9422841679949445,-0.616510901139744,0.21872625461001327,-0.6827318687430917,-0.3977846465297308,3.0676512420516167,0.6103679870678332,0.3745155730113914,0.16696605207617843,212.97444840298064,-0.0232690735183394,-2.042817459158641,-0.2399997711181605,14744.613222504566,0.8400573079762264,-2.719437429937921,-0.15023659608690565,0.5277486980206092,-1.6444989849306868,-2.6573038141412653,-0.05176020253383484,1.3763128566928426,14938.6201171875,1,0.7699213013950157,0,Recovery 1
2021-02-25,-1.8115345941382088,58.430471850485205,-4.201345561532365,1.938265450132537,1.864318245786234,-0.5914312869584326,3.802583695918771,7.263289779846072,0.7618683805167328,-3.7498000442707458,-0.11448169418736276,231.12588132424963,0.05278365164802512,0.21872625461001327,-1.0599994659423828,14762.197428244968,1.0787281637916564,0.001668696914580714,-0.0924870831920388,0.9653711212302603,0.24678793926797837,-0.8241485453281738,-1.9787999399735967,1.4158983248311585,14893.2400390625,0,-3.7635693247585977,0,Recovery 1
2021-02-26,0.10953955407337901,61.11743442480585,-5.295824090215606,-0.504652910844583,0.7699213013950157,-0.9074717063029758,0.2652683905504327,9.262132742617935,0.7748055577614439,0.614192464917962,0.3755087962507897,225.75394480393274,0.8794608554683947,1.864318245786234,-1.2800006866455043,14787.023515736082,1.101018721872188,2.8731127540829515,0.031781677688891286,1.027692894084105,-0.3459337420944286,-0.5005516024209622,-0.394412505144226,1.4210258441818018,14888.919921875,1,1.5995389118723446,1,Recovery 1
2021-03-01,2.0026972784364494,45.51184567059167,22.93578042808604,-1.0119354481597176,-3.7635693247585977,-2.042817459158641,-4.775504772918316,6.560887791929848,1.023381723506364,3.0146327265961674,-2.295712798438654,281.09941492382507,-1.7608720463221483,0.7699213013950157,5.25,14767.921802764891,1.6114997319989977,-1.2146576404008624,1.0371550452057399,1.3336654082173696,0.3740686573235674,-4.182133323423853,1.467856526319944,1.5746809766889862,14798.4,1,1.0672985341787733,1,Wave 2 Delta
2021-03-02,-0.21790593967694338,51.02053362375532,-8.919688284730976,-0.18474200363227666,1.5995389118723446,0.21872625461001327,1.414796908240068,3.3635100888275815,1.0592186093075737,-0.03316393604466672,1.048709318551122,284.4471146787731,1.3816329721954013,-3.7635693247585977,-2.5100002288818395,14767.449802907306,1.679818232788769,-1.4714336891770152,0.6083311126836799,1.6326425866565062,-1.1625061022889849,-3.611891735199013,-0.5508295933212226,1.5859032478488726,14815.569921875,1,2.1884698711632122,1,Wave 2 Delta
2021-03-03,0.29384998283155106,54.38720180091379,-7.881383599524961,-0.7168320331297551,1.0672985341787733,1.864318245786234,0.3504665010490182,1.8518076525471328,1.1076102676773483,1.0106820159613061,3.0360795576110045,277.47353975285324,1.3611485170103244,1.5995389118723446,-2.0199985504150426,14778.683121904913,1.7378696759474632,-1.1806708105197017,-0.3892866554251251,1.786744994613572,-2.8276315784537043,-2.5751909655095995,1.9687810234322312,1.569026332232369,14857.8298828125,0,-1.0812930524138231,0,Wave 2 Delta
2021-03-04,-1.1906986928754026,60.45374902635778,-6.437951793602414,0.4889973193176189,2.1884698711632122,0.7699213013950157,2.677467190480831,3.0808042491374588,1.1733299859174553,-1.6796960121930216,1.8607366201226494,294.174134192056,0.9977711782878096,1.0672985341787733,-1.5200004577636683,14813.269528384179,1.8885022671205203,4.931115719005108,-0.04352255898493196,1.738111325682998,-3.1757684262701757,0.24130093437013667,-0.32773325104056283,1.6095235693874483,14910.5498046875,0,-0.9459104528952489,1,Wave 2 Delta
2021-03-05,0.8563293197103028,56.376717471380196,9.325484163480425,-0.47379011360145773,-1.0812930524138231,-3.7635693247585977,-1.5550831660152808,1.2426420097204849,1.1789352948336558,1.3301194333117605,-0.5463185939976745,286.9846975497818,-0.22496373270352032,2.1884698711632122,2.0599994659423864,14833.082896652018,1.9129051723493766,2.162375899115543,-0.5414993688459324,1.7598957780114166,-3.4713648954037057,-0.25266433726558457,0.5349744584161487,1.6225701110266515,14907.2298828125,1,0.12117060677612201,1,Wave 2 Delta
2021-03-08,-0.3413565335641633,53.04307331920272,5.838508777160456,-0.6583084009096241,-0.9459104528952489,1.5995389118723446,-1.604218853804873,0.09279936596477967,1.1919031694712647,0.31695186734546077,-1.569336611014116,277.6988563660609,-1.2872669864594122,-1.0812930524138231,1.4099998474121058,14840.861912409277,1.9149494283864712,0.12735353002175653,0.3445337870169318,1.0650075218171813,-3.9254703877135144,-0.2913570886244887,-0.6234261581188671,1.6066317107930534,14989.0197265625,1,0.9507775601791391,1,Wave 2 Delta
2021-03-09,0.26512132387939147,53.4194549088759,-3.4428762877681707,0.013954623574918834,0.12117060677612201,1.0672985341787733,0.13512523035104085,-1.0558462763280763,1.1150378344796057,0.25116670030447263,0.46909031933675127,260.6139424443359,0.3862919306555135,-0.9459104528952489,-0.8799991607666016,14849.405488920627,1.7773517597573907,-1.8982488159044908,0.002190801949319976,1.0067338299607638,-3.1531490250278904,1.9113227734755212,0.34791971256062926,1.5939833651253519,15027.9498046875,1,0.5060099883821945,0,Wave 2 Delta
2021-03-10,-1.8168012727483696,56.37767038667926,-8.833064336383334,0.7214689089204862,0.9507775601791391,2.1884698711632122,1.6722464690996253,-0.07213712219223956,1.120788437055665,-2.5382701816688558,0.9247311827957017,254.8910430871743,-0.8660237125692305,0.12117060677612201,-2.1800003051757812,14867.849555713543,1.7930383290856866,0.11703920975416615,0.2688263745077135,0.9823344534886563,-1.6953491292557965,2.6557377114489356,-0.026046377383437402,1.5998008809619388,15063.8099609375,0,0.0,1,Wave 2 Delta
2021-03-11,0.9725017486216236,57.92376692939051,-7.777777777777772,-0.3034395802168133,0.5060099883821945,-1.0812930524138231,0.2025704081653812,0.4521219652964037,1.102719907019679,1.275941328838437,1.672051263982599,241.20869242034246,1.478511737003818,0.9507775601791391,-1.75,14890.586611193095,1.7089125999914725,1.584540212624841,-0.75562528676556,0.6408120225348376,-0.9661862456746384,1.2868762827893399,1.1660412756004046,1.5497249927226566,15049.65,0,-0.9479506235763657,1,Wave 2 Delta
2021-03-12,0.0,57.92376692939051,0.0,0.0,0.0,-0.9459104528952489,0.0,0.4521219652964037,1.1080581211607248,0.0,0.0,241.20869242034246,0.0,0.5060099883821945,-1.75,14890.586611193095,1.6947262412380137,1.4615985779831364,-0.09604898183571686,0.5066317130828103,-0.9661862456746384,0.5130052447378297,0.0,1.5294560896786988,15049.65,0,-0.6749419963093084,0,Wave 2 Delta
2021-03-15,-0.0997012961036492,57.92376692939051,4.626501611916423,-0.2809710683447375,-0.9479506235763657,0.12117060677612201,-1.2289216919211032,-0.8728285470823827,0.7428395886002637,0.1812697722410883,-0.4684703680684188,227.50529687252043,-1.047651919680015,0.0,-1.75,14901.74954719081,1.126866643504442,-0.44673736003438824,-0.09215379967577597,0.5012834589649122,-0.10343186636662116,3.4537449967569245,0.47948025550794693,1.5169717133055853,15049.65,0,-0.1275984104457617,0,Wave 2 Delta
2021-03-16,-0.6361768661565792,54.7079235084345,-2.2109606747041766,-0.20992299157013283,-0.6749419963093084,0.9507775601791391,-0.8848649878794412,-2.515231708097043,0.8403377980146094,-0.42625387458644637,0.5554673693664025,220.65094999785117,-1.3111188624658876,-0.9479506235763657,-0.4799995422363281,14903.805136287787,1.073997370352344,-1.6164945030228806,0.06057175663030101,0.5683108107138226,0.9302341169365347,1.1377544873992118,1.230409365675711,1.2780543405351363,15049.65,0,-1.2685759862868795,0,Wave 2 Delta
2021-03-17,0.03196033817663979,54.10054134867764,-4.898723648625946,-0.9466549061117768,-0.1275984104457617,0.5060099883821945,-1.0742533165575385,-2.631673429958714,0.8553472000456845,0.9786152442884166,1.2745781379774446,211.11142359188764,-0.09563807226912191,-0.6749419963093084,-1.039999008178711,14904.297362882211,1.0218976772195076,-1.742030292177843,-0.2307303279853512,0.4118026227248446,0.4633212670412279,-0.05797544281469502,1.4021765484232063,1.1947168086589783,15049.65,0,-1.1102973071742905,0,Wave 2 Delta
2021-03-18,-0.6085571195151629,48.35944887961769,-0.14859180709233533,-0.3845113637699238,-1.2685759862868795,0.0,-1.6530873500568033,-3.20602129946268,0.6189064331811948,-0.2240457557452391,-0.684079191951037,217.99748573276094,-1.8771331058020424,-0.1275984104457617,-0.030000686645507812,14890.74198820112,0.7465068315943248,-2.060085268072853,0.0004208433173946702,0.38094669411876436,0.48780134271464437,-3.439023837180477,0.5844967943358426,1.2061707416666687,15049.65,1,1.2786942826028547,0,Wave 2 Delta
2021-03-19,-1.2061379393792593,44.01297985603614,-0.3968250213867375,0.022193863738761976,-1.1102973071742905,-0.9479506235763657,-1.0881034434355286,-3.7112403883138967,0.6173456454298615,-1.2283318031180213,-3.0941256540378492,220.42974674964273,-2.31643524655355,-1.2685759862868795,-0.07999992370605824,14866.08329347326,0.7497269283545654,-2.4893693065742295,-0.3033846707414689,0.3142914822994335,0.48780134271464437,-3.4673367745304495,-1.9838283468635587,1.2144362462794915,14830.0099609375,0,-0.0515437423697751,0,Wave 2 Delta
2021-03-22,0.04702610763029913,49.5719070037298,-0.4482079329175437,-0.3784307615742444,1.2786942826028547,-0.6749419963093084,0.9002635210286103,-1.5869307657650156,0.7049610472598726,0.4254568692045435,0.7464540296840516,225.6884992663567,1.3257203902331538,-1.1102973071742905,-0.09000015258788707,14857.040086549316,0.8730705385733534,-1.1163324589946177,0.5162132388286222,0.7089357961296152,1.5531930042226305,-1.2993594530135932,-0.5322402529188031,1.238466354838204,14772.619921875,1,0.531673999743143,0,Wave 2 Delta
2021-03-23,1.6256315343127659,49.35645052865581,2.5012506539515256,-1.5823112749950408,-0.0515437423697751,-0.1275984104457617,-1.6338550173648159,0.4136102162395572,0.7165084787613473,3.2079428093078066,1.8487823468719133,215.24523321834226,1.5740877919429908,1.2786942826028547,0.5,14848.103812777144,0.8693099296255842,0.10257644459283899,-0.3630190307558845,0.7433089183731525,-0.5376418120495163,-1.4696233121858637,1.9003260892416884,1.2132583986399423,14734.0,0,-1.7911176994211853,0,Wave 2 Delta
2021-03-24,-0.05533119179850221,51.68781847744291,0.8784788052047743,1.1971609056545818,0.531673999743143,-1.2685759862868795,1.7288349053977248,0.7271665152690954,0.6724678537304661,-1.252492097453084,0.2702080457166911,206.86898337256298,0.4763428079446408,-0.0515437423697751,0.18000030517578125,14845.633159978837,0.8193002177366119,1.7646863892560205,-0.033834660938969474,0.7857270021575777,-0.28183605890840235,-1.8786784247762145,-0.2614659540264519,1.2183485249508317,14714.8599609375,0,-1.5430189146808937,0,Wave 2 Delta
2021-03-25,1.8675387658829812,44.25702483789333,8.659888735228538,-0.8157648150592722,-1.7911176994211853,-1.1102973071742905,-2.6068825144804575,-2.887462350654113,0.7305225440498385,2.6833035809422534,-1.1597084508755628,224.36600043330455,0.07642106646179592,0.531673999743143,1.789999008178711,14823.689991878553,0.9194829441300201,-1.3198562762818722,0.32010980855285975,0.9041356537900784,-0.6642777863761662,-4.12130256815193,0.6314092485456224,1.2586647072649928,14680.480078125,1,1.2733031929623273,0,Wave 2 Delta
2021-03-26,0.708028174007691,39.13131501091828,1.0685738568561032,0.6815824182846209,-1.5430189146808937,1.2786942826028547,-0.8614364963962728,-5.116455793474717,0.7576535261127704,0.026445755723070175,-2.1929648606362373,233.9338006359473,-0.8349907406732027,-1.7911176994211853,0.24000167846679688,14786.742614007919,0.9699686909184816,-2.7924051267077976,0.04599983230759719,0.9575556816975339,-0.7148296971809964,-5.600729004675009,-0.6499459459553436,1.2802272508639319,14633.890234375,0,0.0,0,Wave 2 Delta
2021-03-29,-0.7113880236906844,44.73195527800435,-9.030841742331807,-0.3287916904011867,1.2733031929623273,-0.0515437423697751,0.9445115025611406,-0.15039135358939637,0.8543558219785504,-0.3825963332894977,0.5864382289992642,236.73408229594577,0.5619151692716429,-1.5430189146808937,-2.050001144409176,14766.04314665085,1.1170971300243822,-2.0752978977876757,-0.045149007477995884,1.1513357567520324,-1.1215871318970283,-3.4838142886555734,-0.6868649639630631,1.3075314771682947,14586.5501953125,1,2.328481586755049,1,Wave 2 Delta
2021-03-30,0.0,44.73195527800435,0.0,0.0,0.0,0.531673999743143,0.0,-0.15039135358939637,0.8646601378754953,0.0,0.0,236.73408229594577,0.0,1.2733031929623273,-2.050001144409176,14766.04314665085,1.1155603599970778,-0.2893630308272166,-0.2280639726482958,1.22114113184094,-1.1215871318970283,-2.827959377825784,0.0,1.2901720699783714,14586.5501953125,0,-1.0400699094332388,1,Wave 2 Delta
2021-03-31,0.3930025988776231,44.73195527800435,-0.7748176773259452,-0.6570197185726823,2.328481586755049,-1.7911176994211853,1.6714618681823668,-0.49600848534786524,1.0154604237997826,1.0500223174503054,2.8993386329994486,223.42507432576525,2.721484185632672,0.0,-2.050001144409176,14772.33040583657,1.3897304734259726,3.631433410109053,0.4067798823458757,1.495826515026701,-1.3874540756298126,-0.43828714144422687,0.5708570462443996,1.3685717737025647,14586.5501953125,1,1.202457416691849,1,Wave 2 Delta
2021-04-01,1.5807610282712048,40.76624711660552,0.7808679804752527,-0.6461300980622142,-1.0400699094332388,-1.5430189146808937,-1.686200007495453,-3.639734928636551,0.9952843793626173,2.226891126333419,-1.0187151894612279,224.01545308753822,0.540691118837966,2.328481586755049,0.15999984741211293,14766.283723575529,1.3689209503551343,1.264193840991279,0.9669800782973192,1.4764362015971852,-1.826139093787682,-0.20785942668769541,0.021354719972010994,1.3754068471689131,14586.5501953125,0,0.0,1,Wave 2 Delta
2021-04-02,-0.3509670778383489,46.599362261356404,-3.196125228108293,0.4613123223055071,1.202457416691849,1.2733031929623273,1.663769738997356,-1.4150515765131044,0.9753456021193253,-0.812279400143856,0.4850140809321113,227.61154762378288,0.8514903388535,-1.0400699094332388,-0.6599998474121129,14773.770085486602,1.3581469780294912,2.48185265028551,-0.3292224416830747,1.1725204079202807,0.539982226198088,2.126000805783068,-0.7174433357597376,1.3924776766110838,14586.5501953125,0,-1.543986054802604,1,Wave 2 Delta
2021-04-05,0.0,46.599362261356404,0.0,0.0,0.0,0.0,0.0,-1.4150515765131044,0.9447107726696371,0.0,0.0,227.61154762378288,0.0,1.202457416691849,-0.6599998474121129,14773.770085486602,1.3064915085872828,0.14988110949385458,0.11447713682926075,1.1911044309943337,0.539982226198088,0.8366088536014615,0.0,1.3829539646307054,14586.5501953125,1,0.3122067245233451,0,Wave 2 Delta
2021-04-06,1.1755668708731126,46.599362261356404,6.153074318757357,-1.9386428827733893,-1.543986054802604,2.328481586755049,-3.4826289375759933,-2.128885589033447,1.0334208738856658,3.114209753646502,1.9668673011844495,215.36528386846993,-0.36841918392949147,0.0,-0.6599998474121129,14762.95654327283,1.406036682059685,-0.3600944129394157,0.12102961998510242,1.3993470723944212,0.539982226198088,-0.6690954597041721,3.5108533559870536,1.3605653973967455,14586.5501953125,1,0.9231436965811968,1,Wave 2 Delta
2021-04-07,1.4483220787447015,48.24613619432748,-1.7907595337547932,-0.8553718208570205,0.3122067245233451,-1.0400699094332388,-0.5431650963336754,-2.747975811282777,1.0266701194625731,2.303693899601722,0.15400781960714927,206.2279126860069,1.7605288032680466,-1.543986054802604,-0.379999160766598,14757.070873400768,1.3974927329494033,-1.2365997585680577,-0.13150973445493763,0.9793380365942798,2.8921328281924286,-0.8859413759935153,-0.15819890491619581,1.3611896424708223,14586.5501953125,1,0.36945688638336804,1,Wave 2 Delta
2021-04-08,-0.3832428143394573,52.8869513584072,-2.8310947613626847,0.584022735577272,0.9231436965811968,1.202457416691849,1.5071664321584688,-2.344347237385691,0.9700727233676871,-0.9672655499167293,1.1261817340751712,206.68353148933076,0.5399008822417395,0.3122067245233451,-0.5900001525878906,14761.661905347933,1.287524411779332,-0.3248716547100128,0.2872494857047325,0.9488458957774952,5.082532183573996,1.853336954258622,0.20303803749397442,1.3272452473589589,14586.5501953125,0,-0.26187118170183377,0,Wave 2 Delta
2021-04-09,-0.40630917889629137,54.65561371256371,0.29629365897472226,-1.0009891700480056,0.36945688638336804,0.0,-0.6315322836646375,-2.344347237385691,0.8586321330936935,0.5946799911517142,1.182961464816823,198.95746036366987,-0.036852292512923324,0.9231436965811968,0.05999946594238281,14769.968416410124,1.1342044627737147,1.6122641595660125,1.2403035105908788,0.8186993141471159,3.0179037115737994,3.831785206839755,0.8135045784334549,1.320943415664235,14586.5501953125,0,-3.5325589304007643,0,Wave 2 Delta
2021-04-12,3.303883028804677,53.12757650629757,-2.5603080457339167,-0.759390897210388,-0.26187118170183377,-1.543986054802604,-1.0212620789122218,-1.3046453044509132,0.985349801111842,4.063273926015065,0.8053895901008801,192.20959846101357,3.0420118471028434,0.36945688638336804,-0.5199985504150391,14774.77443070382,1.1037201608895455,1.030746139374128,0.1922076531746919,0.8383388586188323,3.0179037115737994,2.2578275013084292,1.0672607718027138,1.1201302923546568,14769.7998046875,1,1.3556195506029933,0,Wave 2 Delta
2021-04-13,3.274774407421621,37.81091918341182,16.2203079129424,-1.5711389764876627,-3.5325589304007643,0.3122067245233451,-5.103697906888427,-4.1441454523761685,1.288679286262803,4.845913383909284,-2.3358381036730824,245.99549249433676,-0.2577845229791431,-0.26187118170183377,3.2099990844726562,14740.405939887794,1.6266066692189414,-3.4297070777050243,0.24817062692661374,1.3090154054296326,2.9494019664555005,-1.3544905161228415,1.1967208267276819,1.2622276825813403,14704.3998046875,0,0.0,0,Wave 2 Delta
2021-04-14,-2.546418811715867,44.2218613358463,-11.04348224142323,1.8257238549642008,1.3556195506029933,0.9231436965811968,3.181343405567194,-2.7205777512507745,1.1683695099563767,-4.372142666680068,-3.2793569780529053,248.7326266982168,-1.1907992611128737,-3.5325589304007643,-2.5400009155273438,14722.95363357666,1.486684314222367,-2.4808724390905756,0.34992539519109744,1.384467946549769,2.5829237774446456,-2.2923376308811916,-4.634976528655899,1.2724436074688719,14668.659765625,1,0.5284484560774683,0,Wave 2 Delta
2021-04-15,0.0,44.2218613358463,0.0,0.0,0.0,0.36945688638336804,0.0,-2.7205777512507745,1.2179018373907138,0.0,0.0,248.7326266982168,0.0,1.3556195506029933,-2.5400009155273438,14722.95363357666,1.4591865483606872,-2.224827439294852,0.25403846897311677,1.3412205734250915,2.5829237774446456,-1.2654290684137481,0.0,1.1981150725292624,14668.659765625,1,0.2496282165007191,0,Wave 2 Delta
2021-04-16,0.8734629605729349,44.2218613358463,2.1016633646973926,0.5456241835883002,0.5284484560774683,-0.26187118170183377,1.0740726396657685,0.1621158795479083,1.1801466502324407,0.3278387769846347,0.6171791101541757,233.21733151051438,1.4019114166504032,0.0,-2.5400009155273438,14711.700046439304,1.4060381599203509,1.891231757265932,-0.206703950299314,1.3710948009824275,1.0923596195151708,-1.923001890546916,0.08873065407670744,1.1914096943167225,14668.659765625,0,-1.7676978554819645,1,Wave 2 Delta
2021-04-19,1.6538078912385235,45.537545487803804,-2.345618886714629,-0.6712663210439063,0.2496282165007191,-3.5325589304007643,-0.4216381045431872,-0.8556049282759104,1.1942086295175003,2.3250742122824297,1.207383787789884,221.6121534549457,1.9034361077392425,0.5284484560774683,-0.48999977111816406,14704.748162212318,1.411890462507573,0.7793958290342351,-0.39812601836051176,1.4197898062930074,0.939434019648755,-1.6781740293688285,0.957755571289165,1.1822812425652982,14668.659765625,0,-0.43908230349990474,0,Wave 2 Delta
2021-04-20,1.9339331918251546,38.580331030682935,10.245098978773704,-0.6372780232358433,-1.7676978554819645,1.3556195506029933,-2.4049758787178077,-2.557952996121826,1.176932660146394,2.571211215060998,-0.3342842658251355,236.09008833282792,0.1662353363431901,0.2496282165007191,2.090000152587887,14679.170535034553,1.4377909873443024,-1.0020793898032787,-0.21973175206515538,0.8289999295398292,2.568528174161999,-1.901580928069968,1.433413589656829,1.2216425254506642,14668.659765625,0,0.0,0,Wave 2 Delta
2021-04-21,1.7264025533820448,37.09126379379339,-0.266782865953763,0.1324330310237043,-0.43908230349990474,0.0,-0.30664927247620044,-3.4988751708601273,1.1850785163869662,1.5939695223583406,-1.36944828047747,223.67327707595072,1.28732024988214,-1.7676978554819645,-0.05999946594238281,14650.817191004215,1.4286765131681596,-1.954879664706699,0.42245344079512304,0.6539868079008916,1.4564309479970117,-2.6362897767902793,-0.9303659769775652,1.2055543099417245,14668.659765625,1,0.7676757575422188,0,Wave 2 Delta
2021-04-22,0.0,37.09126379379339,0.0,0.0,0.0,0.5284484560774683,0.0,-3.4988751708601273,1.1446046514129586,0.0,0.0,223.67327707595072,0.0,-0.43908230349990474,-0.05999946594238281,14650.817191004215,1.3726386784273716,-2.199018510519102,0.7625808311940485,0.6805528997423245,1.4564309479970117,-3.526875345929248,0.0,1.1992251443487107,14668.659765625,0,-0.44981330537942066,0,Wave 2 Delta
2021-04-23,-1.124796119781446,37.09126379379339,2.674990518530107,1.3854654833378444,0.7676757575422188,0.2496282165007191,2.153141240880063,0.5671941708800698,1.156589145902356,-2.5102616031192904,-0.19669672378175296,211.67150222624687,-0.35712036223922716,0.0,-0.05999946594238281,14631.359153860654,1.4013010145076972,0.32522272564268206,-0.02611919697271814,0.7438109043638844,1.8664005372052817,-3.144115291340144,-0.9643724813239718,1.211580637218207,14668.659765625,1,1.0016518287169873,1,Wave 2 Delta
2021-04-26,0.007325707710947871,35.34033084307126,-1.4763358334811016,0.26008833253873265,-0.44981330537942066,-1.7676978554819645,-0.189724972840688,-1.1439082223893893,1.1644353073224727,-0.2527626248277848,-0.8425374358989823,202.57043474191397,-0.4424875976684728,0.7676757575422188,-0.3400001525878906,14609.876965380236,1.4018442626601415,0.3144093444632068,-0.4478341852358181,0.7307358748066884,1.6899304329302867,-3.3266262415503567,-0.3927241305195617,1.2038833361787427,14668.659765625,1,1.1601643402658013,1,Wave 2 Delta
2021-04-27,-1.8717912129021297,41.8891956401795,3.5698521237431224,0.7411290216521538,1.0016518287169873,-0.43908230349990474,1.742780850369141,-1.1439082223893893,0.7314024315238334,-2.6129202345542835,0.27803075063574934,204.37109552632535,-0.8701393841851424,-0.44981330537942066,0.8099994659423828,14600.626819796515,0.8904699735767824,1.3192104601286614,-0.2977621659878582,0.5277264684052398,-0.7223675556911058,1.2172638684767367,-0.723621078081238,1.2174829274882242,14668.659765625,1,1.4433855260107098,1,Wave 2 Delta
2021-04-28,-0.4565786938567573,48.465024532699715,-1.7872343672082902,0.2656964250074889,1.1601643402658013,0.0,1.4258607652732902,-1.293691586725465,0.6959753361660277,-0.7222751188642462,0.5274440510015133,209.29695661760678,0.703585646409044,1.0016518287169873,-0.42000007629394887,14604.510003862513,0.8621428008909392,1.7138472622302503,-0.07105798853614953,0.5786175850184385,-0.04865363457127181,1.0220754646478536,-0.632720289264288,1.2387548179087686,14668.659765625,1,0.20418099664161193,1,Wave 2 Delta
2021-04-29,-1.7727878588176038,55.318055919274286,-2.1663778234524034,1.5730872062261314,1.4433855260107098,0.7676757575422188,3.016472732236841,1.1833990692320606,0.7690853303146062,-3.345875065043735,0.56690047500072,219.50039560505078,-0.329402332806894,1.1601643402658013,-0.5,14623.77221133103,0.9580793878984857,3.6481935770569462,-0.3206664722986252,0.6023498533755867,-0.04865363457127181,2.480213479980198,-0.8764850510099897,1.2457387367272497,14550.019921875,0,-1.7710812045177438,1,Wave 2 Delta
2021-04-30,0.14064935915845123,56.21780126077198,3.2329474964697846,-0.22879602626594275,0.20418099664161193,-0.44981330537942066,-0.02461502962433082,0.18531064361753113,0.7768266886278155,0.369445385424394,-0.33818076906728667,210.09354337854393,0.34483035580006316,1.4433855260107098,0.7299995422363317,14643.855780167622,0.953061161069555,2.829826652571632,-0.3529317644112462,0.655129642655646,-1.8322042669247085,2.1496503510553655,-0.5423617657088986,1.226864595338964,14647.769921875,1,0.02085134632017205,1,Wave 2 Delta
2021-05-03,3.0539152092019073,47.30199392818791,-1.2011959919002724,-0.9953908261556177,-1.7710812045177438,1.0016518287169873,-2.7664720306733614,0.18531064361753113,0.9124402950983365,4.0493060353575245,-0.8110424481579392,227.00857483432145,1.2828340046841635,0.20418099664161193,-0.279998779296875,14642.910878627428,1.141054262807204,-0.1497994997974983,-0.27721208074252823,1.0393711957860505,-2.239885103377648,0.09064260718281147,0.9600387563598045,1.2505522485643679,14705.719921875,0,-0.940610742344028,0,Wave 2 Delta
2021-05-04,0.26275906489425793,47.405876744120285,2.86582643392983,-0.9849491232262197,0.02085134632017205,1.1601643402658013,-0.9640977769060477,-0.024931438544006923,0.7642267817387901,1.2477081881204777,0.04520479828387103,216.25296537724495,0.28361041121443,-1.7710812045177438,0.6599998474121094,14642.26195359021,0.9557077466739045,-1.5499925466282427,-0.014835489249420686,1.049504455682132,-1.3097281628008939,1.9130272508774304,0.02435345196369898,1.2505551616799255,14735.55,1,0.8370959153933599,0,Wave 2 Delta
2021-05-05,-1.0782765485166546,43.261996891309856,-2.870410678962143,0.3387435245613357,-0.940610742344028,1.4433855260107098,-0.6018672177826923,-1.2735383253311583,0.7990098510556493,-1.4170200730779903,-0.7285029261065112,215.43695541027896,-2.0188872908606825,0.02085134632017205,-0.6800003051757777,14631.464771842788,1.0045221968656066,-2.674743571133631,-0.34725961963204544,0.9983691336006119,-0.8033150349210039,1.399650288937182,0.21210781623751673,1.2572087759100017,14704.2400390625,1,0.73164109749706,0,Wave 2 Delta
2021-05-06,3.2804748382098348,47.609807187604154,0.0,0.7536763213032982,0.8370959153933599,0.20418099664161193,1.5907722366966581,-1.3577131999978675,0.8382107845721395,2.5267985169065366,1.1689325542390883,212.63720901182492,4.117570753603195,-0.940610742344028,-0.6800003051757777,14630.456241289618,1.0258740736654388,-0.09056052076571453,-0.07936533358187114,0.84469174268613,-0.2706707972529476,2.2484626197290414,0.33183663884572834,1.2238855577422212,14654.9,1,0.6679247748155426,1,Wave 2 Delta
2021-05-07,-0.9635053242918357,51.16189144175154,-4.2155554267964135,-0.5971166889427337,0.73164109749706,-1.7710812045177438,0.13452440855432624,-1.0017614997953839,0.8577548817733742,-0.36638863534910193,1.8294137705013425,208.36214038837298,-0.2318642267947757,0.8370959153933599,-0.6800003051757777,14637.444653393166,1.0238264976468596,0.6194374913665701,0.027785970060234533,0.9129307400953743,0.24557581317126154,2.211898428256487,1.0977726730042825,1.193611973906069,14620.8798828125,1,0.8041422748121585,1,Wave 2 Delta
2021-05-10,-0.6726556625971769,54.23479365059178,-5.535395508280693,-0.43428099928919384,0.6679247748155426,0.02085134632017205,0.23364377552634874,-0.07886307618923949,0.8513139295798541,-0.23837466330798307,0.04093881387818854,203.57603338867293,-0.00473088778163433,0.73164109749706,-1.220001220703125,14651.200633928856,1.0029214981925965,2.253305215914181,-0.2496010817701011,0.6036421749224166,1.60138340338849,3.35952190256239,-0.626985960937354,1.1780865592113985,14659.2900390625,0,-0.6130201191218876,1,Wave 2 Delta
2021-05-11,1.9946299093772657,57.70799025711591,-2.833814415158531,-0.08114907036183006,0.8041422748121585,-0.940610742344028,0.7229932044503284,4.41309929079321,0.8353642297418685,2.0757789797390958,0.01522681334766851,202.28735784309964,2.798772184189424,0.6679247748155426,-0.5900001525878906,14672.767224702644,0.9902097509497585,2.219888757043198,-0.4413460572826433,0.8282316909928265,1.892358033303676,3.1574015144977485,-0.78891546146449,1.185362881975688,14720.9298828125,0,-1.03866808073666,1,Wave 2 Delta
2021-05-12,0.1516564579437607,54.297781799899056,0.0,-0.20224515443161284,-0.6130201191218876,0.8370959153933599,-0.8152652735535004,2.385073906367885,0.880001324311668,0.35390161237537354,-0.6346711412409389,197.42949138068636,-0.4613636611781269,0.8041422748121585,-0.5900001525878906,14685.951133983928,0.9809217386432602,0.8553610030908931,0.286124551934952,0.6870128930123668,1.5950957690279877,1.3492085125463404,-0.021651022119051344,1.114682116328099,14791.7798828125,0,0.0,0,Wave 2 Delta
2021-05-13,1.0272894945554945,49.042086808370534,-0.7414711909266569,-0.23869539968592868,-1.03866808073666,0.73164109749706,-1.2773634804225886,2.385073906367885,0.8312632480122226,1.2659848942414231,-0.9623966549534124,201.4698925299282,-0.011378586181165495,-0.6130201191218876,-0.5900001525878906,14686.7325314666,0.9265565433189958,-0.85440940210052,-0.16993308553889808,0.9289490446277685,2.1218865932728592,-1.1305408296624408,0.07627142578324753,1.1146367236269847,14807.5099609375,0,-0.12724250884564858,0,Wave 2 Delta
2021-05-14,0.0,49.042086808370534,0.0,0.0,0.0,0.6679247748155426,0.0,2.385073906367885,0.8438403985125844,0.0,0.0,201.4698925299282,0.0,-1.03866808073666,-0.5900001525878906,14686.7325314666,0.9211034969829426,-1.6453209555527426,0.41772113334750394,0.8575186608671526,2.1218865932728592,-1.3320021310775254,0.0,1.0915612697877037,14807.5099609375,1,1.6715760481972541,0,Wave 2 Delta
2021-05-17,-1.1493246358199927,49.042086808370534,0.9462178026868884,-0.744034322837761,-0.12724250884564858,0.8041422748121585,-0.8712768316834096,0.41011637767878195,0.6600650236727873,-0.4052903129822316,-1.033631238579269,193.22488331137748,-1.2765671446656413,0.0,-0.5900001525878906,14686.022123151326,0.7205778102605569,-1.1645889622577954,-0.3212497521380864,0.7473183479951003,0.6062075407977874,0.31918445338570134,-0.9063887297336204,1.0916770080999791,14807.5099609375,1,1.2393443335275034,1,Wave 2 Delta
2021-05-18,-1.8645817353349137,57.260587411373656,-3.2560425876030252,2.33748396345137,1.6715760481972541,-0.6130201191218876,4.009060011648624,3.9256391271618174,0.8089969541264477,-4.202065698786283,0.45079984532665485,210.12374392194351,-0.19300568713765953,-0.12724250884564858,-0.6599998474121129,14703.587180001228,0.8870291699880726,1.5422065840506205,-0.22602027513434209,1.1503099515777306,0.8924330794802149,1.9748327869115068,-1.2207762028705993,1.0964555124499624,14807.5099609375,0,-0.5159432408138875,1,Wave 2 Delta
2021-05-19,-1.4291154110228965,62.208531764974914,-1.8867966737241337,0.14487658703399298,1.2393443335275034,-1.03866808073666,1.3842209205614964,5.677647495675053,0.754677127376439,-1.5739919980568895,0.9909106368906739,216.83920697193423,-0.18977107749539313,1.6715760481972541,-0.3700008392333949,14733.551063658546,0.8425182082129092,2.8006641674888533,-0.012556206201641551,1.2015932668584928,1.666663288110426,4.218946706963744,-0.24843369663682946,1.1163955784195732,14807.5099609375,0,-0.8256776060930671,1,Wave 2 Delta
2021-05-20,1.7373452677860501,59.10290653797951,0.4158000242086457,-0.18329408359517574,-0.5159432408138875,0.0,-0.6992373244090633,5.677647495675053,0.7882907302015721,1.9206393513812259,0.09457795209615316,208.3406421360929,1.2214020269721626,1.2393443335275034,0.07999992370605469,14755.521384174579,0.875602611784525,2.4005681411799484,-0.1931253739480776,1.019257827871722,1.328821563592708,2.8205296419630432,0.6105211929100407,1.110761015141961,14807.5099609375,1,1.806313567497475,1,Wave 2 Delta
2021-05-21,0.6032032380389851,54.442894388663504,0.0,-0.21527986372333885,-0.8256776060930671,-0.12724250884564858,-1.040957469816406,3.470041617695574,0.8246026836877361,0.818483101762324,-0.33984319855817624,207.04600117940547,-0.22247436805408194,-0.5159432408138875,0.07999992370605469,14766.671637545907,0.9238982250504288,-0.11459099111031934,0.12950363685815258,1.161922486551188,1.328821563592708,1.2309165652785392,0.4858344075348908,1.1204162237699362,14929.05,1,0.1476108604989923,1,Wave 2 Delta
2021-05-24,-1.6380983689215478,61.529973198035556,-1.2422348597783017,2.0105874019236802,1.806313567497475,1.6715760481972541,3.8169009694211553,5.8150049892608635,0.9080193748703326,-3.648685770845228,0.8140755034852898,225.4567342252762,0.16821519857592726,-0.8256776060930671,0.07999992370605469,14796.940390667507,1.058401052781452,0.44479581846812444,-0.27450978757739275,1.2453003797011153,1.6389406193527245,2.3756718698962898,-0.9922380640121853,1.1656150540199568,15028.55,1,0.07073438653115716,1,Wave 2 Delta
2021-05-25,0.14502221539194338,62.058791960882914,0.262050509750944,0.8253256015972266,0.1476108604989923,1.2393443335275034,0.9729364620962189,4.920263688729731,1.1004654088918011,-0.6803033862052832,0.1490058966412633,215.65943658898902,0.2926330758909357,1.806313567497475,0.04999923706055043,14826.626302122691,1.0397221465358863,1.1147580052958572,-0.15351380809321968,1.1376627807769701,0.8845300398961031,1.708905176313702,0.001395036142270989,0.9448022064345198,15083.4599609375,1,0.6115021504864648,1,Wave 2 Delta
2021-05-26,0.3243536078733067,62.32643664544335,0.0,-0.8766070427998485,0.07073438653115716,-0.5159432408138875,-0.8058726562686913,3.790339881649274,1.091803236755272,1.2009606506731552,0.9550920637719118,207.1827786375404,0.39508799440446385,0.1476108604989923,0.04999923706055043,14854.909553470086,1.004054185580128,2.0287091119868927,-0.1003931069259889,1.051986389943818,0.07127293701145732,2.408633875814359,0.8843576772407546,0.919629244235339,15103.530078125,1,0.2378821196545866,1,Wave 2 Delta
2021-05-27,-0.34783907034556805,64.64970651198891,9.095670438059077,-0.547456577716976,0.6115021504864648,-0.8256776060930671,0.06404557276948886,2.9392103788250967,0.9757218429815827,0.19961750737140793,1.7558951571803982,202.15937494940985,0.2636630801408968,0.07073438653115716,0.04999923706055043,14887.986638051007,0.9002828049813537,0.831287633513722,-0.04352225904301621,1.0350022785209931,1.6690528990472409,4.116287519562478,1.1443930066939334,0.9226838687270987,15157.7900390625,1,0.6376433707514062,1,Wave 2 Delta
2021-05-28,-0.4304192044552346,65.54529323229704,-4.599908736067649,0.9466700149652008,0.2378821196545866,1.806313567497475,1.1845521346197874,2.97383135928051,0.9684492183596557,-1.3770892194204354,1.1447561890756353,195.65525776865522,-0.19253708480064802,0.6115021504864648,-0.9600009918212891,14921.309821112043,0.8914086383702678,0.9221751466430783,-0.18185659296692247,0.7747568089221982,0.6171334320947297,4.363961551219675,0.9068740694210486,0.9204495407444049,15244.15,1,0.9533088035724946,1,Wave 2 Delta
2021-05-31,-1.814590953286399,67.89856297205552,-12.606731532487103,-0.5054450485581397,0.6376433707514062,0.1476108604989923,0.13219832219326655,5.49890850811019,0.9420294320965957,-1.3091459047282594,-0.15461184618364987,192.8984278265842,-1.1769475825349929,0.2378821196545866,-2.510000228881836,14959.409122557447,0.8707029606054657,1.4939076131671003,0.014445693745002153,0.3259466191125708,0.11857494410478786,5.163243783277882,-0.7922552169350561,0.9242842429810418,15296.2201171875,0,-0.05101904286871628,1,Wave 2 Delta
2021-06-01,-0.10897444453115135,71.09719340822505,0.0,0.14283212673669166,0.9533088035724946,0.07073438653115716,1.0961409303091862,6.482435869117675,0.9217051810045575,-0.251806571267843,-0.02857374525037093,197.18709252783114,0.8443343590413432,0.6376433707514062,-2.510000228881836,15005.586210122636,0.7899405307077187,1.8387120552873393,-0.39830136460597965,0.4234047956967432,0.9241691530748497,4.420309363610686,-0.9818825488228655,0.8570425195555479,15373.2400390625,1,0.00867158252806366,1,Wave 2 Delta
2021-06-02,0.09585192622844074,70.68738069693448,-0.05747258104067399,-0.48223565139551283,-0.05101904286871628,0.6115021504864648,-0.5332546942642291,7.438689403476695,0.8818589094544923,0.5780875776239536,0.10824102677062797,191.6619463366202,0.04483288335972446,0.9533088035724946,-2.510000228881836,15047.753869326514,0.7484857066874319,1.5451970519722469,0.12942680293033249,0.5008042234335539,1.6856669448594097,3.0894024534387388,0.15926006963934425,0.8487590232118316,15446.519921875,1,0.7328450625387672,1,Wave 2 Delta
2021-06-03,0.6585604019270219,70.71825939391184,-1.0350794220437276,0.09476390841411941,0.00867158252806366,0.2378821196545866,0.10343549094218307,6.556029864494373,0.8263328757914974,0.5637964935129025,-0.7542992184521258,186.87528708548714,0.6672319844550856,-0.05101904286871628,-0.18000030517578125,15086.898041621771,0.7012744542379307,0.91055317483002,0.5074075033033143,0.5549673630856934,-0.16416438983629655,3.6330295472498886,-0.7629708009801894,0.8486585427011921,15501.469921875,0,-0.1281017305247989,1,Wave 2 Delta
2021-06-04,-0.9974692620864478,73.28022492505443,-8.483434992102401,0.04527228506201464,0.7328450625387672,0.6376433707514062,0.7781173476007819,6.5573034438140665,0.671383323860967,-1.0427415471484625,0.17910403179095535,187.63873708867195,-0.26462419954768057,0.00867158252806366,-1.4599990844726562,15131.59815775164,0.5693368374620026,0.6901828043452518,0.1511218000239012,0.5835162197714393,0.28308311774609685,5.261620717521431,-0.5537410307478119,0.8480056283208562,15571.969921875,1,0.519458149199914,1,Wave 2 Delta
2021-06-07,0.037055808758013065,72.08426810261716,1.206346542116199,-0.8743157479034092,-0.1281017305247989,0.9533088035724946,-1.002417478428208,5.714706975588357,0.4507512386592432,0.9113715566614222,0.03279102578159776,183.51390547684872,-0.09104592176678583,0.7328450625387672,0.18999958038330078,15171.498294214482,0.37878722509304813,0.6125284867442682,0.10839967284566043,0.6470670136758718,-0.23685998561582267,3.261551347800151,0.16089275630639666,0.8403464983805109,15618.88984375,0,-0.07333060957773752,1,Wave 2 Delta
2021-06-08,-0.7502824567287236,73.9392479920766,-2.3212038600955998,-0.08875634500520313,0.519458149199914,-0.05101904286871628,0.4307018041947108,5.416154770881776,0.45487517998577276,-0.6615261117235205,1.1071717544704374,180.39987042368523,-0.23082430752880967,-0.1281017305247989,-0.36999988555908025,15214.472523578224,0.3780048246830307,1.126399205919948,-0.18413317082458525,0.5013422635749918,-0.7278736139477826,3.64496067295339,0.5877136052705234,0.8310078044912588,15652.6599609375,0,-0.6654976944212576,1,Wave 2 Delta
2021-06-09,0.9323085708756174,73.19597739177827,-2.183687599563122,-0.937704971190767,-0.07333060957773752,0.00867158252806366,-1.0110355807685045,5.988583804690006,0.48093149612719865,1.8700135420663844,1.2022076262293568,177.33335384636044,0.8589779612978798,0.519458149199914,-0.3400001525878924,15253.407863266873,0.39268453848213947,0.3170738781389293,-0.1375619740446754,0.5224993382961438,-0.9806256495138554,3.495750107570883,1.2755382358070944,0.8165082586526784,15685.7099609375,1,0.6549286916079033,1,Wave 2 Delta
2021-06-10,0.16549790088485894,66.65240233024821,-3.1516714160442216,-0.14624988257752047,-0.6654976944212576,0.7328450625387672,-0.8117475769987781,6.3882530491953915,0.6143280816944995,0.3117477834623794,-0.30698448023691594,178.0791397397624,-0.4999997935363987,-0.07333060957773752,-0.4799995422363281,15281.699844460069,0.49154274843940665,-0.22271751009077523,0.2278568130811287,0.7818129948733308,-0.16443433245485473,2.1821422793297574,0.3585132141843417,0.8001306842789163,15697.53984375,1,0.3914130633349666,1,Wave 2 Delta
2021-06-11,0.7261986951217381,69.52094694701792,1.6949152542372836,0.2953426348881738,0.6549286916079033,-0.1281017305247989,0.9502713264960772,6.3882530491953915,0.6345617580845498,0.43085606023356426,0.940484403936237,178.4804731911271,1.3811273867296414,-0.6654976944212576,0.25,15315.481337463027,0.5108082931714586,-0.08824720127913466,0.013695738607522046,0.7506219306455406,-0.376381683673388,2.607278078802966,0.28555571232833366,0.8049780602126068,15707.019921875,1,0.07911718082738162,1,Wave 2 Delta
2021-06-14,0.6575631762987921,71.12977016592463,-5.999997456868478,-0.6299413663882203,0.3914130633349666,0.519458149199914,-0.23852830305325368,7.641130275733299,0.6936116196000137,1.2875045426870124,1.509101374199573,175.74887624480988,1.0489762396337587,0.6549286916079033,-0.8999996185302717,15351.323431678728,0.49624944954495204,0.3764270968444894,0.03699433711719102,0.7661720533378438,1.2108313133037507,2.356228662518145,1.1176883108646063,0.7154572320483384,15732.83984375,1,0.3630213545097627,1,Wave 2 Delta
2021-06-15,-0.17902139512161463,71.45899520084237,4.397162189966219,-0.35530885651281485,0.07911718082738162,-0.07333060957773752,-0.27619167568543324,5.955171632581657,0.5984117836676316,0.17628746139120022,0.34233936165499745,173.398158891335,-0.09990421429423302,0.3914130633349666,0.6199998855590803,15385.436481878452,0.4277852517480588,1.1288522764733688,0.30035941979555947,0.7889991724533304,-0.5912961381692727,1.4698886436222969,0.26322218082761584,0.7148676937247899,15744.8796875,0,-0.6408632752808119,1,Wave 2 Delta
2021-06-16,-1.2415870046446953,72.98261112553541,-0.7472867415495354,0.4871728392369157,0.3630213545097627,-0.6654976944212576,0.8501941937466784,5.038028675378103,0.6291262885830383,-1.728759843881611,0.22515284215109954,171.43740437249022,-0.8785656501349326,0.07911718082738162,-0.1100006103515625,15421.274520257826,0.4265414160849848,0.8355705231052779,-0.06936419557327378,0.8503520342698246,-0.8488578440151273,1.890229427626644,-0.13786851235866315,0.6779901329234838,15770.709765625,0,-0.48295020472909345,0,Wave 2 Delta
2021-06-17,-0.10585742511766139,66.23591137003248,1.7796046200658777,-0.052085738269525006,-0.6408632752808119,0.6549286916079033,-0.6929490135503369,4.906134635368975,0.7231359902892734,-0.05377168684813638,0.25019513802957416,172.65080970094994,-0.7467207003984733,0.3630213545097627,0.26000022888183594,15446.92454132669,0.5000480346892184,-0.20127287181891385,0.22396896398795274,0.8210521564857812,-0.9647055233226065,1.2284742554386607,0.891058413310386,0.691499304877458,15797.1498046875,0,-0.0513069646403852,0,Wave 2 Delta
2021-06-18,-0.4603771312097882,61.64105922054357,2.824479351219278,-0.654371139187826,-0.48295020472909345,0.3914130633349666,-1.1373213439169194,5.2686700784438045,0.6916608059602141,0.19399400797803779,0.5712006011886261,170.5525689283232,-0.9433273359388816,-0.6408632752808119,0.4200000762939453,15465.033863496936,0.482885799979272,-0.761765522223179,0.653616391307299,0.8297391181675405,-2.3612751736250326,0.006696990673638048,1.0541508059177196,0.6981540601244979,15787.8798828125,1,0.40265882096546246,0,Wave 2 Delta
2021-06-21,-0.3108677982753716,61.15801427187796,-3.2047074711619605,-0.08566296123849737,-0.0513069646403852,0.07911718082738162,-0.13696992587888257,3.347873262645984,0.6929858692810291,-0.22520483703687422,-0.5793155592551558,168.72335921704655,-0.3621747629157568,-0.48295020472909345,-0.48999977111816406,15481.205400228646,0.4811995167169807,-1.171450387541939,0.58219735865217,0.9123562305312697,-3.917433595589659,0.08359540769931062,-0.5280085946147706,0.694385755869633,15764.6798828125,1,0.16670371193598932,0,Wave 2 Delta
2021-06-22,-0.029541581538850004,63.56960721303468,1.7567582806154336,0.5039345079933755,0.40265882096546246,0.3630213545097627,0.9065933289588379,3.6110713965575414,0.6832642403596145,-0.5334760895322255,-0.2763155301851894,167.22224465477348,0.37311723942661246,-0.0513069646403852,0.26000022888183594,15500.85685206356,0.4686986131325513,-0.13350079719578467,-0.14814119176906893,1.0487670295523146,-2.5695885027943732,-0.03269746659730899,-0.6789743511506519,0.6859697689104001,15751.6099609375,0,-0.5439749231269109,0,Wave 2 Delta
2021-06-23,-0.0811406408437465,64.55474865690877,-2.124838244238769,-0.5288879251537426,0.16670371193598932,-0.6408632752808119,-0.3621842132177533,3.710435957908631,0.7031294714596164,0.4477472843099961,0.5518764100891804,165.95627870080355,0.08556307109224282,0.40265882096546246,-0.32000064849853516,15520.997085244036,0.4707973886528132,0.5184343484320397,-0.011730580666835522,0.963474835672972,-2.6634933465056077,0.20743445997986054,0.3851726981531911,0.6695742501095547,15732.3099609375,1,0.6597840798329813,1,Wave 2 Delta
2021-06-24,-0.0019647385438914533,58.94405661193459,4.274084967595138,0.051812079015689516,-0.5439749231269109,-0.48295020472909345,-0.49216284411122135,2.5193690472429475,0.7028392009975586,-0.05377681755958097,-0.9292348743068501,165.72671562923816,-0.5459396616708023,0.16670371193598932,0.630000114440918,15533.289908212071,0.4522925354551545,0.022958016158414196,0.265728823637712,0.8721254755822181,-2.5896891153156076,0.3300251495915285,-0.3852599511799393,0.6435220669861892,15716.1900390625,1,0.44266891189239654,1,Wave 2 Delta
2021-06-25,-1.0171776550665812,63.109330023890784,-1.7566656219889287,0.07197689067819368,0.6597840798329813,-0.0513069646403852,0.731760970511175,2.9508738021583936,0.7001852377638011,-1.0891545457447749,2.7938496381619604,167.95678700888124,-0.35739357523359994,-0.5439749231269109,-0.2699995040893537,15552.338818367658,0.4530353152784686,0.2791108837678191,-0.11475058170744568,0.9490924789486116,-1.0882635183742773,0.3348648651331887,2.134065558328979,0.6470220889765116,15736.0,0,-0.28782098242977616,1,Wave 2 Delta
2021-06-28,0.28506431052854886,65.64436158331168,-11.456956637124671,1.1011069023874498,0.44266891189239654,0.40265882096546246,1.5437758142798463,2.7514177116109373,0.710654895051479,-0.8160425918589009,0.5595937112709892,166.70968155353023,0.7277332224209454,0.6597840798329813,-1.7300004959106463,15575.154432516349,0.45778882857921405,0.5553857721386501,-0.07623547400297248,0.9770934518607125,-0.024409965226279695,0.3860918424376303,0.11692479937859268,0.6441788154783439,15771.4,0,-0.41891404314852165,0,Wave 2 Delta
2021-06-29,1.5529600406968824,62.61805609991493,0.22438095159291738,0.2731190716784404,-0.28782098242977616,0.16670371193598932,-0.014701910751335756,1.4881818000077374,0.7899054184522305,1.279840969018442,-0.48612571896846646,165.56799094014278,1.2651390582671063,0.44266891189239654,0.02999973297118963,15592.898563093842,0.4688319145443757,0.8143711710015822,0.03059355297687638,1.1283765410402191,-0.31746291988568043,0.018028162472583098,-0.1983047365386903,0.5935291789541481,15785.0400390625,0,-0.17112919035373597,1,Wave 2 Delta
2021-06-30,0.9986649359455702,58.40949039889756,-2.9850718650553554,-0.56851248344022,-0.41891404314852165,-0.5439749231269109,-0.9874265265887416,1.11462126628179,0.8202468006896924,1.5671774193857901,-0.2831265372303493,164.49019240854003,0.5797508927970485,-0.28782098242977616,-0.39999961853027166,15604.420906221148,0.4672804133068781,-0.2659835500603225,0.09756101572839793,1.1917496271196424,-0.4886410003621777,-0.7612193688265045,0.13578750591817235,0.5696827013917611,15780.180078125,0,-0.2639697229908089,0,Wave 2 Delta
2021-07-01,0.02249341138905736,56.738876912851715,0.3846168518066406,-0.5089575663700607,-0.17112919035373597,0.6597840798329813,-0.6800867567237967,0.9328321597408928,0.7613814662159646,0.5314509777591181,0.6270214325757806,163.52016675406782,-0.1486357789646786,-0.41891404314852165,0.05000019073486328,15613.093431686248,0.42589912863548696,-0.8754511268334597,0.0029578700706300864,1.0390977991895927,-1.1707305908203125,-0.2920542840068263,0.7981506229295166,0.5593768005360709,15787.0900390625,1,0.2691338986766656,0,Full Recovery
2021-07-02,1.1973035295144818,54.169554006375584,-1.6091956710932998,0.0103181240611816,-0.2639697229908089,0.44266891189239654,-0.2536515989296273,-0.06596162375385184,0.7579820121307954,1.1869854054533002,-0.5653469234263575,162.62414452019178,0.9333338065236729,-0.17112919035373597,-0.21000003814697266,15618.049473783563,0.4050521047167339,-0.8517404291510045,0.11227249722296495,0.7778788871236478,0.024445773007797378,-0.07265374881270104,-0.3013772004355486,0.5343822124515548,15765.0,1,0.7133188273225066,1,Full Recovery
2021-07-05,0.3346431206881162,56.33488175725921,-5.841121425912432,0.0938461257652623,0.2691338986766656,-0.28782098242977616,0.3629800244419279,0.3315211647070049,0.9468880958989373,0.2407969949228539,0.01672100375587071,161.90385884458289,0.6037770193647818,-0.2639697229908089,-0.75,15625.764342044966,0.41369906681610763,-0.16668306833019786,0.23395673923847227,0.6028590554553813,0.48840234240106195,0.2477186755709182,-0.2524128949207949,0.43690386278292964,15737.3701171875,0,-0.10167521731027085,1,Full Recovery
2021-07-06,-0.7212363655568876,61.53594206661645,0.0,0.4418191278194872,0.7133188273225066,-0.41891404314852165,1.1551379551419938,0.5250193897092803,1.0102251358992522,-1.1630554933763748,-0.197703081119327,165.82616594655508,-0.007917538234381016,0.2691338986766656,-0.75,15641.215102587932,0.4547903701024051,0.717804340393724,-0.08478356140493304,1.0247230801825267,0.9309188411469105,0.5578992752357737,-0.9110219084418336,0.4501871452609925,15741.3,1,0.3881617158977724,1,Full Recovery
2021-07-07,-0.7349548868814892,60.423276787333705,1.571543242227591,1.1443561439005934,-0.10167521731027085,-0.17112919035373597,1.0426809265903225,0.496505057556651,1.007338333505398,-1.8793110307820826,-1.040390260699342,164.80701048701403,-0.8366301041917601,0.7133188273225066,-0.75,15654.32879869253,0.4554879330048067,0.8816964285714324,-0.2201797535420824,0.8946506628841693,2.1605722514253634,0.2884722068123846,-0.9387150433890712,0.452169760401193,15755.2599609375,0,-0.95562557277451,1,Full Recovery
2021-07-08,-0.0671361041409746,63.159207677463726,-0.5700301005404196,0.15191467278068416,0.3881617158977724,-0.2639697229908089,0.5400763886784565,1.5624900456560065,0.9397674163195328,-0.21905077692165875,0.29756294665035377,164.00560960957873,0.3210256117567978,-0.10167521731027085,-0.06999969482421875,15671.019286983823,0.41894692345634227,1.001451408559495,0.5989128612584604,0.9150158204553326,2.961502342997946,1.2284108313806108,-0.09059876924741861,0.4457985200243613,15786.8900390625,0,-0.24224839292732447,0,Full Recovery
2021-07-09,-0.3167596992750932,53.34412171916883,11.05651414620803,-0.4343184797988009,-0.95562557277451,0.2691338986766656,-1.3899440525733109,-0.06258588028784651,1.0143771553311618,0.11755878052370772,0.04993834683884035,172.85679525538487,-1.2723852720496032,0.3881617158977724,1.3500003814697266,15675.232702068355,0.49372137360337287,-0.6722677051855364,0.07891361474665626,1.3821286281681575,2.0288482868503266,-0.39612426443716986,1.0055639196133503,0.48672367167096825,15796.4701171875,1,0.017844744498685117,0,Full Recovery
2021-07-12,0.8792830888774361,51.19304435868279,-4.572277433977567,-0.3308371828686374,-0.24224839292732447,0.7133188273225066,-0.5730855757959619,-0.6933817365652573,0.9740455713730383,1.2101202717460735,-0.3019262626526187,170.72895562758342,0.6370346959501116,-0.95562557277451,-0.6200008392333984,15676.311746706811,0.4662866599059037,-0.8120379644556142,-0.13432165575479882,1.401652830305086,1.0449581755309412,-1.075321849063704,-0.05967786972529421,0.4787113390918765,15789.9900390625,1,0.7630985495128417,0,Full Recovery
2021-07-13,0.06571955012666386,51.348300305037604,0.38640025004841316,0.3441162693441191,0.017844744498685117,-0.10167521731027085,0.3619610138428042,-0.7541812181751095,1.034513932314202,-0.27839671921745524,-0.45303435505414935,168.8885610230719,0.08356429462534898,-0.24224839292732447,0.05000019073486328,15677.518255052602,0.4631298190410013,-1.177927578055693,-0.3090092050313409,1.0833599759841899,0.7281534745271268,-0.7720701905793326,-0.47087909955283447,0.4476786677019719,15761.6400390625,1,0.26308921169333477,0,Full Recovery
2021-07-14,-0.15185178018624068,57.565790498889356,-2.8483440498723978,0.5849596112768696,0.7630985495128417,0.3881617158977724,1.3480581607897113,-0.35855752871118973,1.10031590511626,-0.7368113914631103,-0.324542530295413,172.87831929291212,0.611246769326601,0.017844744498685117,-0.36999988555908203,15687.505762780187,0.5140676968407835,0.5369389216143494,0.06873475910931237,1.3548527710653822,-0.21629452359465118,0.4057504914453114,-1.0876410798082548,0.4672000962091292,15760.4599609375,1,0.4431072328003882,1,Full Recovery
2021-07-15,0.061599817367130605,59.50202948498468,-0.23771579432040335,-0.277521526763691,0.26308921169333477,-0.95562557277451,-0.01443231507035625,0.5479633278171914,1.0932953105682455,0.3391213441308216,3.1649350271187426,170.96647698094017,0.3246890290604654,0.7630985495128417,-0.029999732971191406,15699.834980004804,0.5124300034986363,1.0462236145037274,0.15749723909017632,1.3762530839653768,-0.19175893747335193,0.8424781052221553,2.901845815425408,0.4687022787310492,15755.319921875,0,-0.0050225736783704455,1,Full Recovery
2021-07-16,-0.7157328941190588,62.60506793549665,-2.5416973069570803,0.22807038411329916,0.4431072328003882,-0.24224839292732447,0.6711776169136874,1.4836139470801424,1.1103818834447203,-0.943803278232358,1.2890358229857846,169.40321364389774,-0.2726256613186706,0.26308921169333477,-0.31999969482421875,15716.454625583152,0.5076707369507585,1.475858632110505,-0.25449333406092345,0.8496213804226255,0.5749828800158951,1.5573992047991148,0.8459285901853963,0.45720372820275246,15794.5798828125,0,-1.0738912280361723,1,Full Recovery
2021-07-19,1.1634824758199547,62.54630846419592,-4.5639804297021636,-0.42899516582852737,-0.0050225736783704455,0.017844744498685117,-0.4340177395068978,1.530609131524474,1.1143955905459086,1.592477641648482,-1.0693863591164976,168.0473190122113,1.1584599021415842,0.4431072328003882,-0.5600004196166992,15731.783941512178,0.5082738309611446,0.702304110352836,0.09118091995197197,0.7040420219522152,0.6493425473222292,1.2797203496523801,-1.0643637854381272,0.4560982071014092,15841.3,0,-0.76369809214345,0,Full Recovery
2021-07-20,1.3120221971999135,51.43165900196557,8.283520613739492,-0.8074169161518485,-1.0738912280361723,0.7630985495128417,-1.8813081441880208,0.03747112453560408,1.1958814410685648,2.119439113351762,-0.46343143340618065,178.9426100709999,0.2381309691637412,-0.0050225736783704455,0.9700002670288068,15733.311085890906,0.587750902859012,-0.6405331380284318,0.12717874852836708,1.3644847448827675,0.289154052734375,-0.5175407943593724,0.6104597946299917,0.49147924079685223,15853.26015625,0,0.0,0,Full Recovery
2021-07-21,-0.5362438995170304,45.3288991481527,4.179808519049133,-1.128448505065005,-0.76369809214345,0.26308921169333477,-1.892146597208455,-0.891730298299287,1.2330761091969957,0.5922046055479746,-0.03929743028977528,181.54509930111655,-1.2999419916604804,-1.0738912280361723,0.5299997329711932,15725.81393948232,0.629947857030018,-1.834318724675943,0.48451570765861707,1.222120518942686,0.4094368185719066,-1.1768077418488176,0.7244006618536747,0.5108750807903862,15817.21015625,1,1.2279233123449584,0,Full Recovery
2021-07-22,0.0,45.3288991481527,0.0,0.0,0.0,0.4431072328003882,0.0,-0.891730298299287,1.2231804708902636,0.0,0.0,181.54509930111655,0.0,-0.76369809214345,0.5299997329711932,15725.81393948232,0.6069336645177256,-1.8293880333594137,-0.621921586321228,1.1772221729753227,0.4094368185719066,-1.558918333593473,0.0,0.4961930629530611,15817.21015625,1,0.2022238326785386,0,Full Recovery
2021-07-23,-0.5635206242486701,45.3288991481527,-9.992427638246859,-0.46707115520485676,1.2279233123449584,-0.0050225736783704455,0.7608521571401017,0.21278436624292407,1.270498262027979,-0.09644946904381335,1.8030910819587964,178.03184283062754,0.6644026880962883,0.0,0.5299997329711932,15733.626511972863,0.6758915551230479,0.4548475932921514,-0.1164673488593837,1.5387415534157254,-1.6198197060284136,0.611330258168552,0.575167769613838,0.5319893581886014,15817.21015625,0,-0.19929055322251976,1,Full Recovery
2021-07-26,-0.04820254922590639,47.40236802081676,-1.0933566920704463,0.8275503573160092,0.2022238326785386,-1.0738912280361723,1.0297741899945478,-0.02711040294445244,1.264155053688442,-0.8757529065419156,0.383988440208638,175.43566352612686,0.15402128345263222,1.2279233123449584,-0.13000011444091797,15742.694904025799,0.668156473876551,1.432630298608073,0.01585524113598691,1.5778074657325152,-1.1708432058188167,1.0596056168309387,0.18176460753009938,0.5285399696822367,15817.21015625,0,-0.4929081202650898,1,Full Recovery
2021-07-27,0.5740046157469703,45.56462850428222,5.867343256411717,-0.042472413146521504,-0.19929055322251976,-0.76369809214345,-0.24176296636904127,0.06165150068977443,1.2738833743171591,0.6164770288934918,0.15420868918236685,173.1435086497265,0.3747140625244505,0.2022238326785386,0.6899995803833008,15748.750851528519,0.6748869166971868,1.2304846485378107,-0.0041706917599526605,1.2808425762655797,-0.5285858040647851,0.8402086921196261,0.3534992424048866,0.52978705129232,15817.21015625,0,-0.2352898858342667,1,Full Recovery
2021-07-28,-3.8332973696470374,41.307556518416234,6.2650581921352755,0.05727698994112407,-0.4929081202650898,0.0,-0.4356311303239657,-0.012699662348969465,1.222324168378781,-3.890574359588161,-0.15981619734779517,171.05297442351252,-4.326205489912127,-0.19929055322251976,0.7799997329711914,15748.580432549554,0.6512850554268251,-0.49039032569281327,-0.21410785592292925,1.146053278966474,-0.815543688624798,-0.4167591514889657,0.3330919229172946,0.5328251474961989,15817.21015625,1,0.4395444954646832,0,Full Recovery
2021-07-29,-0.14920069723245444,39.423415472316115,3.476946742729936,-0.5249668843676725,-0.2352898858342667,1.2279233123449584,-0.7602567702019392,-0.07696218156664214,1.2355590698987096,0.37576618713521803,0.20607010029281003,169.19177835454417,-0.3844905830667211,-0.4929081202650898,0.46000003814697266,15745.678207221808,0.6445618419447785,-0.9248798778315304,0.28644570199480857,1.1808274297952268,-0.815543688624798,-0.9117589175361429,0.4413599861270767,0.5216762658494858,15792.080078125,0,-0.0976039499086867,0,Full Recovery
2021-07-30,-0.7574906858726749,44.50392626765383,-5.405403899197525,0.01973757342899063,0.4395444954646832,0.2022238326785386,0.45928206889367384,0.6278711435746098,1.2387151078066176,-0.7772282593016655,1.3929622257975671,167.6708081676883,-0.31794619040799166,-0.2352898858342667,-0.7399997711181641,15748.105761895193,0.6442355281731945,-0.29068940425890366,-0.15072965996990595,0.6444299494862423,0.9200994555327746,-0.9152735974953585,0.9534177303328839,0.5200836931665953,15782.96015625,1,0.7746000136419795,1,Full Recovery
2021-08-02,3.7250286158267643,43.62511990073935,-1.1582982296490463,-0.21126041224474035,-0.0976039499086867,-0.19929055322251976,-0.30886436215342705,0.25982120102490125,1.236701465385324,3.9362890280715046,0.3577391533731822,166.33210015157948,3.6274246659180776,0.4395444954646832,-0.14999961853027344,15749.212728027956,0.6435428586353071,0.10541810483699621,-0.18550946284918712,0.5961193617031024,1.353959260952231,-1.00701220847218,0.4553431032818689,0.5203704180225304,15764.36015625,1,1.5460955882416139,1,Full Recovery
2021-08-03,-0.4304103517476232,51.75874514073058,0.0781267869751634,-0.4112857006777437,0.7746000136419795,-0.4929081202650898,0.3633143129642358,0.3208264469537925,1.116351382955627,-0.019124651069879484,1.0597095205585827,171.02466518345207,0.3441896618943563,-0.0976039499086867,0.010000228881835938,15759.282184516627,0.5962386039897202,1.1187568947881976,0.17117126188741505,0.8914556632759221,0.31400301600645886,0.8427287061532951,0.2851095069166032,0.5340958169456439,15776.5001953125,1,0.7938242467802281,1,Full Recovery
2021-08-04,-0.3516222965926241,63.24562696119686,7.338013658015385,-0.11294326197017757,1.5460955882416139,-0.2352898858342667,1.4331523262714363,1.9755661972721272,1.1193560892650398,-0.23867903462244655,1.1778016103062061,191.7218244089915,1.1944732916489897,0.7746000136419795,0.9399995803833008,15786.798318996876,0.6731319978187099,2.2327909289352244,-0.06331920438747973,1.070086478204916,0.31439195383913265,3.1899130832428124,-0.36829397793540775,0.6013564442649768,15853.36015625,1,0.22018725316477195,1,Full Recovery
2021-08-05,-1.1590655717987342,67.5800546957104,-3.9272724498402023,1.5369419063838263,0.7938242467802281,0.4395444954646832,2.3307661531640544,2.3876433343037684,1.1244582299399608,-2.6960074781825605,-0.6054679115605976,194.07142164925068,-0.36524132501850604,1.5460955882416139,-0.5399999618530273,15821.761392010998,0.6784429787069309,3.1450132185243618,-0.15820842456268913,0.871025917650383,0.38675332739446233,4.009059633529022,-1.3992921583408258,0.6033509831936663,15963.2400390625,0,-0.3461233501561467,1,Full Recovery
2021-08-06,-0.3195407727672239,68.69170597403757,-2.573808869084482,-0.7567220353859705,0.22018725316477195,-0.0976039499086867,-0.5365347822211985,3.6031460314168484,1.02973117368787,0.43718126261874657,0.7555531260093895,189.92136490851692,-0.09935351960245198,0.7938242467802281,-0.3400001525878906,15856.786445149073,0.6127938604729191,2.5775595992572065,-0.040966627362004626,0.9842760618499958,-0.28790530471725084,2.9736370303138804,0.5353658728446176,0.5951008146867026,16066.469921875,1,0.12347307242392969,1,Full Recovery
2021-08-09,-0.08151898529640267,64.91527284448753,-2.020203816579458,0.27496254275568566,-0.3461233501561467,0.7746000136419795,-0.07116080740046105,3.4952669725024643,1.081258810204697,-0.3564815280520883,0.2950913928506438,186.249449847798,-0.42764233545254937,0.22018725316477195,-0.26000022888183594,15885.03931553155,0.6456832533266643,0.6661202691288448,-0.13749242166742892,1.100202149178814,-1.4790051502055368,2.4101235511509556,0.6412147430067905,0.5971588366492032,16161.5,1,0.13439090538649445,1,Full Recovery
2021-08-10,-0.013604325652782912,65.63849204707151,0.0,0.49006053447582243,0.12347307242392969,1.5460955882416139,0.6135336068997521,3.6045677880360394,1.0606899336823497,-0.5036648601286053,0.439887217364876,183.0938565347581,0.10986874677114677,-0.3461233501561467,0.0,15912.684551418104,0.6291220078083802,-0.0033815822453320266,0.5526321318185312,1.1313125627436074,-2.817236222815822,2.741326234613828,0.31641414494094633,0.5931252741488896,16236.119921875,1,0.013208706805212245,1,Full Recovery
2021-08-11,-0.34459429327406976,66.45012736199209,0.79302445830578,-0.12009017324106086,0.13439090538649445,0.7938242467802281,0.014300732145433592,2.958130901195588,0.9793500466160201,-0.2245041200330089,0.866385899382971,180.38814180928995,-0.2102033878875753,0.12347307242392969,0.10000038146972656,15939.900481637133,0.5730933938890007,-0.08898653754988439,-0.03382926025148336,0.6476834010650204,-3.03760447309126,3.389014079004049,0.7319949939964765,0.5851772772884362,16265.98984375,1,0.5045395484346349,1,Full Recovery
2021-08-12,-1.4732614845025638,66.5339096207234,0.0,-0.6451261304224132,0.013208706805212245,0.22018725316477195,-0.6319174236172009,2.7015336834736337,0.94423406872245,-0.8281353540801506,-0.13685189885166427,178.0460562347175,-1.4600527776973515,0.13439090538649445,0.0,15965.259705219567,0.5505466254791479,0.27127270361044786,-0.041227674916910484,0.354217368672492,-3.0580315316473983,3.6465402569843652,-0.1500606056568765,0.583061598412367,16270.6798828125,1,1.0064482340847336,1,Full Recovery
2021-08-13,-1.6108226790160218,69.65186668290245,-2.6750602011600066,-0.139649823199961,0.5045395484346349,-0.3461233501561467,0.3648897252346739,2.7643472822081128,0.9474915423331268,-1.4711728558160608,1.8159128808809655,176.1695677471714,-1.106283130581387,0.013208706805212245,-0.3400001525878906,15994.825681916267,0.5519697496608835,0.6529016999061943,-0.44670119439425005,0.4840476753199316,-2.406159689500542,3.7136105768269756,1.3113733324463306,0.582559025494782,16284.6400390625,1,0.2054024277023725,1,Full Recovery
2021-08-16,-1.6007997800061236,74.73421607575162,5.012125232780962,-0.36004133165730146,1.0064482340847336,0.12347307242392969,0.6464069024274322,3.803830864584734,0.9269864516027702,-1.240758448348822,1.345014210310902,185.659587620465,-0.59435154592139,0.5045395484346349,0.619999885559082,16034.401528394692,0.5591592941841709,1.5294746713749419,0.21200828430194552,0.620958902297419,-1.9370441933148186,4.859781667756313,0.33856597622616835,0.6032011504857265,16342.819921875,1,0.31122785775283823,1,Full Recovery
2021-08-17,-0.8008121901091569,75.63986552939302,3.6181699408017076,-0.41234152403916147,0.2054024277023725,0.13439090538649445,-0.20693909633678897,5.146202296301805,0.9327184054515855,-0.3884706660699955,-0.3086146372845655,182.98904364606926,-0.5954097624067844,1.0064482340847336,0.4700002670288086,16073.560732309901,0.5544573190652455,1.7245821753750334,-0.05831454925401269,0.6787870516473097,1.0406297388350305,4.267510057853019,-0.514017064986938,0.5944530693629095,16403.780078125,0,-0.275360231817956,1,Full Recovery
2021-08-18,0.23189734634740944,76.98857842973821,-0.3714724412567483,-0.9402805125714897,0.31122785775283823,0.013208706805212245,-0.6290526548186515,6.285144187609748,0.6549715063136639,1.1721778589188991,2.5686109817139258,180.7433039724267,0.5431252041002477,0.2054024277023725,-0.05000019073486328,16113.637686166574,0.38850337077416697,1.5289238394175175,-0.11021054830390176,0.7078926183131582,2.3868698541423594,2.9995481262495627,2.2573831239610875,0.5931607206781553,16470.680078125,0,0.0,1,Full Recovery
2021-08-19,0.48972582871993353,73.11930966325907,-3.7285608179666863,-0.5971550045803742,-0.275360231817956,0.5045395484346349,-0.8725152363983302,6.285144187609748,0.6425671387664416,1.0868808333003077,0.10219569950395968,178.73599625526975,0.21436559690197754,0.31122785775283823,-0.5,16147.357087885715,0.38356929301282566,0.24048496856692303,0.3095701224541614,0.8521877346718917,1.912569522765839,1.9069661254953907,0.37755593132191567,0.5969326313277088,16528.0,0,-0.7142898400624986,0,Full Recovery
2021-08-20,0.0,73.11930966325907,0.0,0.0,0.0,1.0064482340847336,0.0,6.285144187609748,0.6919081055240938,0.0,0.0,178.73599625526975,0.0,-0.275360231817956,-0.5,16147.357087885715,0.3879224388468298,0.035010628184295456,-0.12735064692035447,0.9508149634995952,1.912569522765839,1.6830729602107741,0.0,0.5606560115144231,16528.0,1,0.27931806783987323,0,Full Recovery
2021-08-23,-1.8455159266140608,73.11930966325907,8.597990886685182,-0.7500724442477402,-0.7142898400624986,0.2054024277023725,-1.4643622843102388,3.7490434416822094,0.7839053796219366,-1.0954434823663206,-0.2916295589891149,176.5906199353797,-2.5598057666765595,0.0,-0.5,16171.465655270356,0.4539587117890238,-0.9876832017210013,0.214757715473457,0.7551674296708528,1.1604968412422867,1.3074097014075692,0.4226602810733837,0.5790988600302365,16528.0,1,0.7768362083601765,1,Full Recovery
2021-08-24,-0.3562684399779692,74.71347316767388,-2.3537864950470166,-0.020870838507014433,0.27931806783987323,0.31122785775283823,0.2584472293328588,4.2465868649045335,0.7883495930281217,-0.33539760147095476,1.7044263339215382,175.04046956899535,-0.07695037213809597,-0.7142898400624986,-0.3300008773803711,16195.538511824403,0.45634408770549273,-0.4369669128026499,-0.17170655983431704,0.792354960200737,0.5640008561086152,1.4650975274091538,1.425108266081665,0.5788600535376686,16528.0,1,0.06045728309951315,1,Full Recovery
2021-08-25,0.5037661033258312,78.53659061469982,-3.652301061546126,0.896377021424799,0.7768362083601765,-0.275360231817956,1.6732132297849756,5.5768087611512085,0.8592211091525463,-0.39261091809896786,-0.23998473421164013,179.87152544937922,1.2806023116860077,0.27931806783987323,-0.5,16227.32081534667,0.4977915154278132,0.33647477836031836,-0.2632447417281303,1.0691252965572864,0.0,2.1160804188299798,-1.0168209425718167,0.5793520550639929,16528.0,1,0.013525983096518424,1,Full Recovery
2021-08-26,-0.3887193268989897,78.80722369574633,2.3502686086339653,-0.41286729592794336,0.06045728309951315,0.0,-0.3524100128284302,5.889785586929008,0.8559426745583659,0.024147969028953664,0.725657219574205,178.0681892436282,-0.32826204379947654,0.7768362083601765,0.3100004196166992,16257.493376478398,0.49592911994969713,1.1194212371964385,0.05248522913487985,1.0462976468294152,0.024377617665227724,2.1643224408481654,0.6651999364746919,0.5793952499447274,16528.0,1,0.41052615884800137,1,Full Recovery
2021-08-27,-0.533394322093661,78.87145093099136,0.29629601372613834,0.07443255553378769,0.013525983096518424,-0.7142898400624986,0.08795853863030612,5.440649649910045,0.8456555534370557,-0.6078268776274487,-0.12571212324899994,176.50829786531105,-0.5198683389971426,0.06045728309951315,0.039999961853027344,16285.597599748517,0.488377148220503,0.851402444323357,-0.06042204676184326,1.0409445455526845,0.024377617665227724,1.6652000286922375,-0.13923810634551836,0.5775130857368497,16568.619921875,1,1.3519836521704187,1,Full Recovery
2021-08-30,0.9711594147910896,80.77599354536524,-0.9601190163011419,-0.3817478769750471,0.41052615884800137,0.27931806783987323,0.02877828187295428,5.976948786790803,0.6971613384915772,1.3529072917661367,0.7893376136981489,175.24745710826937,1.381685573639091,0.013525983096518424,-0.13000011444091797,16316.679201156034,0.4034521390841412,0.4848213567173465,0.07557322133944222,0.6022892793881855,-0.26849062014666636,1.0653914220174476,0.37881145485014756,0.5787069889551819,16619.559765625,1,1.1880446175423387,1,Full Recovery
2021-08-31,0.6109218576885622,85.44746910326448,-0.6711420851004513,0.6684840555303051,1.3519836521704187,0.7768362083601765,2.020467707700724,6.584139053806282,0.9922501438733847,-0.05756219784174288,-0.5845291336101233,193.2820383479997,1.962905509858981,0.41052615884800137,-0.09000015258788885,16362.18820708892,0.5651292233103393,1.781825188174957,-0.8892078263128544,1.0035033281358845,0.0,2.2218129066934322,-1.936512785780542,0.5695431002963172,16706.480078125,0,-0.326573477436376,1,Full Recovery
2021-09-01,-0.328491093197103,88.19814128706089,9.009014943189065,-0.9763279825256932,1.1880446175423387,0.06045728309951315,0.2117166350166455,6.20832396974722,1.1443782515785734,0.6478368893285902,1.351539538395019,205.75235771409967,0.8595535243452357,1.3519836521704187,1.2000007629394513,16419.226059804554,0.6432341788652832,2.9771100174651677,-0.11619015864269278,1.2159288915860846,-0.8499234374146014,3.1153300202487966,0.16349492085268036,0.5620817923300779,16808.0,1,0.9246783727399066,1,Full Recovery
2021-09-02,0.15298808469687009,83.4720363457242,-2.2727332436406567,0.7375513327629979,-0.326573477436376,0.013525983096518424,0.4109778553266219,5.027740086182897,1.1352269243442665,-0.5845632480661278,-1.3299007094250137,201.08704335221933,-0.1735853927395059,1.1880446175423387,-0.3300008773803711,16467.89449981903,0.6485862434376165,2.221169447853888,-0.5646345469667802,1.3960175185700459,-0.5116936642006853,3.0623754973181816,-1.0033272319886377,0.5713273966777456,16896.319921875,1,0.5190230833697296,1,Full Recovery
2021-09-03,0.04356078065335112,85.7868137585241,0.3523621720467496,-0.22200168411996568,0.9246783727399066,0.41052615884800137,0.7026766886199409,5.766025577636369,1.1963664748213896,0.2655624647733168,1.6704556698084128,206.81825658233979,0.9682391533932577,-0.326573477436376,0.05000019073486328,16524.65419543429,0.6661107146682627,1.7901996355161875,-0.015886581513890885,1.2519528333225147,0.2941150346291277,4.015370993973888,0.7457772970685062,0.5567781516512926,17015.769921875,1,0.31287476677577253,1,Full Recovery
2021-09-06,-0.33124156644197544,86.905615198911,2.106742946325957,-0.7094840619369824,0.5190230833697296,1.3519836521704187,-0.19046097856725286,6.6842347120207535,0.9671697343711656,0.378242495495007,0.6081217081427948,202.7181179442776,0.18778151692775413,0.9246783727399066,0.3000001907348633,16583.835337207674,0.539804976760316,1.1171968536037413,0.09481196654548274,1.2765560844958523,0.14683690087500256,5.307435089358981,0.08909862477306518,0.5581284830160338,17139.45,0,-0.09035189246697772,1,Full Recovery
2021-09-07,-0.34118268410721075,87.54536391131317,3.9202179939454185,-0.7720520157608379,0.31287476677577253,1.1880446175423387,-0.4591772489850654,6.88604727599833,0.9782712588302627,0.4308693316536272,1.5015314906931199,198.85943659337389,-0.028307917331438226,0.5190230833697296,0.5699996948242188,16642.647592321922,0.5382461035665486,1.7659075104311528,-0.08185581908923822,1.119478256743151,0.4876878105952942,5.342674358662891,1.1886567239173473,0.5502012847768956,17228.8,0,-0.049530929832686255,1,Full Recovery
2021-09-08,-0.5601323207766074,86.23105904555237,-1.3898083581634912,-0.2472930349648239,-0.09035189246697772,-0.326573477436376,-0.33764492743180163,6.6461509816372555,1.0516899537553726,-0.31283928581178344,-1.3096130203989143,195.49431119342384,-0.6504842132435851,0.31287476677577253,-0.21000003814697443,16695.940334325853,0.5621570339908757,0.7424167472717569,0.1582330244937591,0.933756963949165,0.563310144310103,4.436197065366354,-1.2192611279319365,0.5345273403804585,17274.780078125,1,0.09075978909154347,1,Full Recovery
2021-09-09,-0.2138908614735091,85.47417522385129,-3.288589152101573,0.8705119510599824,-0.049530929832686255,0.9246783727399066,0.8209810212272961,6.579250410723336,1.080370864859944,-1.0844028125334915,-0.7813773919582045,192.56640303430063,-0.26342179130619536,-0.09035189246697772,-0.4899997711181623,16744.64845770912,0.5713313036597236,0.17259917857266327,0.383535952490921,0.7924571273997136,0.12245710217557715,4.321398962373935,-0.7318464621255183,0.5288288699138071,17330.230078125,0,0.0,1,Full Recovery
2021-09-10,-0.22735447161047473,85.72136959190361,-3.2616257599282106,-0.32194049995097895,0.09075978909154347,0.5190230833697296,-0.23118071085943548,6.140460911422507,1.066732222781411,0.09458602834050422,0.357866225166914,190.04988262972688,-0.13659468251893125,-0.049530929832686255,-0.4700002670288086,16790.915238619556,0.5656382227407232,-0.04920519781320687,0.5431196681465522,0.48231742213480544,-0.3176863617668113,4.40195945266153,0.26710643607537055,0.5302532449607622,17357.25,0,-0.0803098507419775,0,Full Recovery
2021-09-13,0.0,85.72136959190361,0.0,0.0,0.0,0.31287476677577253,0.0,6.140460911422507,1.1027419001436882,0.0,0.0,190.04988262972688,0.0,0.09075978909154347,-0.4700002670288086,16790.915238619556,0.5821194890173601,0.04118390509140202,-0.3401583511103312,0.3150279019129876,-0.3176863617668113,3.975114409319147,0.0,0.5278837131619242,17357.25,1,0.1423151293159064,1,Full Recovery
2021-09-14,0.40969359585553144,85.72136959190361,0.6456252173388854,-0.49597819318191183,-0.0803098507419775,-0.09035189246697772,-0.5762880439238893,4.783237161217047,0.928665049200768,0.9056717890374433,0.9404573085763701,187.56291657687825,0.32938374511355395,0.0,-0.4700002670288086,16835.800097680003,0.4883520485150985,0.01037704929840455,-0.018633077052443436,0.14406209600499228,-1.1890266310492503,2.505751152018454,1.0207671593183476,0.5258645717770037,17357.25,1,0.802354538262362,1,Full Recovery
2021-09-15,0.09348005179243835,86.181945667789,-3.2074113886660593,0.24497490293542423,0.1423151293159064,-0.049530929832686255,0.38729003225133063,4.606794076416465,0.7652845415414219,-0.1514948511429859,0.8593847469715366,185.7278610332944,0.23579518110834474,-0.0803098507419775,-0.44999980926513494,16876.11120155556,0.35998789875007237,0.06189098550599681,0.022444797782550374,0.18255613886790406,-0.8037063322393068,1.4464038042401484,0.7170696176556302,0.4703974523625722,17357.25,1,0.6281634763507293,1,Full Recovery
2021-09-16,-0.26838422909059023,88.44764772514262,1.1045627347053388,-0.14904079061384135,0.802354538262362,0.09075978909154347,0.6533137476485207,5.737269827333891,0.7917531477928476,-0.11934343847674889,1.8167427818466697,191.2370082080216,0.5339703091717718,0.1423151293159064,0.14999961853027166,16923.76586949589,0.37270984391322515,0.8647421088993523,0.14957765941774337,0.6834076597870328,0.19568985877502776,2.595413037112948,1.0143882435843077,0.4707399583734459,17357.25,0,-0.2515647600612625,1,Full Recovery
2021-09-17,-0.6043558944582417,89.86060683669939,4.952660800052899,1.587042565243646,0.6281634763507293,0.0,2.2152060415943753,5.737269827333891,0.6770111730894989,-2.1913984597018876,-0.6174602076326918,192.16517794695193,0.02380758189248766,0.802354538262362,0.6800003051757812,16976.042471755452,0.322058823959256,1.5799162584738013,-0.2889297396876933,0.7619018454768818,-0.6619280502660918,2.293989552221043,-1.2456236839834212,0.47570680764670287,17357.25,0,-1.0705054879733056,1,Full Recovery
2021-09-20,-0.6883009006352969,85.33113022972735,5.690490655844682,0.6321082603023664,-0.2515647600612625,-0.0803098507419775,0.38054350024110395,6.897361117443235,0.7130476113632164,-1.3204091609376634,-0.57443556364426,189.99002140819138,-0.9398656606965594,0.6281634763507293,0.8199996948242188,17021.161576856903,0.3364322108651545,1.1803819943901006,0.17279843285649132,0.949397548895633,-0.6619280502660918,1.5097946566974274,-0.32287080358299747,0.4718229265934332,17493.880078125,1,0.949017386246398,1,Full Recovery
2021-09-21,-0.7260649665823515,69.35156948002265,14.839135238411071,-0.6915035564788896,-1.0705054879733056,0.1423151293159064,-1.7620090444521952,5.458454482747355,0.9503112499978482,-0.03456141010346192,-0.6913700328222916,201.35595214751572,-1.7965704545556571,-0.2515647600612625,2.260000228881836,17048.994081580466,0.5046136337342029,-0.6995016030175383,0.178339211426648,1.3139788152234608,-1.3506950767923298,0.10990809260287282,0.379135455151014,0.5309982741342001,17502.2,0,-0.08740239935656202,1,Full Recovery
2021-09-22,0.3398878634476965,73.95766558206604,-5.546022447388966,-0.7063152754037016,0.949017386246398,0.802354538262362,0.24270211084269633,5.638634389103592,1.0650240249076623,1.0462031388513982,1.9378503275010672,208.22977311117998,1.2889052496940945,-1.0705054879733056,-0.9699993133544922,17086.994519981912,0.5822308268801624,-0.3828809665617272,-0.05034424677480276,1.472353177155078,-1.227596380111684,1.1513606944004717,0.9888329412546693,0.5466832795853027,17538.6,1,1.5746528367181822,1,Full Recovery
2021-09-23,0.4746844049038135,72.86129442132253,-0.1816022143716678,-0.6946466137480845,-0.08740239935656202,0.6281634763507293,-0.7820490131046465,5.482531815119995,1.0638625507990418,1.169331018651898,0.9322118386941636,203.8613372171892,0.38728200554725145,0.949017386246398,-0.030000686645507812,17121.043102992513,0.5835493448688073,-0.21893472131193636,0.18151908845411846,1.354142573093127,-0.8789077597612605,1.113034204195129,1.0196142380507256,0.5485194909099216,17544.040234375,1,0.16972499684944076,1,Full Recovery
2021-09-24,-1.2519990529485492,78.91925845872801,0.6670746626948221,0.6639733860923869,1.5746528367181822,-0.2515647600612625,2.238626222810569,7.129025240743436,1.2439904086466365,-1.915972439040936,1.0829837839321899,225.4016354840635,0.32265378376963305,-0.08740239935656202,0.1100006103515625,17173.03614860418,0.7440607517585948,2.4489927432969294,0.11139190565248036,1.6057960575231942,-0.44422582216750994,2.612082955510453,-0.4916690527859924,0.5981241868606327,17582.730078125,1,0.010644538279747096,1,Full Recovery
2021-09-27,-0.8049574948502003,79.45985357264037,1.92770896066623,-0.014586794990245622,0.16972499684944076,-1.0705054879733056,0.15513820185919514,6.872111999188135,1.2688432616265295,-0.7903706998599547,0.7777720955666867,219.1523497111881,-0.6352324980007595,1.5746528367181822,0.31999969482421875,17223.41859824461,0.7393749912835936,1.6581210497095933,-0.04724809048004541,1.5551136285475662,-0.3731381169952419,2.7862413100738337,0.6080470987172459,0.5827157802051176,17636.33984375,0,-0.596468249015425,1,Full Recovery
2021-09-28,-0.9375729538376065,79.49542809866725,6.678482007513731,0.8906152552613067,0.010644538279747096,0.949017386246398,0.9012597935410538,5.457716948958202,1.2577197627450725,-1.8281882090989132,-2.88074915944021,213.73883589552952,-0.9269284155578594,0.16972499684944076,1.1299991607666016,17270.209784254268,0.7350290074494866,1.7578809167748677,-0.03670044788598448,1.1773366414249693,-0.39830683272423784,2.879805048754691,-2.8913936977199572,0.5844139760668592,17727.9796875,0,-0.21015082285871234,1,Full Recovery
2021-09-29,0.701714626044958,71.97239529301555,2.7146908541731074,0.0037479864947620456,-0.596468249015425,-0.08740239935656202,-0.5927202625206629,3.597905807389812,1.3012339183415433,0.697966639550196,-2.204696770858916,211.27272418237584,0.1052463770295331,0.010644538279747096,0.4900016784667969,17305.646067596546,0.7864849361840619,-0.4171566022125206,0.016806542024006,1.3629281139067098,-0.7208573672064955,2.1208262909953923,-1.608228521843491,0.604414721264209,17765.299609375,0,-0.5259376020738893,0,Full Recovery
2021-09-30,1.8567580681207785,69.4920276915592,1.618118782342104,-0.3221945284541117,-0.21015082285871234,1.5746528367181822,-0.532345351312824,3.718912414903741,1.2728131617077283,2.17895259657489,0.12116708365539353,206.71809533305893,1.6466072452620661,-0.596468249015425,0.2999992370605469,17335.69456490421,0.7670975634061952,-0.7948067781094026,0.4578341392434959,1.3958171924173208,-1.4285665964423933,1.0950775912217159,0.33131790651410586,0.6026788427059492,17798.2296875,0,-0.48869834497958786,0,Full Recovery
2021-10-01,0.9532199172014311,63.597309927818564,-2.335459291369346,-0.3163330605235437,-0.5259376020738893,0.16972499684944076,-0.842270662597433,2.228134206191501,1.2442106164890196,1.2695529777249748,-0.7217384430510787,203.3211682990677,0.4272823151275418,-0.21015082285871234,-0.44000053405761363,17356.617218661304,0.7675643458403343,-1.3270674705482266,0.21398594262242998,0.5668677151788377,-1.5369333900336901,-0.06437850974219117,-0.19580084097718942,0.6169086933865486,17757.269921875,1,0.9080467581137563,0,Full Recovery
2021-10-04,1.3261530895618878,58.64550059664831,-6.467394340917243,-0.043579256431158786,-0.48869834497958786,0.010644538279747096,-0.5322776014107466,1.203278629010751,1.2852930006313816,1.3697323459930466,-0.7062876484526637,199.58774690085858,0.8374547445823,-0.5259376020738893,-1.1900005340576207,17369.612297371576,0.7796374880498997,-1.2200896571615494,-0.09095077745976399,0.4308794530086733,0.399500250836593,-0.3019570955919093,-0.2175893034730758,0.6065834697134309,17693.040234375,1,0.7407660919946268,1,Full Recovery
2021-10-05,0.6326400144760269,64.19654321445358,-2.7309665215411782,0.04223309798694341,0.9080467581137563,-0.596468249015425,0.9502798561006998,1.8037335258682452,1.1867346125891247,0.5904069164890835,0.9935045958853195,205.99677648074402,1.5406867725897833,-0.48869834497958786,-0.4699993133544922,17393.437312381087,0.7353367056129315,-0.11320897034974298,-0.1377730454932613,1.0128941478919673,0.574864700281208,1.6919658258986336,0.08545783777156313,0.6196302843901704,17660.2703125,0,-0.9892144870289554,0,Full Recovery
2021-10-06,-1.241362812779534,68.00396759884606,-2.03106426067281,-0.311402200431421,0.7407660919946268,-0.21015082285871234,0.42936389156320587,2.650607831016627,1.153384565654133,-0.929960612348113,1.1904303840599484,207.88551097081145,-0.5005967207849071,0.9080467581137563,-0.3400001525878906,17425.20497674175,0.7134573445127091,1.158750414195775,0.5673474863940209,1.0861500383487062,1.0265394629681568,1.482181877064126,0.44966429206532155,0.6185771560006431,17675.010546875,1,0.8180302016037588,1,Full Recovery
2021-10-07,-0.8854979427880161,58.92556589695923,5.670733700048247,0.4077466863039447,-0.9892144870289554,-0.5259376020738893,-0.5814678007250107,1.6855389402714138,1.2151949648499718,-1.2932446290919608,-1.318073473672432,215.4382136747032,-1.8747124298169715,0.7407660919946268,0.9300003051757812,17441.560163649767,0.798640924950611,0.6499480304486882,-0.012870347313176378,1.237222083753239,1.0744635188837615,0.5662027062901975,-0.32885898664347657,0.6572121741203,17661.950390625,1,0.5893622760496431,1,Full Recovery
2021-10-08,-0.12483185251461748,63.251329971008,-6.751298796565363,-0.20064863362199148,0.8180302016037588,-0.48869834497958786,0.6173815679817674,2.424397192596106,0.9967022539341391,0.075816781107374,1.7905529375275897,217.8199661743261,0.6931983490891414,-0.9892144870289554,-1.1700000762939453,17467.396418888675,0.6635452595074596,0.5601617148307758,0.26393747439412696,1.2490856052887058,2.0896223334575525,-0.18290805284181255,0.9725227359238309,0.6657407031926262,17696.390234375,1,0.28359561343596074,1,Full Recovery
2021-10-11,-0.9148652219592712,66.04830499814858,-3.1559420402068272,-0.5309538835344796,0.5893622760496431,0.9080467581137563,0.0584083925151635,2.424397192596106,1.0316311527467135,-0.38391133842479164,1.9553869035050297,214.68738474691574,-0.32550294590962814,0.8180302016037588,-0.5100002288818377,17499.0855151747,0.6893849363235511,0.4090293301339143,0.09363254791869835,1.1202518823225294,0.820695942721672,0.23525195392370968,1.3660246274553867,0.6682474975526899,17769.019921875,1,0.25632525445875576,1,Full Recovery
2021-10-12,0.4091442523596944,67.34388831919034,2.811505078483445,1.0891258759162303,0.28359561343596074,0.7407660919946268,1.372721489352191,3.4032739907228438,1.0946662259346547,-0.6799816235565359,-3.3570979101423037,209.99033240566024,0.6927398657956552,0.5893622760496431,0.44000053405761896,17532.186530254352,0.6941126542975292,1.6998142284370354,0.6358406373169645,1.0522835250601692,1.1431388302322265,0.5088160321844226,-3.6406935235782645,0.6340861147839023,17819.959765625,1,0.943759784921161,1,Full Recovery
2021-10-13,-0.16155786053602128,68.51660190617972,-1.4916082588076418,0.33828263433233197,0.25632525445875576,-0.9892144870289554,0.5946078887910877,3.520996655638675,1.0838614778997397,-0.49984049486835325,-0.881750046940577,205.9808870432387,0.09476739392273448,0.28359561343596074,-0.2399997711181623,17566.243025698474,0.6568486970972358,1.1331964452725662,0.12854488767619632,0.9904950990354429,1.214378431218699,1.3710918874211275,-1.1380753013993328,0.6060264253155881,17853.889453125,1,0.9734787740718787,1,Full Recovery
2021-10-14,-0.6006091366130839,72.4495856785498,1.5772870282847018,-0.647168706321577,0.943759784921161,0.8180302016037588,0.296591078599584,3.6662156054688255,1.1213348251189397,0.046559569708493065,1.1925854429699179,213.2647062708064,0.34315064830807707,0.25632525445875576,0.24999999999999822,17610.354653424514,0.6893999296090305,1.489509996461602,0.10781965705335406,0.43289677654835296,1.1619218717950464,2.5432870477072322,0.2488256580487569,0.6148029242057764,17957.039453125,0,0.0,1,Full Recovery
2021-10-15,-0.6379746070797943,75.83462194860788,-2.049688918553494,0.8516412864459699,0.9734787740718787,0.5893622760496431,1.8251200605178486,4.021956273575533,1.0758112569634828,-1.4896158935257642,1.3015223764473616,220.62855012219876,0.3355041669920844,0.943759784921161,-0.3299999237060547,17664.29510733751,0.6635896771107652,2.1876890306242958,-0.23528814838668088,0.4730343195676687,2.392111563387145,4.088967199464588,0.3280436023754829,0.6168272294121466,18066.6796875,1,0.7552396132719963,1,Full Recovery
2021-10-18,0.0,75.83462194860788,0.0,0.0,0.0,0.28359561343596074,0.0,4.021956273575533,0.9853230301628424,0.0,0.0,220.62855012219876,0.0,0.9734787740718787,-0.3299999237060547,17664.29510733751,0.6060829537392358,1.926425860177483,-0.41337121438153046,0.6096873239574451,2.392111563387145,4.600146383687909,0.0,0.615110918031153,18066.6796875,0,-0.3155307734996393,1,Full Recovery
2021-10-19,-1.6409296924902117,75.83462194860788,8.941026039843635,0.11892047544872497,0.7552396132719963,0.25632525445875576,0.8741600887207213,6.208866903710519,0.954739166380289,-1.7598501679389367,1.5708555930585177,215.22281510063561,-0.8856900792182154,0.0,-0.3299999237060547,17728.932524703156,0.5951467022273107,1.7360704846724584,0.014527335144509657,0.6546722872980161,0.6879576757940375,4.441748215925956,0.8156159797865215,0.623360518861106,18066.6796875,0,-0.8260625212080042,1,Full Recovery
2021-10-20,-1.1493798529909283,72.18197099169302,1.164137671933374,-0.048090699903113876,-0.3155307734996393,0.943759784921161,-0.3636214734027532,4.878430702653458,0.9995244751185709,-1.1012891530878144,2.2034711987593436,211.08477308721706,-1.4649106264905676,0.7552396132719963,0.1999988555908203,17780.030115465885,0.6280952282220351,0.43732582637880935,0.30610792832146405,0.8943651828921825,0.8814902277338721,3.3466454531925205,2.519001972258983,0.6283940451258819,18066.6796875,0,-0.4844908296702255,0,Full Recovery
2021-10-21,-0.6130015006028056,63.57569717591751,5.350980150074758,0.7696620173674562,-0.8260625212080042,0.9734787740718787,-0.056400503840547955,4.103057864164561,0.9030639997314506,-1.3826635179702618,-0.6994780416846647,215.40458849850458,-1.4390640218108097,-0.3155307734996393,0.9300003051757812,17816.072300199892,0.5910004145426617,-0.39234927957647603,-0.15337785702385087,1.0674737460645116,0.34213883335887374,3.516942136319856,0.1265844795233395,0.6544391257187803,18066.6796875,0,-0.3476668084567369,0,Full Recovery
2021-10-22,0.43229902890087324,59.157442976754396,-1.4745961676145947,1.7801016515904933,-0.4844908296702255,0.0,1.2956108219202678,1.9926578158645958,0.9300485442846158,-1.34780262268962,-2.532646522801707,210.9214428445371,-0.05219180076935226,-0.8260625212080042,-0.26999855041503906,17842.88913791657,0.6187371122627192,-1.6179593562537953,-0.4138778416967748,0.9421120684707069,-0.8429727479757565,2.179552445645405,-2.0481556931314815,0.6652739966876039,18066.6796875,1,0.0579633328010587,0,Full Recovery
2021-10-25,-1.207030291045963,56.156139350640125,-2.716195419064771,1.080735156477719,-0.3476668084567369,0.7552396132719963,0.7330683480209821,1.4658502863741818,0.9344620300381555,-2.287765447523682,-1.4450044061909861,206.95178431943194,-1.5546970995026999,-0.4844908296702255,-0.4900016784667969,17863.038119598677,0.6270723026733513,-1.6496755174754019,0.07513213904473126,0.923148181906811,-0.8429727479757565,1.2277101204037244,-1.0973375977342492,0.6710516665447613,18291.080078125,1,0.7889480889700096,0,Full Recovery
2021-10-26,-0.09954703624568406,56.550548616336854,0.34188818176306146,2.0964755978155836,0.0579633328010587,-0.3155307734996393,2.1544389306166423,1.5138575934243281,0.9325285882607378,-2.1960226340612676,-1.0997425237528224,203.52541359767406,-0.041583703444625364,-0.3476668084567369,0.060001373291015625,17882.472361896926,0.6247412920450747,-0.7729912614799495,0.17136874261038937,0.4958378990497466,1.4641344449014992,0.9999536368213269,-1.1577058565538811,0.6699433130699284,18220.75,0,-0.31448386638428527,0,Full Recovery
2021-10-27,-0.5967430523352135,61.61498846774553,-4.8835921666353315,-0.6775127734675257,0.7889480889700096,-0.8260625212080042,0.11143531550248387,2.9286861650506646,0.9720068194606685,0.08076972113231218,0.4483683431863561,207.63429204506716,0.19220503663479604,0.0579633328010587,-0.8600006103515625,17911.05962328419,0.6610741938780686,0.4967558941278316,0.12827615927200053,0.9648504957584536,1.116502611539838,1.536527079494543,-0.34057974578365346,0.6801127117067699,18190.680078125,0,-1.94223384240636,0,Full Recovery
2021-10-28,1.1991929237231025,58.65688309815464,0.4776114848122681,-0.5680683872072545,-0.31448386638428527,-0.4844908296702255,-0.8825522535915398,2.821071380759066,0.9071299044525843,1.767261310930357,0.9713425292188216,204.2309853973912,0.8847090573388172,0.7889480889700096,0.07999992370605469,17933.27366739277,0.6121029031874168,0.5302200180725691,-0.26767435639024617,0.7990993740981673,0.6575753744112234,0.2708947031536013,1.2858263956031069,0.6747687404992814,18179.55,0,-1.0393515763905459,0,Full Recovery
2021-10-29,-0.28314452554510927,44.494075684725786,6.417111875234238,-1.3982537398206762,-1.94223384240636,-0.3476668084567369,-3.3404875822270363,1.357120946715451,1.0212295429205498,1.115109214275567,-1.662625517136207,236.06491651107254,-2.2253783679514694,-0.31448386638428527,1.0799999237060547,17927.642284622932,0.7827370281333021,-1.4794177499311667,0.21512172470654622,1.274485427375059,0.9715849979819335,-2.6245300786913783,0.2796083252701531,0.7664653196309608,18115.380078125,1,1.459965505750782,0,Full Recovery
2021-11-01,1.7559386828965629,39.151979176558314,-2.680064468597332,0.043768447646352904,-1.0393515763905459,0.0579633328010587,-0.995583128744193,0.79625373618184,1.028189638965168,1.71217023525021,-1.446002531695989,241.1173091533464,0.716587106506017,-1.94223384240636,-0.4799995422363281,17908.679922104566,0.8124019678827785,-3.2665695257382277,-0.3368420753009471,1.2845607460197153,0.5085954948324645,-3.6366035603362046,-0.40665095530544315,0.7901285297891252,18026.730078125,0,-0.22700482713416958,0,Full Recovery
2021-11-02,-0.2343995338222271,48.42237380993054,-1.0900776289785696,0.19704118063730292,1.459965505750782,0.7889480889700096,1.657006686388085,1.3475610294637175,1.1693067359391711,-0.43144071445953003,2.5611218076797337,255.32143485998338,1.225565971928555,-1.0393515763905459,-0.1900005340576172,17910.23329014312,0.9409428752651177,-1.5446686756743877,0.17526843365835987,1.602563140620333,-0.721508029212603,-2.9625961258951894,1.1011563019289516,0.8047014921131319,17987.580078125,0,-0.33400508475575075,0,Full Recovery
2021-11-03,-0.1733667120935145,47.200653844434875,-1.0440853107047676,0.6663430122259784,-0.22700482713416958,-0.31448386638428527,0.4393381850918088,0.37396090615930966,1.1903974014723713,-0.8397097243194929,-0.3192078138282817,245.13050917031893,-0.4003715392276841,1.459965505750782,-0.18000030517578125,17908.656692262146,0.9411581966782715,0.1775145599126393,-0.13132061270326734,1.4902828383556446,-0.5040784571335055,-2.876420936545643,-0.09220298669411209,0.7906252108708721,17911.68984375,1,0.4913376165984751,1,Full Recovery
2021-11-04,-0.4156475262326875,45.39013620480334,-5.451350142374745,-1.0090537435604952,-0.33400508475575075,-1.94223384240636,-1.343058828316246,1.0381911977218605,1.1625787485449974,0.5934062173278076,-0.0007106845424598163,236.21870690594258,-0.7496526109884383,-0.22700482713416958,-0.9300003051757812,17902.77095348347,0.922547951305561,0.8915343198990788,-0.15756356605073352,1.5434769543232103,-0.5565045892661491,-2.3945364762936627,0.33329440021329093,0.793535880768421,17835.33984375,0,0.0,1,Full Recovery
2021-11-05,-0.060036510866412485,48.508649869586336,-2.3558535681197257,-0.055709219587241066,0.4913376165984751,-1.0393515763905459,0.435628397011234,0.7107851990067804,1.2679745672845255,-0.004327291279171419,0.44673503648613444,228.6119470268168,0.4313011057320626,-0.33400508475575075,-0.37999916076660156,17903.810199984695,0.9449435367817431,-0.07166681499667371,-0.3700836474209046,1.1862602623195724,-0.505169800371208,-1.437437541547193,-0.04460258011234064,0.7452385568573524,17847.25,1,0.8469704042186388,1,Full Recovery
2021-11-08,0.0,48.508649869586336,0.0,0.0,0.0,1.459965505750782,0.0,0.7107851990067804,1.2660986855208118,0.0,0.0,228.6119470268168,0.0,0.4913376165984751,-0.37999916076660156,17903.810199984695,0.942874212154509,0.15569143921996265,0.05723416707579254,0.9300206381761653,-0.505169800371208,-1.0935727224728353,0.0,0.7447083097160362,17847.25,0,-0.1344921435271762,1,Full Recovery
2021-11-09,-1.5420435602884863,48.508649869586336,3.74603271484375,-1.1892353246110043,0.8469704042186388,-0.22700482713416958,-0.34226492039236556,0.683171232714197,1.3024700398350337,-0.352808235677482,1.2681790684675676,221.38685568797467,-0.6950731560698475,0.0,-0.37999916076660156,17916.911807331275,0.9899462533717293,1.3424695050144875,-0.38535159927367557,0.6188659101244857,0.5329487093237439,-0.313646088637054,0.4212086642489288,0.7600529938998561,17847.25,0,-0.14991358050348014,1,Full Recovery
2021-11-10,0.332670613430619,47.567520119286044,-2.080784268132596,-0.04160599362017514,-0.1344921435271762,-0.33400508475575075,-0.17609813714735134,0.29068991143825773,1.2612133761611501,0.37427660705079413,0.09152556657099353,215.92760826291104,0.1981784699034428,0.8469704042186388,-0.3400001525878906,17926.344266047476,0.9475393662181443,0.7113391520397805,-0.36742717476164755,0.5994146739326425,0.5307536838516924,-1.2269842232056072,0.22601771009816973,0.7512918781246355,17847.25,0,-0.7970140510272006,0,Full Recovery
2021-11-11,0.3848030796369195,46.48633543138231,1.9374966621398926,-0.7278141623609846,-0.14991358050348014,0.4913376165984751,-0.8777277428644648,-0.7959077800872683,1.2592062766466567,1.1126172419979041,-0.25730024411403374,211.1601927861892,0.23488949913343937,-0.1344921435271762,0.3099994659423828,17933.07426254396,0.9451995420592301,0.5603591775439565,0.34672543511240494,0.5665992261598244,1.6788381192780921,-1.0639203792876195,-0.1073866636105536,0.7506312186200609,17847.25,1,1.2820606684330382,1,Full Recovery
2021-11-12,-0.5939415226194789,41.14048381361466,0.24525393523691097,-0.3895920153786925,-0.7970140510272006,0.0,-1.186606066405893,-2.535375763445724,0.9821607810344922,-0.20434950724078638,-0.3899475947436226,214.0678480709476,-1.3909555736466794,-0.14991358050348014,0.04000091552734375,17928.668732679595,0.7459557371218528,-1.0789530064431285,0.31021660751191504,0.7761320496260059,3.2398455822375327,0.09155726315641655,0.40706645628357796,0.7595047078116223,17847.25,1,0.03700663573213969,1,Full Recovery
2021-11-15,-0.8676313375860278,50.85316568596608,-6.911315523402706,-0.8330112224433694,1.2820606684330382,0.8469704042186388,0.4490494459896688,-2.535375763445724,0.9480241108973586,-0.03462011514265839,2.1039223818348773,228.14735374482103,0.4144293308470104,-0.7970140510272006,-1.130000114440918,17941.563641369998,0.7437515056644451,0.3242030009559915,-0.11128543858798245,1.0231994032806384,3.2398455822375327,2.4394982915896923,0.8218617134018391,0.7845280484118065,18021.269921875,0,-0.6087981951756416,0,Full Recovery
2021-11-16,1.4127522553241123,51.107178611220014,1.642575529657364,-0.1170419497008135,0.03700663573213969,-0.1344921435271762,-0.0800353139686738,-1.9895034486403618,0.7911692432579278,1.5297942050249258,0.3660654490360127,221.8736388705113,1.449758891056252,1.2820606684330382,0.25,17953.99961006481,0.6091609262776772,0.5120107674893015,0.02408241977196468,0.9522068300724534,2.7710880141660343,1.0028016397855222,0.329058813303873,0.7699502115250563,18029.449609375,0,-0.5586294529162039,0,Full Recovery
2021-11-17,-0.6474306068412261,46.81855986037523,-1.745316438934541,-0.4124593395042453,-0.6087981951756416,-0.14991358050348014,-1.021257534679887,-2.277846114692905,0.8357003916304524,-0.23497126733698082,0.4897742577838038,218.9899531669429,-1.2562288020168677,0.03700663573213969,-0.2700004577636719,17957.347729226676,0.6430587188460231,0.7027102101421212,0.12792629474958073,1.0135773426529,2.7117857397876532,0.6163022693610465,1.0985724529594454,0.7694847641603287,18020.439453125,0,-0.7478195643460861,0,Full Recovery
2021-11-18,-0.7233618547800358,43.25370428947249,-1.4473701959832108,-0.13458394912798655,-0.5586294529162039,-0.7970140510272006,-0.6932134020441905,-2.014327935239557,0.8786590609647993,-0.5887779056520492,0.04639244383071173,215.1302367551005,-1.2819913076962397,-0.6087981951756416,-0.2200002670288086,17952.999778219142,0.6621200618736351,-1.1274508534614869,0.03157941022453592,1.0678742011845659,1.7946876850182925,0.3895361256716523,0.6050218967469156,0.7535574276770532,17996.7296875,0,0.0,0,Full Recovery
2021-11-19,-0.28360774000196765,38.99694358456847,-0.8010673513089261,0.5761611076846918,-0.7478195643460861,1.2820606684330382,-0.17165845666139434,-2.2736085564843633,0.9086978377631532,-0.8597688476866594,-1.7836399689297733,216.1360202919206,-1.0314273043480537,-0.5586294529162039,-0.11999988555908203,17939.059111776984,0.6840356747584135,-1.9031414668490343,-0.2669928329889437,1.0443340603229083,-0.21077318730636785,-0.8483657426110791,-1.0358204045836872,0.7527647213856733,17974.969921875,0,-1.9603372100156835,0,Full Recovery
2021-11-22,0.0,38.99694358456847,0.0,0.0,0.0,0.03700663573213969,0.0,-2.2736085564843633,0.918856270922177,0.0,0.0,216.1360202919206,0.0,-0.7478195643460861,-0.11999988555908203,17939.059111776984,0.6840356747584135,-1.3022714769211685,-0.1150062860993506,0.4572904556389273,-0.21077318730636785,-0.8483657426110791,0.0,0.7444425165428975,17974.969921875,1,0.49836979327988473,0,Full Recovery
2021-11-23,0.20940055350817666,38.99694358456847,17.90040957296504,-0.2711820949859445,-1.9603372100156835,-0.6087981951756416,-2.231519305001628,-3.910808004780064,1.0007509245272528,0.48058264849412113,-1.466522568528339,209.80880735532406,-1.7509366565075069,0.0,-0.11999988555908203,17897.50469373802,0.8220734196979117,-2.6934969891781124,0.17283148328663955,0.7993340801839991,-0.9847642874941775,-3.6084797718065498,0.49381464148734455,0.821456567713068,17974.969921875,0,-0.5044681737814694,0,Full Recovery
2021-11-24,1.3483205029458434,43.50045899870752,2.8538812039724304,-0.11053674402921043,0.49836979327988473,-0.5586294529162039,0.3878330492506743,-4.187836728401296,1.0468569134212486,1.4588572469750538,0.07173047486015438,205.17209918711382,1.8466902962257281,-1.9603372100156835,0.5,17868.30802082224,0.8649301587156395,-1.471737145236951,0.1711984507633657,1.0429392124026047,-3.4112128749956616,-2.9976329890408326,-0.42663931841973035,0.8262162168698516,17974.969921875,1,0.6959452503032093,0,Full Recovery
2021-11-25,-0.10228414740902636,40.2455164678545,-5.105438695466713,0.9582854391273932,-0.5044681737814694,-0.7478195643460861,0.4538172653459238,-4.370439058061526,1.0737714750833927,-1.0605695865364195,-1.5157232939668752,201.19903023299847,-0.6067523211904957,0.49836979327988473,-0.9200000762939453,17834.733410483557,0.8653379654526258,-1.9687808735189827,0.023104529133499696,1.040646189618341,-3.149976783613051,-3.3420757032722404,-1.0112551201854059,0.8058865274643691,17974.969921875,0,-2.9071254187753914,0,Full Recovery
2021-11-26,0.4854331347010632,46.196510230772375,-2.573102480947431,-0.9021313981162349,0.6959452503032093,0.0,-0.20618614781302558,-1.797589214464712,1.1392971713387539,1.387564532817298,0.9552068065634689,202.22322203526505,1.1813783850042725,-0.5044681737814694,-0.4400005340576172,17812.623528225515,0.9048426403100857,0.687272814539508,0.23909815998639505,1.3049055160284613,-3.074398860658001,-1.887418408981556,0.2592615562602596,0.7942112584488406,17974.969921875,1,0.16151341742889347,0,Full Recovery
2021-11-29,4.60689772095354,31.834792627052494,24.849936540014596,-0.6771349232015389,-2.9071254187753914,-1.9603372100156835,-3.5842603419769303,-3.6510521519670047,1.168713203889645,5.284032644155079,-1.9662794526950966,254.58452940972995,1.6997723021781486,0.6959452503032093,4.1399993896484375,17754.388394190293,1.0983556731292832,-2.724623579303742,-0.15973421796482423,1.5465964622512598,-3.074398860658001,-5.945509832760221,0.9408459660802948,0.9397991477780234,17379.530078125,0,-0.41485991949720136,0,Full Recovery
2021-11-30,-1.2363755905390406,33.04400768009641,0.14423407570154367,-0.2976707236286402,0.16151341742889347,0.49836979327988473,-0.13615730619974675,-4.8840950760137725,1.1979515909997973,-0.9387048669104003,0.7646085289666926,243.37852444676565,-1.074862173110147,-2.9071254187753914,0.03000068664550426,17702.50401082435,1.107120017476028,-2.0735027823678864,0.6386074253933893,1.5618616199119726,-1.4444722163481694,-5.828448934311958,0.6030951115377992,0.9241775925454906,17307.009765625,1,1.081664117042136,0,Full Recovery
2021-12-01,0.517433040946258,31.495994872754125,1.6322619003034555,-0.3666174182789028,-0.41485991949720136,-0.5044681737814694,-0.7814773377761042,-5.063181682301687,1.198973752140947,0.8840504592251608,0.4961178064710303,233.5723201455299,0.10257312144905661,0.16151341742889347,0.3400001525878942,17649.222174374398,1.1085129199735009,-3.1537573953952514,0.09776161712855558,1.4678882273233054,0.4112195653552142,-5.6446955647983525,0.9109777259682317,0.9245514489989359,17202.9796875,1,1.3674571102433752,0,Full Recovery
2021-12-02,-2.697000640064162,39.43027618369363,-8.124701498138108,0.794206365545147,1.081664117042136,0.6959452503032093,1.875870482587283,-3.714686341204243,1.29070948800012,-3.491207005609309,1.0993401105760636,238.36743396987558,-1.6153365230220262,-0.41485991949720136,-1.7199993133544922,17613.494634837407,1.2261180796049411,0.8248999545972913,-0.005326504564728829,1.5964474864305382,0.024267770262276223,-4.088297072852365,0.01767599353392768,0.9499566640481348,17153.349609375,0,-1.177768586739425,1,Full Recovery
2021-12-03,-0.5126770240664769,47.75739584611796,-6.992290781514743,-0.9732601636611049,1.3674571102433752,-2.9071254187753914,0.39419694658227034,-2.875236471703735,1.3517108753579112,0.46058313959462804,2.0572174278133737,249.48620970097542,0.8547800861768984,1.081664117042136,-1.3600006103515625,17597.80246859945,1.3386088432500918,2.0388308151681356,-0.04397650032448297,1.6424654515670407,-0.7748176773259341,-2.044213133019146,0.6897603175699984,0.990307074921239,17126.4296875,0,-1.654091957599968,0,Full Recovery
2021-12-06,0.34314152599589365,42.29082637104816,1.9900531084299677,0.3256289073492069,-1.177768586739425,0.16151341742889347,-0.8521396793902181,-2.875236471703735,1.3601427532091541,0.01751261864668674,-0.8568008547590211,255.01267080334557,-0.8346270607435313,1.3674571102433752,0.3600006103515625,17568.091116758747,1.3706631669000258,1.2571247457563217,-0.045856976270919336,0.9904811481073998,-2.0349587730501772,-3.197905619631869,0.32096773198040385,1.0077347863156534,17160.4796875,1,1.5636548581649423,1,Full Recovery
2021-12-07,-0.21739289744889811,36.1125004111768,8.83468343286349,0.3798270411203397,-1.654091957599968,-0.41485991949720136,-1.2742649164796283,-6.3995214405900835,1.2785747908719265,-0.5972199385692378,-2.7021060354462723,270.2123771962327,-1.871484855048866,-1.177768586739425,1.629999160766598,17519.510293295134,1.3327373815982202,-1.483380137535295,0.3340782278652865,1.2447145304783584,-0.7688604109479469,-2.8955261439762903,-1.0480140778463043,1.0423616913027824,17132.13984375,1,1.7060948527881648,1,Full Recovery
2021-12-08,-1.2445310591541636,44.26473949121491,-8.067733293767866,0.9058465259197623,1.5636548581649423,1.081664117042136,2.4695013840847047,-4.807907124153122,1.3371088002534874,-2.150377585073926,1.1264596333392607,280.89508888256825,0.3191237990107787,-1.654091957599968,-1.6200008392333949,17494.116880365866,1.4405550813506793,-1.2927002142060662,0.20907465325012975,1.3186728161044527,-0.6986198808869637,-1.8662164552209037,-0.4371952248256816,1.0773656421555746,17170.83984375,1,0.2696066593683266,1,Full Recovery
2021-12-09,-0.19865394417957205,51.63050440245812,-6.446363411306633,0.1134842238712741,1.7060948527881648,1.3674571102433752,1.8195790766594389,-3.0384812428575714,1.3699896687636512,-0.31213816805084615,1.9469951910964234,294.1623478648921,1.5074409086085927,1.5636548581649423,-1.1899986267089844,17492.31192626469,1.5504456527723474,1.587809252093475,0.02295154431104507,1.3216318325100167,0.6309200242822444,0.31409164082882857,0.24090033830825863,1.1317206895688126,17231.409765625,0,-0.031677089480919296,1,Full Recovery
2021-12-10,-0.1538484686621544,52.71217801405837,-3.87956026945413,-0.8120502085699255,0.2696066593683266,-1.177768586739425,-0.5424435492015989,-1.9959605664036428,1.4216426076051287,0.6582017399077711,-0.03531577857061041,278.2965009620731,0.11575819070617221,1.7060948527881648,-0.6700000762939453,17494.129532421008,1.5362700581029254,3.5749211924788193,-0.03354931972582298,1.2488986609696497,0.9028768570468637,-0.11063021241713988,-0.30492243793893703,1.080630286221325,17254.449609375,0,-0.8169055116863166,1,Full Recovery
2021-12-13,0.007134870838210183,52.563044983562456,-3.253017488663057,0.0942389969586066,-0.031677089480919296,-1.654091957599968,0.0625619074776873,-3.267178847136487,1.0830694080687862,-0.08710412612039642,-0.018777983596651726,264.5387018754632,-0.024542218642709113,0.2696066593683266,-0.5400009155273438,17495.401476778712,1.1530709260917194,1.9479968662125202,0.28639845192213187,1.1510976314016867,0.8553330999022002,2.847637556549776,0.01289910588426757,1.064632531759387,17317.369921875,0,-0.24959111813221968,1,Full Recovery
2021-12-14,0.7187415895568261,48.73499620472333,3.1755930625238626,0.33072474365082316,-0.8169055116863166,1.5636548581649423,-0.4861807680354935,-4.092886590844424,1.1634787677786018,0.38801684590600294,0.30871020803349136,259.91914579206826,-0.09816392212949054,-0.031677089480919296,0.5100002288818359,17485.98284886918,1.2052475539279934,-0.5810043074457316,0.14656464698841187,0.9015722333554091,0.6053268876955897,1.8429794601735994,1.125615719719808,1.0358999125637607,17408.569921875,0,-0.5974060321640162,0,Full Recovery
2021-12-15,1.3141415565453785,47.60359576413107,2.2933076349659354,0.16482217143161115,-0.24959111813221968,1.7060948527881648,-0.08476894670060853,-3.746271264238099,1.155545074157861,1.1493193851137673,0.1442419016439711,248.36312687395875,1.0645504384131588,-0.8169055116863166,0.3800010681152344,17474.050814925165,1.1971481879340449,-1.0957976064786767,0.15440177575143377,0.791448678232984,0.8005774055913406,2.011995310622927,0.3938330197761908,1.03600302107726,17438.21015625,1,0.1567816750529749,0,Full Recovery
2021-12-16,0.1270830031176895,44.92211056499175,1.5929117301598072,0.3144443289262,-0.5974060321640162,0.2696066593683266,-0.2829617032378162,-3.7838048412562553,1.1338674962959276,-0.1873613258085105,-1.0119826843086877,240.5289768845143,-0.4703230290463267,-0.24959111813221968,0.26999855041503906,17455.33596868071,1.1782613016464103,-1.6555046038350674,0.2905385900869417,0.36391528847911314,0.0,0.3174714057859962,-0.41457665214467143,1.039152551230298,17388.540234375,0,-1.525945397337003,0,Full Recovery
2021-12-17,-1.0330322497172695,45.78013989961286,-7.665503759924841,-0.8116011189783223,0.1567816750529749,-0.031677089480919296,-0.6548194439253474,-2.906874087606093,1.0490425810850847,-0.22143113073894716,1.1839247947500464,231.45631382074538,-0.8762505746642946,-0.5974060321640162,-1.3199996948242205,17440.007407343248,1.0849795112284424,-0.6900500014394129,0.21591830137848156,0.336487848464605,0.8948071589739204,-0.8806635954631159,1.0271431196970715,1.0342568840258912,17334.850390625,0,-2.1842546279377872,0,Full Recovery
2021-12-20,0.30932266522091245,39.34544390855985,2.767299022729719,-1.0186059205120057,-1.525945397337003,-0.8169055116863166,-2.5445513178490087,-2.906874087606093,1.059687765985106,1.3279285857329182,1.3484336294647958,247.01242770714586,-1.2166227321160905,0.1567816750529749,0.44000053405761896,17406.317911891896,1.1287153281216191,-1.960768398176893,-0.05760231994995646,0.5157145617226293,2.1080662036220055,-1.229887185381462,2.874379026801799,1.0651395290634265,17229.630078125,1,0.942870544420904,0,Full Recovery
2021-12-21,1.8346888504864434,32.42673689353445,16.095465949858422,-1.1252335336297437,-2.1842546279377872,-0.24959111813221968,-3.309488161567531,-4.6068338821931505,1.0990918235868343,2.959922384116187,-1.9958831200032612,274.62023682535965,-0.3495657774513439,-1.525945397337003,2.629999160766598,17347.642453140645,1.2178196501890308,-3.525852474840252,-0.2120414162391282,0.7700964003517314,0.7460923681907206,-1.762336656861152,0.18837150793452606,1.108023573594447,17078.819921875,1,1.1007170994593363,0,Full Recovery
2021-12-22,-0.19654125040540205,37.42984596097423,-7.538210066357021,-0.4550692627331543,0.942870544420904,-0.5974060321640162,0.4878012816877497,-4.18491326715924,1.0021918014793427,0.25852801232775224,1.9787569044519726,270.07149040489503,0.746329294015502,-2.1842546279377872,-1.4299983978271449,17304.917057306153,1.1323991042297423,-2.768667067292585,-0.325368003920401,0.9958306967954913,0.336941978866645,-2.3627916179144393,1.0358863600310686,1.129922538238669,16968.009765625,1,0.6909306212627531,0,Full Recovery
2021-12-23,0.8932118670371914,42.80405209073748,-5.473209473845841,0.11764640541740423,1.1007170994593363,0.1567816750529749,1.2183635048767405,-2.63910549715326,0.8898047804599928,0.7755654616197871,0.9883379281292237,269.97887241340885,1.9939289664965276,0.942870544420904,-0.9600009918212891,17279.03055074644,1.0286432395558174,-0.17515249374973063,-0.09542949516628818,1.145871878443364,0.12056724279907449,-2.9439504357532287,-0.11237917133011255,1.1560324939309388,16914.81953125,0,-0.40327548791804224,1,Full Recovery
2021-12-24,0.02358035323455354,45.975347677434144,-4.523522336858699,-0.22947269031070583,0.6909306212627531,-1.525945397337003,0.46145793095204723,-2.6439540416280605,0.9148298097442572,0.25305304354525937,1.0103047536534682,260.98347458120395,0.7145109744973066,1.1007170994593363,-0.7499999999999982,17263.73936990411,1.0623502828180091,2.759088082365535,-0.3011077814855212,1.1920372615070867,-0.0719141733372175,-2.5361295547244866,0.3193741323907151,1.1612545540284795,16879.659375,1,0.4851870910828504,1,Full Recovery
2021-12-27,-0.7198876913849683,44.416657642507786,2.0214762878489,-0.546104281639137,-0.40327548791804224,-2.1842546279377872,-0.9493797695571793,-0.13331739611922577,0.9382180773347528,-0.17378340974583129,0.9767702503635789,248.85734463704324,-1.1231631793030106,0.6909306212627531,0.319999694824217,17244.480898059363,1.0603058740437266,1.388721478337085,-0.5183056018317367,1.2255446494527142,-1.0204089022398222,-2.8984184989469974,1.3800457382816211,1.1301273121511082,16883.36953125,1,0.8603409174043453,1,Full Recovery
2021-12-28,1.1373489276329751,46.7464666312859,6.006199650866617,0.09102343907858579,0.4851870910828504,0.942870544420904,0.5762105301614362,0.18940352662999427,0.9399801592496108,1.0463254885543893,0.6910003057468472,238.45803201877072,1.6225360187158255,-0.40327548791804224,0.970001220703125,17232.760090795706,1.068142340007588,0.7714380171381929,0.3298427499539125,0.525004594469493,-0.6450082509002697,-1.623652354151972,0.20581321466399682,1.1363456232589968,16977.7796875,0,-0.11402602889762914,1,Full Recovery
2021-12-29,0.05868620053419704,50.71084502291001,-3.7383251496717174,-0.5012209985389315,0.8603409174043453,1.1007170994593363,0.3591199188654137,1.4723420365577278,0.9696650495870578,0.5599071990731286,0.9721383609513357,237.75246108293442,0.9190271179385423,0.4851870910828504,-0.6400012969970703,17232.796380366395,1.1142846066530039,0.9409837652186503,-0.44440221368422517,0.5093487752967049,-0.1918877884207082,-0.5290096252131726,0.1117974435469904,1.1491438275831096,17070.259765625,0,-0.05606259494814747,1,Full Recovery
2021-12-30,1.8251233595570016,50.173149314075026,-1.4563093312173536,-0.27933696154042176,-0.11402602889762914,0.6909306212627531,-0.3933629904380509,0.27203058028753,0.9579035148249067,2.1044603210974233,-0.21678079049476384,229.00359908437622,1.7110973306593724,0.8603409174043453,-0.23999977111816406,17231.374397329997,1.0981420477171988,1.2341372307579146,-0.31381330016490017,0.487194491555165,-0.04817065882265492,-0.045297020410994815,-0.1027547615971347,1.1464015223100374,17121.88984375,1,0.8724831757606522,1,Full Recovery
2021-12-31,0.5008863884619741,49.893356322910435,2.0320192632818923,0.10800475234000739,-0.05606259494814747,-0.40327548791804224,0.05194215739185992,-1.1361058717827666,0.9618480424521825,0.3928816361219667,1.0036730823989037,221.40838483145907,0.4448237935138266,-0.11402602889762914,0.3299999237060547,17229.342902620367,1.0968476486790055,0.6888534274636093,-0.23373536551122287,0.4788613908805669,-1.127362488577166,-0.2577118507705811,1.0597356773470512,1.1403544012903157,17148.159765625,1,1.5653315812207858,1,Full Recovery
2022-01-03,-0.25347429740474325,54.173940008835736,-2.112253397198627,0.31990627997429133,0.8724831757606522,0.4851870910828504,1.1923894557349435,0.9150102615531841,0.8559917956396357,-0.5733805773790346,0.10928947392618849,223.47017570809766,0.6190088783559089,-0.05606259494814747,-0.35000038146972656,17238.5805232596,0.9878578994621061,0.7009750409818327,-0.18653421836821726,0.4567087834675266,-0.5514254310351907,2.171605747743155,-0.7631937018344637,1.1540506631121796,17218.219921875,1,1.018687423526421,1,Full Recovery
2022-01-04,-2.0335844770585143,60.714909434982744,1.4180114631422436,1.0844918457200592,1.5653315812207858,0.8603409174043453,2.649823426940845,4.218535196381312,0.5426142304479136,-3.1180763227785735,1.0923476015922917,241.64441009285107,-0.46825289583772856,0.8724831757606522,0.23000144958496094,17267.255982184815,0.6155505833351717,2.3940350579001457,0.11097961160928538,0.6965400058883201,0.3366179108795331,6.088165831420089,-0.47298397962849403,1.1344165868499057,17326.109765625,1,0.6739585234692091,1,Full Recovery
2022-01-05,-1.8363387812589615,64.3381581034726,-2.0060784705221324,0.12965203707255846,1.018687423526421,-0.11402602889762914,1.1483394605989794,3.659322278659194,0.5419179447534012,-1.96599081833152,0.6310696623788248,245.23542624713747,-0.8176513577325406,1.5653315812207858,-0.3299999237060547,17307.107390911868,0.6207637257039953,3.4951322722730493,-0.148300245129529,0.7352964390094754,-0.36049392857155915,6.1678472749929325,-0.38761776114759616,1.1454939473028172,17440.509765625,0,-1.0005417462796928,1,Full Recovery
2022-01-06,-0.9645489171823285,66.55809208679239,6.885847675028511,1.648920739825921,0.6739585234692091,-0.05606259494814747,2.32287926329513,2.6073641580446116,0.5210410419162046,-2.6134696570082494,-1.9343084993708182,240.48753608085215,-0.29059039371311934,1.018687423526421,1.1099987030029297,17352.895732325804,0.596880986381271,3.2914460488219,0.17687311023197871,0.6343274914579419,0.14458162238799588,5.719699718586968,-2.6082670228400273,1.1455546460103216,17582.83984375,1,0.3764183651131514,1,Full Recovery
2022-01-07,0.374823529161572,60.49670673285227,4.3528730117578185,0.4549894904232965,-1.0005417462796928,0.8724831757606522,-0.5455522558563963,1.3076026018252307,0.6654821200451575,-0.08016596126172448,-1.5544202910134475,244.16641278048877,-0.6257182171181208,0.6739585234692091,0.75,17382.007188496114,0.770011674631548,0.6819654096169581,-0.14060174188116337,1.0067489733607706,0.04852124495722254,3.9437507857928766,-0.5538785447337546,1.1570734229685227,17691.230078125,1,1.0700318921871732,1,Full Recovery
2022-01-10,-0.7667204707215158,61.88882601815331,-2.1134547855463315,0.2886998253285755,0.3764183651131514,1.5653315812207858,0.6651181904417269,1.7211653278362826,0.7081411096530723,-1.0554202960500914,0.34426468073351923,235.36115670142348,-0.3903021056083644,-1.0005417462796928,-0.37999916076660156,17413.910301848256,0.718489404892989,0.04183720391457424,-0.01451458849398568,0.9981669383151067,-0.9402106893741102,4.757475373079467,-0.032153684379632175,1.014613323570739,17782.959765625,1,0.2913311252602302,1,Full Recovery
2022-01-11,-1.0628158177612645,65.61261137726211,0.4545450112051208,0.5417925284401992,1.0700318921871732,1.018687423526421,1.6118244206273724,3.656388992846149,0.7229654595910441,-1.6046083462014638,0.18969045050278854,241.3954113287335,0.0072160744259086584,0.3764183651131514,0.07999992370605469,17457.568855878017,0.7433989555369435,0.435423669125945,-0.20061950203223988,0.8796155496747604,-1.5815956258137587,5.367185785353712,-0.8803414416843847,1.0282634468943528,17858.480078125,1,0.8673115731830494,1,Full Recovery
2022-01-12,-0.3252456371551471,66.5802923677265,0.45248824844552615,-0.045419666831403305,0.2913311252602302,0.6739585234692091,0.2459114584288269,4.218492417829323,0.7208358156335272,-0.2798259703237438,1.0291216104804546,233.28368981823556,-0.0339145118949169,1.0700318921871732,0.07999992370605469,17501.878570257424,0.7367677171905436,1.746034873151281,-0.2867879980486321,0.8142862481671816,-0.6029908478546675,4.772750351790878,0.7377904852202244,1.022101983751918,17908.580078125,1,0.24956237305924223,1,Full Recovery
2022-01-13,-1.0156400982746283,69.35331170611296,-3.265765294095224,-0.12502583630982222,0.8673115731830494,-1.0005417462796928,0.7422857368732272,5.754173274372354,0.7037834762438049,-0.8906142619648061,-0.0018111918502428104,235.20071216538705,-0.1483285250915789,0.2913311252602302,-0.5799999237060547,17554.506054636506,0.7154156910631927,2.243626222601458,-0.32636917690374023,0.8522842379926019,-0.5534156271326252,5.802098472512696,-0.8691227650332922,1.0165281157368062,17966.0,0,-0.011232356375068253,1,Full Recovery
2022-01-14,1.3223250630020278,70.12804634330523,-2.793943735214721,-0.9147235802161369,0.24956237305924223,0.3764183651131514,-0.6651612071568946,5.852139141978863,0.6971361127245963,2.2370486432181647,0.00582829833115639,228.18435158500196,1.57188743606127,0.8673115731830494,-0.4799995422363281,17606.60196031158,0.6919415887202656,1.4136296620953948,-0.02194288256299748,0.3936366596023791,0.4364609193808544,6.125637486487356,-0.24373407472808584,0.9925487663323841,18068.380078125,1,0.28675682661627455,1,Full Recovery
2022-01-17,-0.6079340291619273,70.04200900773654,-0.8383310814437883,-0.24754608145611812,-0.011232356375068253,1.0700318921871732,-0.25877843783118637,7.480340765432025,0.7384683204049348,-0.3603879477058092,0.5694603634055939,222.10077137366824,-0.6191663855369955,0.24956237305924223,-0.1400012969970703,17654.6870002885,0.7092707263659496,1.107680378826692,0.23468426948589638,0.5349224919589909,1.0708168047579791,5.19590054285326,0.5806927197806622,0.9604619544182724,18156.990234375,0,-1.0653690567923424,1,Full Recovery
2022-01-18,-1.0150517279715165,71.01942839709494,1.2681219721847325,-0.6887640938586737,0.28675682661627455,0.2913311252602302,-0.4020072672423991,10.195498250155467,0.6773202531376312,-0.3262876341128429,-0.056410300780485034,216.89813466967883,-0.728294901355242,-0.011232356375068253,0.21000099182128906,17703.08793429491,0.6055705935246875,0.5257421587751221,0.5498005971102504,0.5329589813285173,1.120036737011798,3.8716216710374285,-0.3431671273967596,0.8940683386502893,18217.95,0,-0.964224043394124,0,Full Recovery
2022-01-19,-0.12381888339765279,62.79831165576057,6.022660711462624,1.0500673463125665,-1.0653690567923424,0.8673115731830494,-0.01530171047977591,8.003179344740552,0.798052866705702,-1.1738862297102193,-1.8379078780121016,226.06026098455504,-1.1891879401899952,0.28675682661627455,1.010000228881836,17733.45555258788,0.7115375261864759,-0.7928118053991073,-0.16658111946615817,1.033456145348886,0.752247949958873,1.7287080004493083,-0.7725388212197593,0.8915919681409582,18229.41015625,0,-1.0112406160797005,0,Full Recovery
2022-01-20,0.8554501378384205,56.492312674095324,0.224966291529749,0.5220729009011271,-0.964224043394124,0.24956237305924223,-0.4421511424929969,5.797258209991951,0.8878442943781809,0.3333772369372934,-2.1265780155808045,231.16454519703098,-0.10877390555570354,-1.0653690567923424,0.03999900817871094,17748.636651701738,0.7697922783833235,-1.7383542685181386,0.49101159752769075,0.9112548828289122,0.6532703389902306,0.07336238336983492,-1.1623539721866805,0.8670352258485573,18174.6203125,0,-0.7875745304668613,0,Full Recovery
2022-01-21,-0.6536340171125143,50.78779858566485,-0.16834332104723737,0.5104639542765632,-1.0112406160797005,-0.011232356375068253,-0.5007766618031373,4.008764958379141,0.8674398627250793,-1.1640979713890776,-1.6616731881374025,236.36732458742682,-1.6648746331922148,-0.964224043394124,-0.029998779296875,17749.25615898309,0.7713586708090677,-3.0101409820427194,-0.2284840131227761,0.826065284800994,1.5210069917086066,0.06254745676845808,-0.650432572057702,0.8892359042609425,18074.46015625,0,-2.656790518738339,0,Full Recovery
2022-01-24,-0.7869490987464145,46.85924807504372,6.183240120920974,0.05694341218204224,-0.7875745304668613,0.28675682661627455,-0.7306311182848191,3.6074418326839774,0.8835262152493476,-0.8438925109284567,-1.657286439977823,235.24306281951974,-1.5745236292132758,-1.0112406160797005,1.0999984741210973,17739.470546512122,0.7971367052534424,-2.73780710170779,0.004027379622861815,0.7114930900976905,0.7464516792751397,-1.0978057043660283,-0.8697119095109618,0.9022219051419124,17946.740234375,1,0.7513491221694313,0,Full Recovery
2022-01-25,0.8109151432189154,36.64320334780969,20.85760011308786,0.988763510685764,-2.656790518738339,-1.0653690567923424,-1.668027008052575,0.3678373509400812,1.0075260892147455,-0.1778483674668485,-3.4198131349825522,277.71682501650054,-1.8458753755194235,-0.7875745304668613,3.94000053405761,17695.739365983445,1.0242876038445938,-4.4000622355519825,-0.05238456872753705,0.7576338719897349,1.228033111536475,-4.744691999839434,-0.7630226162442133,1.0166363081894578,17714.940234375,0,0.0,0,Full Recovery
2022-01-26,-0.03204086735892897,40.489609040962556,-6.438893203096708,1.3034561881648088,0.7513491221694313,-0.964224043394124,2.05480531033424,0.25937776536637536,1.0450293226182301,-1.3354970555237378,-0.32782048678924314,269.38649574346687,0.7193082548105023,-2.656790518738339,-1.4699993133544922,17664.791947669855,1.072003748568421,-2.697813714309849,0.3112322803116463,1.1981250954432008,1.300580225370318,-4.307773320133479,-1.0791696089586744,1.0258121234130597,17547.919921875,0,-0.971173291462768,0,Full Recovery
2022-01-27,0.0,40.489609040962556,0.0,0.0,0.0,-1.0112406160797005,0.0,0.25937776536637536,0.9676623299914829,0.0,0.0,269.38649574346687,0.0,0.7513491221694313,-1.4699993133544922,17664.791947669855,0.9867003289495223,-1.9254031688093365,0.1811251468364805,1.2670538017670505,1.300580225370318,-5.130586720913854,0.0,1.0196742172049218,17547.919921875,0,-0.04793161771092791,0,Full Recovery
2022-01-28,-0.8940677778545902,40.489609040962556,-1.3576821500033032,1.7014161553068563,-0.971173291462768,-0.7875745304668613,0.7302428638440883,-0.545216839066065,0.9235141218565031,-2.5954839331614465,-3.5508182400054378,254.56966280318258,-1.8652410693173582,0.0,-1.4699993133544922,17620.682015298098,0.9558225065636435,-0.22712107129349013,0.15378158016414734,1.2353035152932943,-0.5469668166690922,-6.285808484686662,-2.57964494854267,1.0349841803716449,17547.919921875,1,1.39107178709299,1,Full Recovery
2022-01-31,1.0998499074971413,40.29513512837067,-1.756046213781648,-0.7227014129304044,-0.04793161771092791,-2.656790518738339,-0.7706330306413323,-1.4526957750543246,0.957672186259045,1.8225513204275456,1.1259084861825253,243.42964005442454,1.0519182897862134,-0.971173291462768,-0.3699989318847656,17582.25736370194,0.953194337079814,-1.0186394101043272,0.41965491848174885,1.2959936038343556,-0.9799231498969108,-6.320204764252358,1.1738401038934532,0.9953242358510065,17547.919921875,1,1.3667938611870323,1,Full Recovery
2022-02-01,0.12514041958304745,48.08476024488622,6.038647120428875,-0.6323636358542384,1.39107178709299,0.7513491221694313,0.7587081512387517,-1.6217774161884968,1.2022987598797752,0.7575040554372858,2.8731035728994048,254.25230653675095,1.5162122066760375,-0.04793161771092791,1.25,17564.301233751798,1.1223120412505814,0.35826237154248375,-0.22642907421945857,0.8968572788724523,-1.8791648390177773,-5.288642844745006,1.4820317858064147,0.9334718445875948,17547.919921875,1,1.1557838585399605,1,Full Recovery
2022-02-02,0.8911868560776082,54.459243085461715,-8.974948301729857,0.029234787251386507,1.3667938611870323,0.0,1.3960286484384188,-1.2827699168784457,1.3182537611148843,0.8619520688262217,1.5710113812711812,263.6698987381007,2.2579807172646404,1.39107178709299,-1.970001220703125,17565.23074305722,1.2510451601128576,2.727616111461617,-0.6439319071544047,0.9987836689960774,-1.212558534423469,-2.9603029238457035,0.20421752008414895,0.9490169471794172,17547.919921875,0,-1.2362248664229525,1,Full Recovery
2022-02-03,0.07701443954943876,59.09557369654141,-6.656656427316343,0.9867719120960627,1.1557838585399605,-0.971173291462768,2.142555770636023,-0.8103094796446331,1.3704177488235811,-0.909757472546624,1.1791974107087544,267.45396432302033,1.2327982980893992,1.3667938611870323,-1.3299999237060511,17581.139576904832,1.3031967852827553,3.9647573067671527,0.25443662610320494,1.0068135488112726,-1.212558534423469,-0.8830240555216085,0.023413552168793927,0.950948560221456,17381.759765625,0,-0.24998826581151823,1,Full Recovery
2022-02-04,1.0452878334138105,52.82883689084817,2.7345857335841828,0.42133612092970507,-1.2362248664229525,-0.04793161771092791,-0.8148887454932474,-1.0464454763484676,1.3515869268259417,0.6239517124841054,-2.0451935838776136,272.8070060591175,-0.190937033009142,1.1557838585399605,0.5100002288818324,17579.588439263734,1.3228355406724535,1.2707700143827383,0.10288819829495921,1.089205017383817,-0.6217080904603156,-1.108299719828798,-0.8089687174546611,0.9787276824612631,17471.76953125,0,-1.7281112927623465,0,Full Recovery
2022-02-07,-0.023920541595490175,51.65077565930083,-1.356994942340517,-0.31562848425487067,-0.24998826581151823,1.39107178709299,-0.5656167500663889,-1.6639726178501069,1.3341825655487796,0.2917079426593805,0.06646579474092196,259.78780629290156,-0.2739088074070084,-1.2362248664229525,-0.2600002288818324,17574.90046459605,1.3027156718177595,-0.3444805495332104,-0.2385715197588012,1.1203147502519388,0.41032625559518365,-0.5724513166934564,0.3164540605524402,0.9764148515525719,17554.63984375,1,0.30876976246183574,0,Full Recovery
2022-02-08,0.26570168302421093,44.31280776757724,8.148153156667082,-0.3185940360310502,-1.7281112927623465,1.3667938611870323,-2.0467053287933967,-4.386424364455732,1.0846775080503501,0.5842957190552611,-1.3080109294509645,276.9853214434312,-1.4624096097381356,-0.24998826581151823,1.5400009155273402,17548.13743828338,1.1159217663166594,-3.185603996766029,-0.002279295462614961,1.2875912346997815,0.9212147105823965,0.3761130407379465,0.420100363311382,1.028805112972243,17529.38984375,1,1.141215233034587,0,Full Recovery
2022-02-09,0.1620224319565322,45.769669226995006,-3.7182006312353355,-0.22191624696092926,0.30876976246183574,1.1557838585399605,0.08685351550090648,-4.369799094471293,1.0735838514770308,0.3839386789174615,-0.28797117016283735,263.076278584307,0.47079219441836795,-1.7281112927623465,-0.7600002288818359,17527.293924336464,1.0932601013660301,-1.6711041548814975,0.021577140782502724,1.0784533184851803,0.6498206082344415,-0.06481798625641577,-0.5967409326246731,1.018327632028528,17467.369921875,1,0.8133901085124018,1,Full Recovery
2022-02-10,-0.20702103345853207,50.89845409541578,-5.691061086715743,0.38869128118139695,1.141215233034587,-1.2362248664229525,1.529906514215984,-4.110116729472823,1.1086358292875371,-0.595712314639929,1.3375702700204162,265.9154127938989,0.934194199576055,0.30876976246183574,-1.1200008392333984,17522.59072855228,1.1514052670639023,-0.299720818086191,0.04941948961194598,1.0582150098483394,1.1563560017890717,1.07565753404526,0.19635503698582912,1.038578437152791,17404.130078125,0,-1.312629691281364,0,Full Recovery
2022-02-11,-0.49836390706301525,54.25692624238264,-4.579743566423467,0.22441714351204567,0.8133901085124018,-0.24998826581151823,1.0378072520244475,-3.5708088815632477,1.051945800183741,-0.7227810505750609,1.0249198138620796,261.1371012442956,0.31502620144938653,1.141215233034587,-0.8500003814697266,17528.758053057667,1.1019266712554665,2.2787215277527917,0.15221978072712528,1.0141498041463382,1.4677497004278672,2.8971061471300796,0.21152970534967785,1.047512781511938,17413.26015625,0,-3.061622289529342,0,Full Recovery
2022-02-14,0.5578392403963628,48.45071281615686,5.477138739965159,0.04708487146274365,-1.312629691281364,-1.7281112927623465,-1.2655448198186203,-4.825876778549221,1.136700611664367,0.5107543689336191,-2.7242511036733363,268.715268995056,-0.7547904508850012,0.8133901085124018,0.970001220703125,17517.35004912747,1.2122612059355302,0.6254796067586499,0.9751511215507547,1.1307418171796682,1.4182696495888658,1.5951443765890083,-1.4116214123919724,1.0664736108893762,17384.95,1,3.025912638397754,1,Full Recovery
2022-02-15,1.1508622191056417,38.29268725511851,23.01926748828329,-1.1149439228002822,-3.061622289529342,0.30876976246183574,-4.176566212329624,-8.003555035142295,1.2856984892434482,2.265806141905924,-1.4497268901380589,315.04166281654864,-1.9107600704237004,-1.312629691281364,4.299999237060547,17467.383436692104,1.4963455029973454,-3.555926958733613,-0.2613178568683483,1.3531864326149479,3.1948065871563847,-2.866511759457613,1.6118953993912832,1.1638385790974053,17310.790234375,0,-0.17432697608654735,0,Full Recovery
2022-02-16,-2.2354748836760585,49.26715679727982,-10.313311484314024,0.39212956712548763,3.025912638397754,1.141215233034587,3.418042205523242,-4.199190802729646,1.3755041329138327,-2.627604450801546,3.0479119833108914,352.5575322535087,0.7904377547216956,-3.061622289529342,-2.369998931884769,17458.869790918616,1.7667981141571871,-1.4392965761224397,0.4571196067359784,1.5761310831312234,2.1520840087196236,-1.2766815192257863,0.021999344913137264,1.2844731409689747,17327.930078125,0,-0.1016014719190439,0,Full Recovery
2022-02-17,0.6849186310027511,48.713380280031835,-0.09704248991444508,-0.3923453397009391,-0.17432697608654735,0.8133901085124018,-0.5666723157874864,-3.4350954291166302,1.339190108316341,1.0772639707036902,-0.3189373677317864,328.6461269113738,0.5105916549162037,3.025912638397754,-0.020000457763668322,17448.746044832053,1.7096983698664772,-0.3024548914372871,-0.6746411401259866,1.5403123698436272,1.5479821033562047,-2.5748075435882978,-0.14461039164523903,1.2766659185393985,17299.609765625,0,-0.16353356196504576,0,Full Recovery
2022-02-18,-0.6484802532078171,48.37270568464293,6.896552043567983,-1.0106806671373203,-0.1016014719190439,-1.312629691281364,-1.1122821390563642,-2.5477298565354523,1.3228975813383204,0.3622004139295032,-0.48229383703476403,307.899442802357,-0.750081725126861,-0.17432697608654735,1.4200000762939489,17438.068531094494,1.6740594371510218,2.7418173148440417,-0.1766512799606157,1.5136965300722451,2.8930549529915695,-1.455562127689769,-0.38069236511572013,1.2654490118011674,17239.359765625,0,-0.40315569581070854,1,Full Recovery
2022-02-21,-0.7040520895351565,47.79392466213328,0.7269415981293381,0.34338387404905246,-0.16353356196504576,-3.061622289529342,0.1798503120840067,-1.9347601729981512,1.3255034958233016,-1.047435963584209,-0.4359864791858681,289.8812514703756,-0.8675856515002023,-0.1016014719190439,0.15999984741210582,17426.085734809716,1.673616479327591,-0.43883394522612473,0.02798929025848995,1.4748743139460203,2.3465316679106785,-1.3701523112511493,-0.2724529172208223,1.262626982477717,17219.669921875,0,-0.6651566067580439,0,Full Recovery
2022-02-22,-0.95123998515807,46.32477181888803,3.292735858025142,0.6330921027894121,-0.40315569581070854,3.025912638397754,0.22993640697870354,0.33559068732995634,1.2718722976438728,-1.584332087947482,-0.032046946908093066,274.1726184618252,-1.3543956809687785,-0.16353356196504576,0.7299995422363317,17409.831264870107,1.5825947591604386,-0.667056340051364,-0.5070406959973628,1.089332301950356,0.32588312996271185,-0.04037051463783303,0.37110874890261547,1.2443031914170848,17292.43984375,0,-0.16937094155936583,0,Full Recovery
2022-02-23,0.08648456503429491,43.934844207648496,16.41921524679548,-0.1679277821790004,-0.6651566067580439,-0.17432697608654735,-0.8330843889370443,-1.0750697183345426,1.2786095286039196,0.2544123472132953,-0.9935585270902769,264.2712250627484,-0.578672041723749,-0.40315569581070854,3.7600002288818324,17386.302965157505,1.5919171811361716,-1.2274215839696678,-0.22147824058013077,0.17543849023793634,1.5449434188973266,-1.010906981626536,-0.32840192033223303,1.2450377894074383,17240.38984375,0,-4.778103847083647,0,Full Recovery
2022-02-24,0.33765072609369673,43.32597903808421,-7.951984036078508,0.22396468124726843,-0.16937094155936583,-0.1016014719190439,0.0545937396879026,-1.0750697183345426,1.246224720811011,0.1136860448464283,-0.044682685974228864,251.78606172104855,0.1682797845343309,-0.6651566067580439,-2.1199989318847656,17362.373115886578,1.5321028625764126,-1.2331967586557857,0.14225319061189623,0.17592280336002275,1.0553488962964153,-2.293605992574377,0.12468825558513696,1.2293953384705263,17188.6,1,2.5261660109649586,0,Full Recovery
2022-02-25,1.1083350957445393,30.50443768611207,30.31784168354057,-1.0090911019847715,-4.778103847083647,-0.16353356196504576,-5.78719494906842,-5.039115236444191,1.3814159840966138,2.117426197729311,-4.591623907724729,337.7531942467839,-3.6697687513391086,-0.16937094155936583,7.439998626708984,17279.823269918128,2.0465272070077223,-5.571684049760462,0.01340355665573334,1.1769217744231142,2.834753536617396,-7.712774130135857,0.18647993935891893,1.481470628999505,16977.2701171875,1,0.8134034290366632,0,Full Recovery
2022-02-28,0.6718085051756084,40.11288200026222,-16.38524029432096,0.8877299065422228,2.5261660109649586,-0.40315569581070854,3.4138959175071815,-2.5935571580268046,1.4510415796404794,-0.21592140136661442,2.854404791015641,358.55172798262913,3.197974516140567,-4.778103847083647,-5.239999771118164,17233.791945526045,2.282070736104061,-2.537993049186593,1.0388153211868367,1.452957434965998,1.0189870856861516,-4.122934772442766,0.3282387800506825,1.5727121593058546,16853.6900390625,0,0.0,0,Full Recovery
2022-03-01,-0.5982846420716337,42.91866228031949,6.843679653590096,-1.4322537945245517,0.8134034290366632,-0.6651566067580439,-0.6188503654878885,-3.148523378512036,1.3278373439638342,0.833969152452918,1.1079335256220402,340.0074311786952,0.2151187869650295,2.5261660109649586,1.8299999237060547,17201.207385903745,2.101054445119718,-1.578536383016127,-0.45127857710662855,1.5201534218805695,1.1368948858803796,-0.29033407958750646,0.294530096585377,1.5823131157878927,16771.1400390625,0,-1.1191633122935585,0,Full Recovery
2022-03-02,0.0,42.91866228031949,0.0,0.0,0.0,-0.16937094155936583,0.0,-3.148523378512036,1.1508569235704642,0.0,0.0,340.0074311786952,0.0,0.8134034290366632,1.8299999237060547,17201.207385903745,1.813645211345527,3.3601173609579815,0.28880065102105945,1.5527408324566756,1.1368948858803796,-3.218847213345921,0.0,1.5759085026866035,16771.1400390625,0,-0.649757722841704,1,Full Recovery
2022-03-03,-0.7222443107803178,42.91866228031949,2.3101149963668854,-1.1802181699803405,-1.1191633122935585,-4.778103847083647,-2.299381482273899,-6.603210243250846,1.1593925165229946,0.45797385920002265,-0.3777243062648261,313.78412379308764,-1.8414076230738763,0.0,1.8299999237060547,17153.86726657193,1.830236297959814,-0.3148631960156134,0.6859329031026373,1.5821443314958712,3.016939504425764,-4.134867582083412,0.7414390060287324,1.578616621860501,16771.1400390625,0,-1.5317032007332254,0,Full Recovery
2022-03-04,0.28883235202530333,41.00785364923786,-3.6606216612426135,-0.5616280109999705,-0.649757722841704,2.5261660109649586,-1.2113857338416745,-6.048612685247246,1.1616170901784604,0.8504603630252738,1.216787607502967,297.33139947484256,-0.36092537081640064,-1.1191633122935585,-1.0699996948242188,17105.288267659198,1.8283125013669677,-1.7616491850824256,-0.2245401928354318,0.8364165906175407,-0.4930466411299128,-4.660892747197931,1.866545330344671,1.5739373298734098,16771.1400390625,0,-2.352668473994779,0,Full Recovery
2022-03-07,1.1868718858543348,36.867893804358935,-0.7102299858777639,-0.0035927206192720718,-1.5317032007332254,0.8134034290366632,-1.5352959213524975,-7.255819523466201,1.1673091077193964,1.1904646064736069,0.1388749481107343,302.2109355344468,-0.3448313148788906,-0.649757722841704,-0.20000076293945312,17041.589107786294,1.8545928869838855,-3.2663691488620583,0.3447052820780838,0.5345033620540167,2.3613081595956764,-5.967430093564319,1.6705781488439597,1.5887761644304508,16771.1400390625,1,0.9474776509483585,0,Full Recovery
2022-03-08,1.929651449613401,31.661594879675434,4.899860100475517,-2.1130425404524034,-2.352668473994779,0.0,-4.465711014447182,-7.845245906698728,1.2280110537284243,4.042693990065803,-0.12230425747051799,323.45147355693723,-0.423017024381378,-1.5317032007332254,1.3700008392333949,16954.297350959532,1.9326924652723865,-4.473088640342803,0.6934862676489351,0.5031761811374657,5.52879063770555,-7.8080275329590165,2.230364216524261,1.5738396322098596,16771.1400390625,1,2.0726290088294297,0,Full Recovery
2022-03-09,1.427620555196829,35.51791558737234,-2.523013205056479,-0.07482754830949734,0.9474776509483585,-1.1191633122935585,0.8726501026388611,-7.258458046172556,1.2734836726609178,1.5024481035063264,2.694091516102337,311.04021783788704,2.3750982061451875,-2.352668473994779,-0.7399997711181605,16884.60496905975,2.0102345182394497,-2.937320246875752,0.8673397056386367,0.6869525060115289,5.52879063770555,-6.3113529723788915,1.7466138651539787,1.5785318345792043,16245.1900390625,1,1.526738719047449,1,Full Recovery
2022-03-10,-0.4034744671638224,43.147341126287095,-3.9174565696251773,-0.09016475624870068,2.0726290088294297,-0.649757722841704,1.982464252580729,-6.404397220768942,1.337303421044809,-0.3133097109151217,1.0982568849151386,324.7183437407518,1.6691545416656073,0.9474776509483585,-1.120000839233402,16844.66012760162,2.18492068627055,0.6155607752651227,-0.21575481273882202,0.981692635393122,2.86100580136488,-4.207289881030873,-0.9743721239142911,1.6338256911283335,16193.0701171875,1,0.21421537513466316,1,Full Recovery
2022-03-11,-1.390438359627888,48.11792325745951,-6.8802309315297965,0.425482081275641,1.526738719047449,-1.5317032007332254,1.95222080032309,-5.742121176655268,0.978845266525496,-1.815920440903529,-0.11695421723504351,325.75926900240114,0.1363003594195611,2.0726290088294297,-1.8899993896484375,16826.159406344093,1.6201772092081397,4.612892029520554,-1.0135857972012996,1.0471411732178575,0.9008957149438279,2.1353474816324436,-1.6436929362824926,1.6551923623855562,16212.4400390625,1,1.4482565042708062,1,Full Recovery
2022-03-14,2.247732848057815,48.804578335790545,-0.8991381662326492,-0.009289982095661564,0.21421537513466316,-2.352668473994779,0.2049253930390016,-4.283807141109941,0.8488764965316196,2.2570228301534767,-0.1423831157438049,304.4986320937473,2.4619482231924783,1.526738719047449,-0.22999954223632457,16811.662355411197,1.405829263254972,3.8530049171921155,0.23038025067054768,0.9313519107202965,1.410968044542682,-0.16779025128205172,-0.35659849087846807,1.6561057691125731,16289.4599609375,0,-1.234645650331223,1,Full Recovery
2022-03-15,-1.7997723589987746,53.31301502771297,1.3017748273774332,0.7687700762347038,1.4482565042708062,0.9474776509483585,2.21702658050551,0.16921176216562195,0.8808291207590213,-2.5685424352334785,1.9217136592389217,307.2598900020808,-0.3515158547279684,0.21421537513466316,0.3299999237060547,16816.08001658444,1.4603169398926281,3.2177419537930074,0.5810454238611262,0.3970866320718115,-2.9565230659816533,0.46088394491257123,0.47345715496811547,1.657889033625696,16491.0900390625,1,1.8745100484606647,1,Full Recovery
2022-03-16,0.9871094923083024,49.27173606542083,4.088782027190718,0.41481601905045684,-1.234645650331223,2.0726290088294297,-0.8198296312807662,-3.9732098337162847,0.9204498404756863,0.5722934732578455,-2.5817376415565696,305.17400883513653,-0.24753615802292073,1.4482565042708062,1.0499992370605469,16804.740756096704,1.5166462869016772,0.41036467693094103,-0.34344039384266445,0.8135376190270308,-3.4835585967561866,-0.7794519889975815,-1.3470919912253465,1.6477229069058592,16621.0,1,1.8361988356508263,1,Full Recovery
2022-03-17,-1.4566782367265052,54.80419800695398,-9.764305079313019,0.19729833580941492,1.8745100484606647,1.526738719047449,2.0718083842700796,-2.0023416483950895,0.9447459134052452,-1.6539765725359201,1.8001012793473548,317.4476553133683,0.4178318117341595,-1.234645650331223,-2.6099987030029297,16817.378448932133,1.5802007960403817,2.073909045319966,-0.29310642338548076,0.756226273678842,-3.1318447436587737,2.224506324564124,-0.07440876911330996,1.6726198796142195,16747.0,0,0.0,1,Full Recovery
2022-03-18,-0.5535355234709272,59.54569354894812,-6.260365573560367,0.06683375613849574,1.8361988356508263,0.21421537513466316,1.903032591789322,-0.10141135028338688,0.9552552221258511,-0.6203692796094229,-0.24082765647839288,328.2061580424191,1.2826633121798992,1.8745100484606647,-1.5100002288818395,16852.16899206679,1.621170023218591,2.4642438979100234,-0.31691649850484893,0.7629328900027703,-1.2723207690429783,4.782383146115032,-2.077026492129219,1.6971066847614498,16885.430078125,0,-0.9802202470463706,1,Full Recovery
2022-03-21,0.0,59.54569354894812,0.0,0.0,0.0,1.4482565042708062,0.0,-0.10141135028338688,0.8698430749313036,0.0,0.0,328.2061580424191,0.0,1.8361988356508263,-1.5100002288818395,16852.16899206679,1.4758146495544948,3.745128615795479,-0.056038128406799004,0.7790087830942026,-1.2723207690429783,6.412303809539721,0.0,1.6966447075342455,16885.430078125,1,1.1561223252155806,1,Full Recovery
2022-03-22,1.0060580377710848,59.54569354894812,8.889872510492536,-0.14541229931712696,-0.9802202470463706,-1.234645650331223,-1.1256325463634975,-0.5175369942921559,0.7197991369802177,1.1514703370882118,-0.7458605495683113,304.5332693064386,0.02583779072471426,0.0,-1.5100002288818395,16873.278348966116,1.2065293390088416,0.8379797958413704,-0.046319632575764214,0.8480331007722026,-1.1200716999022697,7.90794506677166,0.2343596974780593,1.676202814022019,16885.430078125,0,-0.40339354552280104,1,Full Recovery
2022-03-23,-1.4247616127726292,62.652677352779826,-2.2339607053657007,-0.23978570653153675,1.1561223252155806,1.8745100484606647,0.9163366186840438,1.306448505497415,0.7175203677753347,-1.1849759062410925,1.958008123043431,301.85921881558005,-0.2686392875570487,-0.9802202470463706,-0.5500011444091797,16906.03550830196,1.2117224175578327,0.1645695330568353,0.47493346441043194,0.7001522078066831,-0.02256290506954528,8.130976078275998,0.8018857978278504,1.6887637925080996,16885.430078125,0,-0.1327893706893679,0,Full Recovery
2022-03-24,0.821504780629001,60.87554765577967,2.8250947810439797,-0.1501403633860643,-0.40339354552280104,1.8361988356508263,-0.5535339089088653,1.0689662908590192,0.6995691623426187,0.9716451440150653,0.03202283725369792,284.60552349433567,0.41811123510619996,1.1561223252155806,0.6800003051757812,16931.192166251814,1.1731846224142886,-0.23948787534021632,-0.2689136392885816,0.6493043835609642,0.4295695877806871,5.507993421771928,0.43541638277649897,1.6770102021303173,16885.430078125,0,-0.4049875890900112,0,Full Recovery
2022-03-25,1.2739360098244612,60.27193516600538,-3.313130080097848,-1.5831023879251616,-0.1327893706893679,0.0,-1.7158917586145295,5.999524819867608,0.6801116790518862,2.8570383977496228,1.204894407183632,269.6217870284239,1.1411466391350933,-0.40339354552280104,-0.8199996948242188,16952.789042825752,1.13545822826292,0.6142823352838,0.5919701071537276,0.5740030291724958,0.7913232928798308,3.783388839921531,1.337683777873,1.669517320710918,16885.430078125,1,0.4022619949862971,1,Full Recovery
2022-03-28,-0.4507827144729637,58.37340980095441,-2.0894274702196958,0.07566869677841925,-0.4049875890900112,-0.9802202470463706,-0.32931889231159195,2.9690702455041906,0.7024290178114588,-0.526451411251383,-0.9980330088247169,256.54288209130056,-0.8557703035629749,-0.1327893706893679,-0.5,16967.61948409792,1.1619464145133902,-0.9384655366579064,-0.2990070836035863,0.6274352719628546,0.7913232928798308,3.1421326891209356,-0.5930454197347057,1.6541833907480015,17210.9,1,0.5998187274997013,1,Full Recovery
2022-03-29,-0.7315016562688403,59.724943830716505,-3.499785250293319,0.44607787842185775,0.4022619949862971,1.1561223252155806,0.8483398734081549,2.549137480974828,0.7042742576205526,-1.177579534690698,-0.34921705471503417,245.2998311457935,-0.32923966128254323,-0.4049875890900112,-0.8199996948242223,16986.46248527585,1.0937652935342566,-0.137138293362693,-0.0589571599962202,0.5281690985971895,0.7929367776575935,2.0786732647179784,-0.7514790497013313,1.5530388646593494,17231.780078125,1,0.9982465582194733,1,Full Recovery
2022-03-30,0.9423323951016416,61.728365455311646,-5.7939024233871645,-0.21646896046303432,0.5998187274997013,-0.40339354552280104,0.383349767036667,2.549137480974828,0.6676754336029539,1.158801355564676,0.33503316664622584,237.91682501385424,1.542151122601343,0.4022619949862971,-1.310001373291012,17011.56161831097,0.9712845926057103,0.5954379019029954,-0.32040484994162455,0.36851887007946926,-0.3158831015623531,3.9746791169057216,-0.2647855608534755,1.4547256700724083,17233.740234375,0,-0.1914477162001882,1,Full Recovery
2022-03-31,-1.1855970129166171,64.87836578842672,-3.2394302883750226,0.3600224818310904,0.9982465582194733,-0.1327893706893679,1.3582690400505637,5.373380163312147,0.5838394804729433,-1.5456194947477075,0.8764295026523872,240.91997751200688,-0.18735045469714384,0.5998187274997013,-0.6899986267089879,17047.612609547195,0.8555883014749389,2.012767445927821,-0.4832057019798053,0.4557275488265247,-0.6978783686904189,3.0803512308000824,-0.12181705556708611,1.465451258492282,17284.26015625,1,1.1777965258592316,1,Full Recovery
2022-04-01,-0.983473746591812,63.78327211573907,-0.24260622478614602,0.2996133798536693,-0.1914477162001882,-0.4049875890900112,0.10816566365348113,5.85947534995257,0.45975464776764163,-1.2830871264454813,-0.4013639905175004,232.08364717707252,-1.1749214627920002,0.9982465582194733,-0.050001144409176135,17078.511675506663,0.6739319201799031,1.4095343165718255,0.21290033884577841,0.47028933519442223,-1.0318593097263684,1.0279325316886245,-0.2099162743173122,1.4658512391472993,17332.66015625,1,2.1671841339984343,1,Full Recovery
2022-04-04,-1.2087092758445328,67.41973002427173,-10.359918366218556,0.9525828509437728,1.1777965258592316,0.4022619949862971,2.1303793768030044,8.77235420376914,0.5082217773779852,-2.1612921267883056,0.07213997586155152,240.34602286596277,-0.030912749985301247,-0.1914477162001882,-2.1299991607666016,17122.358900932093,0.7520571767300667,1.9921641872649776,0.1073559340212693,0.46407908891176386,-0.49118378255459394,2.217836011194252,-1.10565654999768,1.479781485475206,17436.15,0,-0.5317557796472028,1,Full Recovery
2022-04-05,-0.6255704008113705,72.87937594126046,-2.821489143533207,1.8348642566006212,2.1671841339984343,0.5998187274997013,4.002048390599056,13.80715649833606,0.5548517279210019,-2.4604346574119917,0.2737773688696432,271.3956429942506,1.5416137331870639,1.1777965258592316,-0.5200004577636719,17191.32493720564,0.845722323455938,3.172605206949264,0.11275863049773349,0.8426119429898059,-0.6068789561191501,5.466892570249615,-1.8934067651287911,1.5242312150118495,17602.430078125,0,-0.8339180323571727,1,Full Recovery
2022-04-06,0.6767963003426636,69.72501818023066,3.238413895295822,-0.9365932293408208,-0.5317557796472028,0.9982465582194733,-1.4683490089880236,12.139483818930774,0.5757827638103874,1.6133895296834844,0.06490247692718665,259.9811575221006,0.1450405206954608,2.1671841339984343,0.5799999237060547,17248.071267088555,0.8762830861653813,2.8208270408966563,-0.6800464621781965,1.0391592183071399,0.2942532078253679,3.707085505038843,0.5966582565743894,1.5218987805553246,17728.85,0,-0.943974110495216,1,Full Recovery
2022-04-07,0.4660500837900927,64.9990215871847,2.8664180270752793,-0.30903656438099336,-0.8339180323571727,-0.1914477162001882,-1.142954596738166,8.946280233805993,0.6054422571773608,0.7750866481710861,-1.6317714960745855,257.1554367795708,-0.36786794856707994,-0.5317557796472028,0.5300006866455078,17289.521572535697,0.927478820465446,0.7764441649248832,-0.036166796656889044,1.2273411976995068,0.8614850665544127,3.2587927232104352,-0.7978534637174128,1.5319030170257877,17790.730078125,1,0.8208759390795572,1,Full Recovery
2022-04-08,1.3549928217943097,60.07643380748689,-0.10515487530131651,0.7434838617534023,-0.943974110495216,1.1777965258592316,-0.20049024874181365,6.295008502823896,0.8112072864052848,0.6115089600409074,-1.2495992640397025,257.04102697979465,0.41101871129909373,-0.8339180323571727,-0.020000457763671875,17315.44966207009,1.004265414620509,-2.2923637676030784,0.6552623526792312,1.3303472211403669,1.1786048738724686,2.420059405437569,-0.3056251535444865,1.2379886514451872,17825.690234375,0,-0.6151497975913078,0,Full Recovery
2022-04-11,-0.6500499573568019,62.69710319061997,-6.8947340312756955,-0.302464819289483,0.8208759390795572,2.1671841339984343,0.5184111197900743,6.938479986000834,0.848022997975607,-0.34758513806731894,-0.08130473982482789,253.93163353873837,0.17082598172275532,-0.943974110495216,-1.3099994659423828,17350.18299150008,0.9909848135185497,-0.9636739031577468,-0.042002050174216876,1.2714449481196932,0.2019298927622426,3.6806949768262154,-0.9021806789043851,1.168582474531254,17848.4703125,0,-0.8183810641252287,0,Full Recovery
2022-04-12,0.6097301740660255,59.51824237074089,3.278687994324314,0.24894028233155563,-0.6151497975913078,-0.5317557796472028,-0.3662095152597522,4.763405311303193,0.8850230683787148,0.36078989173446985,-1.4085564043355592,246.44410062940636,-0.005419623525282358,0.8208759390795572,0.5799999237060547,17374.23974907415,1.0380173831959545,-0.7451919201247437,0.005396933396117909,0.6872423464229446,2.261420109440926,2.6300616580536618,-0.7934066067442513,1.172870425862469,17772.780078125,0,-0.3117481628350238,0,Full Recovery
2022-04-13,0.14487165781646993,55.510681266414835,-0.6020832380703056,1.1735677440587344,-0.8183810641252287,-0.8339180323571727,0.3551866799335057,5.204949776450829,0.9127628360296598,-1.0286960862422645,-1.4798255973403007,244.5582127329856,-0.6735094063087588,-0.6151497975913078,-0.1100006103515625,17385.79982553162,1.083058612509963,-0.6193468379938949,-0.10577217607886658,0.7278464227224212,2.0085745025160584,1.1832406408889495,-0.661444533215072,1.186571768335552,17687.36015625,0,0.0,0,Full Recovery
2022-04-14,0.5161884983576059,54.03043913980231,-2.0374390693483013,-0.44061993964673585,-0.3117481628350238,-0.943974110495216,-0.7523681024817597,2.9472193077761277,0.8954980366884874,0.9568084380043418,-0.07184286784275296,235.2513182227542,0.20444033552258212,-0.8183810641252287,-0.3699989318847656,17392.455422945946,1.0439427037438884,-1.7357914432095334,0.4124704090207487,0.7521670817254843,2.7871382714954818,-0.12915354035403226,0.23990529499227087,1.1657677190614433,17620.96015625,0,0.0,0,Full Recovery
2022-04-15,0.0,54.03043913980231,0.0,0.0,0.0,0.8208759390795572,0.0,2.9472193077761277,0.9014467845558172,0.0,0.0,235.2513182227542,0.0,-0.3117481628350238,-0.3699989318847656,17392.455422945946,1.0419593118183095,-1.1275779390278462,-0.03690973355960914,0.7504453866599318,2.7871382714954818,0.06241366538313198,0.0,1.1558744560185927,17620.96015625,0,-1.7281188010147552,0,Full Recovery
2022-04-18,0.0,54.03043913980231,0.0,0.0,0.0,-0.6151497975913078,0.0,2.9472193077761277,0.8638786815826494,0.0,0.0,235.2513182227542,0.0,0.0,-0.3699989318847656,17392.455422945946,0.9586633204117838,-0.3117481628350238,0.24579493121621443,0.42800094729078747,2.7871382714954818,-1.1023988451764999,0.0,1.109719849283812,17620.96015625,0,-1.2519178806467801,0,Full Recovery
2022-04-19,1.3255107865477789,54.03043913980231,8.712755240544624,-0.23219221030799098,-1.7281188010147552,-0.8183810641252287,-1.9603110113227462,0.3274453342120509,0.6429117738804474,1.5577029968557699,-4.5837844033124515,224.45355983876215,-0.40260801446697636,0.0,-0.3699989318847656,17373.78084956165,0.6841485664068724,-1.7281188010147552,0.029614234108610304,0.7935637679490873,2.145062759444949,-4.873043199423243,-2.8556656022976967,1.064140670831457,17620.96015625,1,1.0490244596548015,0,Full Recovery
2022-04-20,-0.16854833463865182,47.349257238405215,2.2233728117020846,0.19716816740515952,-1.2519178806467801,-0.3117481628350238,-1.0547497132416206,-2.060868062573995,0.6643351390055291,-0.36571650204381134,-2.9769678180553094,234.49885212067707,-1.420466215285432,-1.7281188010147552,0.43000030517578125,17343.03044519597,0.7249897199839196,-2.958402053392817,-0.06707707186541789,0.858024985805824,1.7256609870157646,-5.561773855203544,-1.7250499374085293,1.0913011782016429,17620.96015625,1,1.4941678252146096,0,Full Recovery
2022-04-21,-0.027018881402374184,52.57497003915885,-5.563987637834156,-1.122503430974997,1.0490244596548015,0.0,-0.07347897132019554,-0.6326210198155713,0.8386049033102081,1.0954845495726229,1.1608566822752797,238.37675777541972,1.0220055782524273,-1.2519178806467801,-1.1000003814697266,17327.735655274046,0.8769186885901513,-1.9404119548930399,0.2165690257384334,1.166035254374657,-1.1152379764669984,-3.7686027895533436,0.1118322226204782,1.0456875282327203,17620.96015625,0,-1.2686452605167986,0,Full Recovery
2022-04-22,-0.31816661393444523,58.89811766352996,-4.392071191608649,-0.11401489464046843,1.4941678252146096,0.0,1.3801529305741411,0.9861933162532033,0.9849412560355006,-0.2041517192939768,1.3619922464822354,252.32810022828036,1.1760012112801643,1.0490244596548015,-0.8199996948242188,17332.540392614857,1.0285137264980184,1.2749136832872932,-0.22133063655337404,1.3891225541330483,-1.1152379764669984,-1.399985605855092,-0.13217557873237418,1.0442386488503972,17620.96015625,0,-1.2695122564301942,0,Full Recovery
2022-04-25,-0.5506495877667272,52.41282117530966,2.8011203883169467,-0.8264946743699708,-1.2686452605167986,-1.7281188010147552,-2.0951399348867694,0.11047174692473405,0.9521071715496802,0.2758450866032436,-0.5669773725905936,259.55237176034285,-1.8192948482835258,1.4941678252146096,0.5,17320.64475010635,1.0247334006273525,1.2577582721023273,0.011802745318556518,1.4260765901531731,-1.1152379764669984,-3.4434792616884535,0.701667887926205,1.076279468480689,17166.680078125,1,1.4560121616207233,1,Full Recovery
2022-04-26,-0.7430348036810974,46.916291551054556,15.858309465490272,1.3738325763834158,-1.2695122564301942,-1.2519178806467801,0.10432031995322166,-1.5564439742770886,0.9904053166250469,-2.1168673800645132,-2.105361431160546,265.31468833813034,-2.0125470601112916,-1.2686452605167986,2.909999847412113,17293.48211815403,1.0640347351440949,-1.0655677728320545,0.2337267850895719,1.2936986021873367,-2.7928061034497187,-4.079219640615128,-0.835849174730352,1.0743427132145358,17122.73984375,0,-0.9441443610115341,0,Full Recovery
2022-04-27,-0.347849570198,52.93512119496236,-9.73659300347568,-0.5623646200825005,1.4560121616207233,1.0490244596548015,0.8936475415382228,-0.7186022428813388,1.1143125530352493,0.21451504988450054,0.30257932601436277,274.3201387472127,1.1081625914227233,-1.2695122564301942,-2.0699996948242223,17286.616833938915,1.2013789828506038,-1.1027611307835583,0.08409311146906351,1.2771907441495058,-2.914310930684094,-1.8796026611957783,-1.1534328356063606,1.0781346575220436,17171.169921875,1,1.2128508890934642,0,Full Recovery
2022-04-28,0.304836253757812,48.99895450340384,7.399687528792853,-0.08854819904600131,-0.9441443610115341,1.4941678252146096,-1.0326925600575354,-2.627974851056536,1.1766082870864811,0.3933844528038133,-0.7716733040504131,270.7564392580009,-0.6393081072537221,1.4560121616207233,1.4200000762939418,17268.230430730477,1.2253109340858748,-0.7777150189751225,0.3479733919589778,1.300782630772804,-1.7470165727586418,-2.50205280047584,0.17247105696112097,1.0413924051158354,17151.53984375,0,-0.8263240381694681,0,Full Recovery
2022-04-29,-0.30067662984485377,53.71525324431002,-5.967983567002799,-0.12109165682909762,1.2128508890934642,-1.2686452605167986,1.0917592322643666,-1.2579579939592578,1.2970949813853947,-0.17958497301575616,1.0128393334770447,273.705666627767,0.9121742592486104,-0.9441443610115341,-1.2300014495849574,17266.513419657847,1.3095322064591588,1.7170132972797791,-0.4191720755415851,1.1923080453380137,-1.9464659837168719,-1.319548081018529,-0.20001155561641948,1.0095885229089165,17122.030078125,0,-0.19559171203674675,1,Full Recovery
2022-05-02,0.6990956210700561,50.26351093670033,0.2064030818346163,-0.09083843813489922,-0.8263240381694681,-1.2695122564301942,-0.9171624763043673,-3.2138313546517305,1.299806110085985,0.7899340592049553,-0.9147898118664455,267.61327826489793,-0.12722841709941202,1.2128508890934642,0.04000091552734375,17254.368039035046,1.3267241970661292,-0.5711943371095818,0.15273315425838874,1.1518384814734357,-1.1912660351083404,-2.134968376199342,-0.08846577369697739,1.020709309366443,17108.150390625,0,0.0,0,Full Recovery
2022-05-03,0.17628220884516876,49.4600287399938,4.428427430344706,0.4050747004875288,-0.19559171203674675,1.4560121616207233,0.20948298845078206,-5.452162805634886,1.208798081077855,-0.22879249164236004,-1.5292944349612703,254.69030730874465,-0.01930950319157798,-0.8263240381694681,0.8600006103515625,17240.64445165282,1.2154223240310957,0.18017664831313507,-0.08603726807318024,1.1453422240914242,-1.648110586455731,-0.6087860115463473,-1.3337027229245235,1.005480024278707,17131.18046875,0,-2.2936183451936376,0,Full Recovery
2022-05-04,0.0,49.4600287399938,0.0,0.0,0.0,-0.9441443610115341,0.0,-5.452162805634886,1.162244289896086,0.0,0.0,254.69030730874465,0.0,-0.19559171203674675,0.8600006103515625,17240.64445165282,1.1405390223428375,-1.020299528872981,0.0013060770669204302,0.8737341471161153,-1.648110586455731,0.651285427825421,0.0,0.9813246940783734,17131.18046875,1,0.030284821366977077,0,Full Recovery
2022-05-05,-0.31740444645212973,49.4600287399938,7.889538559901044,-0.19284389880094288,-2.2936183451936376,1.2128508890934642,-2.4864622439945805,-6.345872456283875,1.2239910359670587,-0.12456054765118685,-1.10537709622478,241.43689355774004,-2.6110227916457673,0.0,0.8600006103515625,17195.866216773586,1.3005802030758706,-2.484723929841426,-0.07422608217789728,1.1851780127477385,-1.0128308796951146,-2.678200401781916,1.1882412489688576,1.0625733071042476,17131.18046875,0,-1.62684216398562,0,Full Recovery
2022-05-06,-0.7954182140642585,49.61192688177352,-7.266902679275744,-0.12017562315083108,0.030284821366977077,-0.8263240381694681,-0.089890801783854,-5.42474353509127,1.0867029315338326,-0.6752425909134274,2.071303467056018,231.48884160420803,-0.7651333926972814,-2.2936183451936376,-1.5899982452392578,17157.850229651467,1.1550014351690687,-2.264028142045338,-0.6090161934053429,0.9106979450236906,0.47371774373703435,-4.081903997648062,2.041018645689041,1.0628492861707528,17131.18046875,0,-0.6666182687180999,0,Full Recovery
2022-05-09,0.1847111775152399,42.26169595431071,4.731390050051676,-0.19433316658962196,-1.62684216398562,-0.19559171203674675,-1.821175330575242,-7.72083117760557,1.0836975784230294,0.3790443441048619,-2.2683564842114867,247.75121480698024,-1.4421309864703802,0.030284821366977077,0.9599990844726562,17102.546508936543,1.1896288630995284,-3.85403814161166,0.7107735420584627,0.9920690677459085,-0.535837627955027,-4.429894411284396,-0.6415143202258666,1.0977498581497966,17131.18046875,0,-0.3790968888092272,0,Full Recovery
2022-05-10,0.3866036868151679,39.707907174776516,3.670591466567097,-0.24633229481239027,-0.6666182687180999,0.0,-0.9129505635304902,-7.768619826745438,1.0558488898746994,0.6329359816275582,0.04509053011128028,240.17233798896632,-0.28001458190293205,-1.62684216398562,0.7800006866455078,17043.235627487542,1.158098429555618,-2.253022070327071,0.543095645177516,0.9465886672474431,0.5887643171005097,-3.846299177620627,0.7117087988293802,1.0968410731458627,17131.18046875,0,-0.44919933245182175,0,Full Recovery
2022-05-11,-1.0968530158642187,38.29995084980031,1.2255948343147915,0.9837536174744366,-0.3790968888092272,-2.2936183451936376,0.6046567286652094,-7.360118874529076,0.8853898892419841,-2.0806066333386553,-0.9959931238064379,229.8027593300205,-1.475949904673446,-0.6666182687180999,0.26999855041503906,16983.740381354204,0.9628204809797184,-2.653059169700178,0.5301689614912286,0.8829779332834089,0.5887643171005097,-5.585501447175534,-0.6168962349972107,1.0874536659950866,16462.6798828125,0,-2.2211752141785834,0,Full Recovery
2022-05-12,0.14236784493738552,36.64803864560118,2.2421525430774247,1.0596584058767178,-0.44919933245182175,0.030284821366977077,0.610459073424896,-7.487851679339997,0.8967944674558258,-0.9172905609393323,-1.2388561169892842,220.71852423185106,-0.30683148751443623,-0.3790968888092272,0.5,16923.248472318708,0.9540697781455232,-1.4877013672023764,-0.12163167101739703,0.572984703584251,0.18190502930282015,-5.113747542459524,-0.7896567845374625,1.0638667082352837,16360.5798828125,0,-0.16352232651188903,0,Full Recovery
2022-05-13,1.160465677210254,29.82801021217,6.447373990757388,-1.1253119105727016,-2.2211752141785834,-1.62684216398562,-3.346487124751285,-7.487851679339997,0.7805587344509425,2.2857775877829556,-0.9763658892188887,249.70800225093774,-1.0607095369683295,-0.44919933245182175,1.470001220703125,16840.637474369174,0.8761169380117091,-3.029408448787263,0.19024266801024314,0.7101067069614342,-1.1674909004826484,-8.333120032400599,1.2448093249596948,1.1224228226078694,16185.6498046875,1,0.3811230572117186,0,Full Recovery
2022-05-16,1.8138955942550439,29.403817789266242,-3.213847020740357,-1.0615639664496523,-0.16352232651188903,-0.6666182687180999,-1.2250862929615414,-7.487851679339997,0.8317729939421693,2.875459560704696,-0.44359534605575845,237.45646913831231,1.6503732677431548,-2.2211752141785834,-0.7800006866455078,16762.23102372146,0.9038178388159782,-2.8195690257694417,0.0328064816699003,0.7225668021508935,-2.5364783108126288,-7.720488057679631,-0.28007301954386943,1.0866159941658802,16059.8298828125,1,2.6321935902047233,1,Full Recovery
2022-05-17,-0.549379916153081,31.83308000330173,4.427419862328241,1.0567761585771773,0.3811230572117186,-0.3790968888092272,1.437899215788896,-7.752286529975461,0.9754049519603176,-1.6061560747302583,-0.7471754702341293,226.91867299278692,-0.16825685894136244,-0.16352232651188903,1.0400009155273438,16694.087970459685,0.962893165778212,-2.009017155428139,0.054872987259813044,0.8729225115472319,-2.8815822423687965,-7.187255524677438,-1.128298527445848,0.9871727263076729,15967.919921875,0,-0.11685620062508173,1,Full Recovery
2022-05-18,-1.540049991271486,45.7663065580627,-7.2971906458276115,-0.5359211829201627,2.6321935902047233,-0.44919933245182175,2.0962724072845607,-4.123857558406363,1.2632702463329712,-1.0041288083513233,2.7726291087795563,263.1023831302068,1.0921435989332373,0.3811230572117186,-1.7900009155273438,16661.881439661745,1.4325481251298853,2.854882367709388,0.4118140059887976,1.3543294866303872,-1.6267452176010777,-4.744244413704912,0.14043551857483294,1.1339997353392657,15971.769921875,0,-2.6532725334179386,1,Full Recovery
2022-05-19,1.1807204657221626,45.31185033605511,-1.9349188148034102,-0.2860393542340356,-0.11685620062508173,-2.2211752141785834,-0.4028955548591173,-5.230054682551022,1.1351406134613342,1.4667598199561982,-0.4667657704239936,249.67579845242923,1.0638642650970809,2.6321935902047233,-0.4400005340576172,16630.653170404392,1.2832090557131262,2.902959373233771,-0.556514938210606,1.3771418669490516,-1.52065810885047,-2.62207880588331,-0.34990956979891186,1.1304406171203578,15986.4099609375,1,2.8891038794289337,1,Full Recovery
2022-05-20,0.4741853927514028,36.467610978245695,10.13453052108595,0.1709624430374701,-2.6532725334179386,-0.16352232651188903,-2.4823100903804685,-9.10271755980987,1.2298421118054217,0.3032229497139327,-5.736970822054499,284.37854746085543,-2.1790871406665357,-0.11685620062508173,2.260000228881836,16569.819631161474,1.481510487154517,-0.2076681698244709,0.5785025768252794,1.4533223466687941,-0.976829397328971,-5.234480010986342,-3.0836982886365605,1.2046347029511448,15986.6900390625,0,-0.31630222318707046,1,Full Recovery
2022-05-23,0.7983489910449837,48.043969955852425,-5.944621808714823,-0.0053255997905399255,2.8891038794289337,0.3811230572117186,2.8837782796383937,-5.274874835618315,1.332853072462357,0.8036745908355236,1.5422110632729469,318.2055080598244,3.6874528704739173,-2.6532725334179386,-1.4599990844726562,16547.325613343957,1.769133942310771,0.04213333919536044,-0.5125968833599726,1.530512035014652,1.1515431162721912,-0.8841472122781635,-1.3468928161559868,1.3273285546088953,16083.4900390625,0,-0.5522754266735541,0,Full Recovery
2022-05-24,-1.0330514539588442,47.004974201656296,1.298697974486629,0.2322875336083552,-0.31630222318707046,2.6321935902047233,-0.08401468957871527,-4.360335246373969,1.327050603090441,-1.2653389875671994,1.0069691855041363,297.39770724559776,-1.3493536771459147,2.8891038794289337,0.2999992370605504,16522.686693489773,1.7595538845478913,-0.15763015266264668,0.5131685504690786,1.5778109442648325,2.573019531886933,-0.5345983195206405,1.3232714086912067,1.3259131794353054,16157.9701171875,0,-0.6161219184365629,0,Full Recovery
2022-05-25,-0.9807955392763912,45.17382371201873,9.572648750576572,0.6765100242980937,-0.5522754266735541,-0.11685620062508173,0.12423459762453959,-6.25349019679089,1.3333531034689692,-1.6573055635744849,-1.8838168956360035,280.4347538316013,-1.5330709659499453,-0.31630222318707046,2.239999771118164,16493.239559944235,1.7641117673001632,1.9972294470272267,-0.3747127520867255,1.4068522420231162,1.2172686452743386,-0.7075065375066525,-1.3315414689624494,1.3230642075059929,16131.140234375,1,0.9007387318995308,1,Full Recovery
2022-05-26,-0.5480339369913101,43.16473209419192,-1.4040511371785525,0.760047034542688,-0.6161219184365629,-2.6532725334179386,0.14392511610612502,-5.943049598098781,1.3355470760140127,-1.308080971533998,-3.3836299900986577,266.97406464884625,-1.164155855427873,-0.5522754266735541,-0.35999870300293324,16458.61439288818,1.7690178548094597,-1.4776119743490468,-0.06191942542866924,1.4201833231792043,1.682414271733057,-0.8739960048589235,-2.767508071662095,1.3245642077669033,16088.240234375,1,1.1273847198922216,1,Full Recovery
2022-05-27,-0.7919173489103981,46.86255699664939,-10.126587435748657,1.2990585564049528,0.9007387318995308,2.8891038794289337,2.1997972883044836,-6.233094957271479,1.2055059024902264,-2.090975905315351,1.3293544500955656,261.40436774774986,0.10882138298913269,-0.6161219184365629,-2.560001373291019,16437.246689016833,1.6168601145900179,-0.274749481340264,0.023879154345096687,1.0749970311180042,0.6423463599833257,2.2909311147836453,0.42861571819603483,1.3412295295522836,16160.390234375,1,1.8893205092962884,1,Full Recovery
2022-05-30,-0.23190237617332077,51.18230156529513,-5.457745636415168,0.34975456589758647,1.1273847198922216,-0.31630222318707046,1.477139285789808,-4.385898896203577,1.196899737784558,-0.5816569420709072,2.538432074026531,261.7587261365913,0.8954823437189008,0.9007387318995308,-1.2399997711181605,16430.965467260958,1.632653908809915,1.409598045173266,0.17149507675242592,0.5915288560624423,0.3643070782787694,3.6135747700533516,1.4110473541343094,1.3640690670650835,16177.6501953125,0,-0.4612433983534836,1,Full Recovery
2022-05-31,-1.8798477387328871,57.48955169273741,-6.983240372284627,-1.2894125800760659,1.8893205092962884,-0.5522754266735541,0.5999079292202225,-2.388522113527747,1.2288927123293127,-0.5904351586568213,3.881421383710415,279.1585222871288,0.009472770563401234,1.1273847198922216,-1.5,16448.03472084348,1.7022240130917854,3.966108360792009,0.0796057373525727,0.7358554958624992,-0.6101705260195933,5.170338877788061,1.9921008744141266,1.3851689377687044,16266.990234375,0,-0.37264067061659745,1,Full Recovery
2022-06-01,-0.06515075889564903,55.566402795116005,2.5025025598375716,-0.48650918375003904,-0.4612433983534836,-0.6161219184365629,-0.9477525821035226,-2.388522113527747,1.1313224066465588,0.42135842485439,-0.24955214396511494,264.0501203571779,-0.5263941572491326,1.8893205092962884,0.5,16458.14702161433,1.5496482818178852,2.562749143417098,-0.2202342946443614,0.7200551984735676,-0.2722916558106081,2.000399651089113,0.21169125438836867,1.3697671615098532,16358.8703125,1,0.6370004993115463,1,Full Recovery
2022-06-02,-0.9023074058355007,54.001922162899994,1.8066447632009819,0.7485597465806348,-0.37264067061659745,0.9007387318995308,0.3759190759640374,-0.9284885894967454,1.150120451594812,-1.6508671524161356,-1.4094142846181046,250.8737709762205,-1.2749480764520982,-0.4612433983534836,0.37000083923339844,16462.932427420677,1.5577153345212986,1.04143295135255,0.10074975255438545,0.7195378915752337,-1.3599240449833405,1.7391932335570237,-1.0367736140015071,1.3543932135510537,16458.2603515625,0,-0.2628050201467391,1,Full Recovery
2022-06-03,-0.18215682778970343,56.26054689572869,-2.5419696736146857,-0.6570798538858558,0.6370004993115463,1.1273847198922216,-0.020079354574309427,-0.3275881790084867,0.9019427183435795,0.47492302609615233,1.8169404086532337,242.54260151272436,0.4548436715218429,-0.37264067061659745,-0.5300006866455078,16475.159655019146,1.197881978152525,-0.20046568620842864,-0.01920154603415325,0.7071859637005509,0.2507422225433764,5.177929517557356,1.1799399093416874,1.3281131425532704,16549.8302734375,0,-0.08893953501298846,0,Full Recovery
2022-06-06,-0.38957517109479145,55.05186318492222,-1.6732291225107332,-0.6879475748989061,-0.2628050201467391,1.8893205092962884,-0.9507525950456452,1.0544643537207632,0.6664757325094207,0.29837240380411467,0.3739221719779806,232.3159890193609,-0.6523801912415306,0.6370004993115463,-0.3400001525878906,16483.2441828881,0.8739226863088083,-0.0015074270222736885,-0.288206344256714,0.7313152269826322,0.15880147893938545,1.955904642369255,0.6367271921247197,1.3112595757262742,16596.200390625,0,-0.9245946006475991,0,Full Recovery
2022-06-07,0.037409482486616685,54.62527834864449,1.1011072359539131,0.18858176205551747,-0.08893953501298846,-0.4612433983534836,0.09964222704252901,1.6421521378840787,0.6667451068868061,-0.15117227956890078,-0.28090074774932416,223.43325819177937,-0.05153005252637177,-0.2628050201467391,0.220001220703125,16489.63726424824,0.8619513820942603,0.2832505560514953,0.4313598055976531,0.3246542138305864,0.04547625732571614,2.1884498736528313,-0.1919612127363357,1.2927749647121445,16577.83046875,0,-0.36609606157923524,0,Full Recovery
2022-06-08,-0.14490038680273765,50.26832826305162,1.1386115522248108,0.0347696516968754,-0.9245946006475991,-0.37264067061659745,-0.8898249489507237,1.0855866010744286,0.713999100890245,-0.17967003849961305,-1.5697675713324366,225.01321308912557,-1.0694949874503368,-0.08893953501298846,0.22999954223632812,16484.208549072442,0.9059370922948832,-1.2728553682042287,0.16320463996093437,0.41143630935797854,-0.20477850062696756,1.8058697853714278,-0.6451729706848375,1.2688210546678864,16544.190234375,1,0.744972774168895,0,Full Recovery
2022-06-09,0.6767678873147998,48.62968424625189,-2.8879106401110466,0.2236450923054245,-0.36609606157923524,0.6370004993115463,-0.14245096927381073,1.1699710844567113,0.7017189104682264,0.45312279500937525,0.4103720570904912,216.81978467724218,0.3106718257355645,-0.9245946006475991,-0.5900001525878906,16474.730138030038,0.8846375611977796,-1.3751003690660957,-0.19326178800830318,0.41153444102119235,0.827207276114228,2.0619887889516963,0.7764681186697264,1.260672254845359,16510.890234375,0,-1.6767698414100085,0,Full Recovery
2022-06-10,0.4573570922504322,52.04302121822046,-3.5282296247772127,-0.3463525917655863,0.744972774168895,-0.2628050201467391,0.39862018240330865,4.238990443920798,0.6999548653833927,0.8037096840160185,0.9819452832225517,215.1424943765262,1.2023298664193272,-0.36609606157923524,-0.7000007629394496,16474.979728500035,0.8723671902416842,-0.5519230610553816,0.06913256508238597,0.47768145484803554,-0.06821004913396544,1.904430146354974,0.23697250905365674,1.2463192033015715,16480.91015625,0,-2.637974911520913,0,Full Recovery
2022-06-13,1.3021463176441594,44.7774839238433,2.2988534382899495,-0.038047871043356274,-1.6767698414100085,-0.08893953501298846,-1.7148177124533648,2.659012895427626,0.7722611236839648,1.3401941886875157,-2.1747858663593966,234.09800228778101,-0.37462352376584906,0.744972774168895,0.4400005340576101,16454.744178587996,0.9821502271669438,-1.3069276044473055,0.12146282706446687,0.6813683310497105,-0.7701022442515582,-0.921271056175943,-0.4980160249493881,1.2717851474958444,16404.4099609375,0,-0.268160945598539,0,Full Recovery
2022-06-14,0.8073370092241849,36.328717081253615,14.249238643506912,-0.4879745093394394,-2.637974911520913,-0.9245946006475991,-3.125949420860352,-0.4285956893860132,0.7503327771244672,1.2953115185636244,-4.120659399959292,270.38779078482685,-1.8306379022967278,-1.6767698414100085,2.7900009155273473,16404.348342442587,1.012306567380405,-3.5573533626289677,0.4611929211136623,0.8746839140723076,0.4318150607022231,-5.323682158788379,-1.4826844884383794,1.3491434709608157,16245.3798828125,0,-0.2539344381356057,0,Full Recovery
2022-06-15,0.4867528039208979,35.6125152354296,-2.145737289124783,-0.014726900572770152,-0.268160945598539,-0.36609606157923524,-0.28288784617130913,-3.2424532522643434,0.7534199646748122,0.5014797044936681,0.1388162486378075,255.3122181593496,0.21859185832235895,-2.637974911520913,-0.4800014495849574,16354.552139993135,1.0158301540318946,-4.527221085467725,-0.02174317407791504,0.9949949808185937,-0.6611967886268055,-5.140031726628114,0.4069771942363465,1.3482920570003751,16108.5298828125,0,-2.1128447854290244,0,Full Recovery
2022-06-16,0.6046289536244198,34.9124946011912,1.1877580453692804,0.33693544885290416,-0.2539344381356057,0.744972774168895,0.08300101071729848,-3.375241963847775,0.7878942034448783,0.26769350477151566,-0.5040554802696828,242.19345625893624,0.35069451548881414,-0.268160945598539,0.26000022888183594,16305.485343743643,1.0184544482346896,-3.145634560396482,-0.2240287775121197,1.0031430387123308,-0.6153155223140194,-5.027005851780119,-0.25012104213407715,1.2926284312068201,15975.7099609375,0,-0.43682936266399297,0,Full Recovery
2022-06-17,0.5249346046351189,29.695449965904047,3.250569901142497,-0.05248996330511346,-2.1128447854290244,-1.6767698414100085,-2.165334748734138,-2.8388222839630273,0.7811427250523044,0.5774245679402323,-2.4305662355844193,264.348165997328,-1.5879101807939056,-0.2539344381356057,0.7200012207031214,16235.493807864485,1.0453104425703879,-2.6232425385622204,-0.10937499235695869,0.8474339873107886,-0.5233209061290212,-7.622085582300942,-0.3177214501553949,1.338181114625731,15752.2099609375,1,0.37042135956451006,0,Full Recovery
2022-06-20,-1.7402470156870464,28.758817274449683,-0.48098210019674736,0.822978601566271,-0.43682936266399297,-2.637974911520913,0.38614923890227804,-5.979597921248702,0.7893242832933314,-2.5632256172533174,-1.4887725241549132,249.49307719768422,-2.1770763783510394,-2.1128447854290244,-0.11000061035155895,16165.716488763412,1.0370723389659988,-2.7879279960421277,0.09948548239637756,1.0737386098951278,0.616298674503768,-7.783269239239576,-1.0519431614909203,1.313873601557075,15570.55,1,1.8804337854487096,0,Full Recovery
2022-06-21,0.001913279139342805,30.744906350751393,-1.537787249341016,-0.5483237729565382,0.37042135956451006,-0.268160945598539,-0.17790241339202817,-5.331888929635786,0.8220205731437585,0.550237052095881,0.8744054766072429,236.69420075882599,0.37233463870385286,-0.43682936266399297,-0.3500003814697301,16105.304185197605,1.0813979814252719,-2.179433611624837,-0.020898778585753952,0.8659142267234776,-0.8372911142412343,-7.359284549855549,0.5039841170427328,1.3155363949193402,15485.7,0,-1.4419265085317434,0,Full Recovery
2022-06-22,0.23343627163057157,39.9335612458691,-5.667114977291387,-0.3294092894144063,1.8804337854487096,-0.2539344381356057,1.5510244960343034,-3.016099534924399,0.9945369964445621,0.5628455610449778,3.131517219111246,254.0474290691072,2.113870057079281,0.37042135956451006,-1.2700004577636683,16070.74830515982,1.3606105968194997,1.8111284870852673,-0.03515173424193385,1.2286480907141968,0.4819809179333223,-4.736435463359401,1.2510834336625365,1.3680844469176967,15467.0400390625,1,0.9300447519609234,1,Full Recovery
2022-06-23,0.12521960361590034,35.923596297506734,0.756858335059607,0.39814499957604443,-1.4419265085317434,-2.1128447854290244,-1.043781508955699,-3.821962132715806,1.0035039326567126,-0.2729253959601441,-1.158728744109594,260.51663839635137,-1.316706904915843,1.8804337854487096,0.15999984741210582,16022.048416235944,1.3931274611586417,0.7833380500702924,0.2577884505722716,1.2978469650891642,0.160512941629265,-5.765075706916312,0.2831977644221495,1.3882630807136704,15411.269921875,1,0.9166472588529428,1,Full Recovery
2022-06-24,0.6458795778892412,40.04518109585046,-1.971831414731573,-0.048035204013108235,0.9300447519609234,-0.43682936266399297,0.8820095479478152,-3.7940277930605393,1.0514277599399504,0.6939147819023495,1.9622836649635156,255.26559832892104,1.5759243298501646,-1.4419265085317434,-0.4200000762939453,15987.57448841291,1.413808936882167,1.3452636928307893,0.07448274623000906,1.053164463903496,0.0914846745501352,-5.591962911947402,1.0322389130025922,1.3446562765831578,15450.480078125,1,0.8458990377725017,1,Full Recovery
2022-06-27,-0.4944542176900768,43.91021603896838,-1.5804594682461648,0.5695487873180971,0.9166472588529428,0.37042135956451006,1.48619604617104,-3.9945096148327863,1.051040086699511,-1.064003005008174,-0.8919715176769927,250.70963313506468,0.42219304116286605,0.9300447519609234,-0.3299999237060547,15966.217118900842,1.4249791845483872,0.3865398628249084,-0.06483606184687352,1.0277723641643137,-0.9528175276678041,-3.1018146795154355,-1.8086187765299355,1.3557800529930502,15531.630078125,1,0.11464333961117568,1,Full Recovery
2022-06-28,-0.49158802254494205,47.31640336706117,2.2384477318700524,-0.2993246935205862,0.8458990377725017,1.8804337854487096,0.5465743442519155,-4.977676344685634,0.879920490573804,-0.19226332902435583,2.045332681208878,245.54302254518092,0.3543110152275597,0.9166472588529428,0.4600009918212926,15956.278799329484,1.1993527575134886,2.7168095430976313,0.14063273600870563,1.0994333972200667,0.11410140896566112,0.3654618409252519,1.1994336434363762,1.3630240121393105,15628.0099609375,0,-0.32239710103227903,1,Full Recovery
2022-06-29,-0.17191921797248266,47.7831366431263,2.0942433568028163,-0.6138820387207367,0.11464333961117568,-1.4419265085317434,-0.499238699109561,-4.427919668271841,0.9403770665903642,0.441962820748254,0.575568626634948,233.93755313290666,-0.05727587836130699,0.8458990377725017,0.44000053405761363,15948.421124957857,1.194417579271089,1.8869730778574567,0.24127678679808362,0.9062774599846829,0.0456840071295872,0.7506981831409298,0.46092528702377233,1.2701474989259272,15670.2900390625,0,-0.11930812414028269,1,Full Recovery
2022-06-30,0.29292725210162684,46.53322002405685,2.097896688042611,-0.7849871987775203,-0.32239710103227903,0.9300447519609234,-1.1073842998097994,-4.379721236628287,0.9416351902815974,1.0779144508791472,-1.2943235845956247,223.8113455276857,-0.029469848930652187,0.11464333961117568,0.44999885559082387,15937.360271951718,1.1967462642714444,0.6360151559787974,0.8058216015045305,0.5085483501225204,0.18314564056434168,0.6815459709963889,-0.9719264835633457,1.270923470712041,15747.45,0,-0.17870563085186086,1,Full Recovery
2022-07-01,-0.30326821195277853,46.054654864718046,-0.2739701688926899,0.5858106875443858,-0.11930812414028269,0.9166472588529428,0.4665025634041031,-5.0983281212412805,0.7896422784505753,-0.8890788994971643,-1.0545449522898487,215.01016612399425,-0.4225763360930612,-0.32239710103227903,-0.059999465942386365,15925.722474029368,0.9277117752731414,-0.3271831842782791,-0.22118271193315442,0.5111229430370043,0.0,2.7319922483291403,-0.935236828149566,1.17485068937104,15792.169921875,1,0.5288188249805481,1,Full Recovery
2022-07-04,1.0138718569442706,45.303985272351454,-2.701465881253573,0.5207990504502713,-0.17870563085186086,0.8458990377725017,0.34209341959841044,-5.018306092852775,0.8736803118824071,0.4930728064939993,0.7933685915096245,207.3448770470448,0.8351662260924098,-0.11930812414028269,-0.5900001525878906,15912.857831855896,0.9091489239000582,-0.6192375453656807,0.08200083586700213,0.41867086013618304,1.6032999665274827,2.9983313478765483,0.9720742223614853,1.0405967851717561,15802.7298828125,0,-0.15471713984448465,0,Full Recovery
2022-07-05,-0.8770819537239238,48.00019432783902,-1.3176502900965281,0.6681298352743559,0.5288188249805481,0.11464333961117568,1.196948660254904,-4.431026414462713,0.8717824134621842,-1.5452117889982797,-0.6185791865986112,201.3624338053553,-0.3482631287433757,-0.17870563085186086,-0.28000068664551137,15907.116482042497,0.9118960937810947,0.22944345498328023,-0.015575123011590808,0.2975866932902431,1.8463674333538904,3.160875994064094,-1.1473980115791593,1.0460134084059178,15803.38984375,1,1.1318189707300252,1,Full Recovery
2022-07-06,0.2819846951221172,47.26225759903943,-0.8583614865095179,-0.2135743868378337,-0.15471713984448465,-0.32239710103227903,-0.36829152668231835,-3.6883961075866223,0.7037175936682721,0.4955590819599509,-0.7009517428310463,195.59524211047454,0.12726755527763256,0.5288188249805481,-0.17999839782714488,15899.985602585644,0.7334505001073803,0.19391080226864865,-0.014186006374428128,0.30048767189205433,2.2831050625997884,1.1001471138209151,-0.5462346029865617,1.0422511908701153,15795.5197265625,1,0.894949203151052,1,Full Recovery
2022-07-07,-0.3356576087191865,52.9517132933945,-2.5012045929026505,0.37147862217097316,1.1318189707300252,-0.11930812414028269,1.5032975929009984,-2.240429165074509,0.5272495483557607,-0.7071362308901596,1.1281730351454078,204.0357690738694,0.7961613620108388,-0.15471713984448465,-0.5200004577636719,15906.63850644504,0.5582700161772132,1.5093273761060066,0.543329611072374,0.5063232146538628,0.9369283892553426,3.7402763023183017,-0.0036459355846174546,1.0588345079961956,15833.659765625,1,0.5436047866567373,1,Full Recovery
2022-07-08,-0.42013701748495613,56.95119912449086,-5.278735425062086,0.8415778519921258,0.894949203151052,-0.17870563085186086,1.7365270551431777,-2.0948970265576183,0.5237260090784794,-1.261714869477082,0.6739242299679926,206.66634491610316,0.47481218566609584,1.1318189707300252,-1.0699996948242188,15923.398646013928,0.5544502924576451,1.8790288095303032,-0.40885419795779754,0.5203326667601511,-0.3884784631302485,3.704203575515641,-0.22102497318305936,1.0586648033403074,15904.18984375,0,-0.028356592763323363,1,Full Recovery
2022-07-11,-0.06134937241673022,59.23813203052473,-4.166672461562437,0.039862307058746715,0.5436047866567373,0.5288188249805481,0.583467093715484,0.11603528567276644,0.5036686435343001,-0.10121167947547693,0.1913409807383859,201.61779450020592,0.48225541424000706,0.894949203151052,-0.8000011444091761,15945.413532188823,0.5250371095588524,2.5915748370475944,0.22481666322731186,0.4445290789108926,-1.780885718344638,3.32085678854086,-0.3522638059183514,1.0424256428278729,15997.8998046875,0,-0.97249750439381,1,Full Recovery
2022-07-12,0.9553004517455443,59.06091622461806,-0.16303684738486757,1.012291469246529,-0.028356592763323363,-0.15471713984448465,0.9839348764832057,2.799470017493988,0.5128465391026852,-0.056991017500984675,-3.0787282823454443,196.35675523351154,0.926943858982221,0.5436047866567373,-0.029998779296878553,15965.456974248911,0.5015663696357036,1.4146530793099021,0.1385917628475397,0.6238624983576607,-2.506712005897238,2.4251451962892467,-3.050371689582121,0.9780047857240044,16074.0298828125,0,-0.5707292501522909,0,Full Recovery
2022-07-13,0.06361898773578067,53.18608875638653,0.9798496984426919,0.02126600138789847,-0.97249750439381,1.1318189707300252,-0.9512315030059115,2.073468916495491,0.6396149790822059,0.042352986347882204,-1.1570285191886742,201.90808044716823,-0.9088785166580293,-0.028356592763323363,0.17999839782714844,15972.334220948067,0.6326854836444372,-0.4624127350395746,0.18454288633769078,0.9040418846021885,-2.6339292974800643,1.3129147065066293,-0.18453101479486422,0.9891661456839654,16123.519921875,0,-0.1753655232310969,0,Full Recovery
2022-07-14,1.9493673829179992,50.069021414161845,-0.16171849342689892,-0.2958502226394266,-0.5707292501522909,0.894949203151052,-0.8665794727917175,1.7492822409094222,0.6624316331262816,2.2452176055574258,-0.4212276569211637,197.85135852296247,1.3786381327657082,-0.97249750439381,-0.029998779296875,15971.913196479692,0.656925709723447,-1.5655969869524777,-0.0017566908321997587,0.8182639421874758,-1.6527044883365538,1.060508417521322,0.14950159323112722,0.9916883143954145,16118.8900390625,1,0.6935957686387662,0,Full Recovery
2022-07-15,0.9573164896932163,49.121834411980466,-0.9719238700144017,-0.33169984478413905,-0.1753655232310969,0.5436047866567373,-0.5070653680152359,3.763204535955733,0.6716366296490006,1.2890163344773553,-1.5823865481126909,192.72271124073407,0.7819509664621194,-0.5707292501522909,-0.18000030517578125,15969.449284934899,0.6593109075894962,-1.7103453957511117,0.41660222953900927,0.725703617219782,-0.6652923021614798,1.003788853947185,-1.407021024881594,0.981648228249389,16080.0400390625,1,1.4287304158276504,1,Full Recovery
2022-07-18,-0.60712457926686,52.90960438716208,-4.034895119745929,-0.6028353198576086,0.6935957686387662,-0.028356592763323363,0.09076044878115752,4.941316214813485,0.6804215726150066,-0.0042892594092514,-0.14534684641231976,192.46579049717755,0.08647118937190612,-0.1753655232310969,-0.7399997711181641,15975.356759777686,0.6755674670544491,-0.05666608224828007,0.08871444264435535,0.7995515809986959,-1.0557702265196478,1.8864236357135855,-0.8389426150510859,0.9928660321424786,16045.76015625,1,0.3811764271124396,1,Full Recovery
2022-07-19,-1.574424766185023,59.62398550673463,-2.5000029802321744,0.52051752769533,1.4287304158276504,-0.97249750439381,1.9492479435229804,6.047820938236437,0.7541888192230538,-2.094942293880353,3.1648371940456332,208.22932572255363,-0.14569435035737266,0.6935957686387662,-0.4400005340576172,15997.81181460897,0.7780168055751457,1.9531310684807401,-0.19755852279635944,1.1798860618039588,-0.022961744525107353,2.7984882023863955,1.7361067782179829,1.0315941918911236,16058.26015625,1,1.103388850696918,1,Full Recovery
2022-07-20,-0.6269790968827738,61.23476997230933,0.23310557041396063,0.6416344811324137,0.3811764271124396,-0.5707292501522909,1.0228109082448533,4.487236928435268,0.7473718152690921,-1.2686135780151875,0.08491459574604399,202.2528153657963,-0.24580266977033416,1.4287304158276504,0.04000091552734375,16023.199813874046,0.7631289312304923,2.521539805521389,0.3886067015180794,1.052095123479175,-0.5272800272083544,3.350232330325986,-0.2962618313663956,1.0210833691674466,16114.71015625,1,0.5108719746296009,1,Full Recovery
2022-07-21,-0.8723579236001422,65.53711412669647,-2.2093084375555128,-0.3986113192412599,1.103388850696918,-0.1753655232310969,0.7047775314556581,7.185676128551477,0.7316773228982022,-0.4737466043588823,2.926185979816487,210.3396470149401,0.23103092709677586,0.3811764271124396,-0.3800010681152344,16060.06276168893,0.7598670075442117,2.9387720778774717,-0.2179083524639469,0.9621000736091261,-0.11509953646683391,3.3211785711777297,1.8227971291195688,1.0385274815695822,16225.55,1,0.6877295960614926,1,Full Recovery
2022-07-22,-0.9809187826380961,67.36313246534888,0.23781757582108654,0.12544667488105787,0.5108719746296009,0.6935957686387662,0.6363186495106588,6.740523075628957,0.7133218129905312,-1.106365457519154,0.6983171316273795,204.61791282961462,-0.4700468080084952,1.103388850696918,0.04000091552734375,16100.447001563824,0.7375078812345318,2.007248825137453,0.18470654989317659,0.682873220362779,-0.6235576501640416,2.927865405091623,0.18744515699777864,1.0339062506321945,16358.869921875,0,-0.5290199311757782,1,Full Recovery
2022-07-25,-0.9580494752284063,69.70232592980803,-1.2455574390214053,0.7982834467205491,0.6877295960614926,1.4287304158276504,1.4860130427820417,6.498394628724302,0.7531205860010557,-1.7563329219489554,-0.6165565188868349,203.70838643149912,-0.2703198791669137,0.5108719746296009,-0.21000099182128906,16146.299017651689,0.7443596415969957,2.3187678419107183,-0.2843640493043864,0.6935426113459782,1.345390879484576,3.075407946613029,-1.3042861149483276,0.9883671424706485,16492.9197265625,0,-0.884795806776506,1,Full Recovery
2022-07-26,-0.4913842042782224,65.77041383877547,6.186190451915619,0.494857476956978,-0.5290199311757782,0.3811764271124396,-0.03416245421880015,5.046410320639283,0.9216904596460159,-0.9862416812352004,0.1698713217284098,199.42783074063243,-1.0204041354540005,0.6877295960614926,1.0300006866455078,16182.202794121933,0.7850614472722771,0.6667356293982296,0.12647772122436063,0.9384792267069529,0.11480881271288546,2.559200789343863,0.698891252904188,0.8517625835919127,16563.4197265625,1,0.9582177441437301,1,Full Recovery
2022-07-27,-0.2914534434305782,59.73335336097198,2.771491870250231,0.019210750049902803,-0.884795806776506,1.103388850696918,-0.8655850567266032,3.9977376074397775,0.8850528151088738,-0.310664193480481,-2.8251715006556544,203.44673846479793,-1.1762492502070843,-0.5290199311757782,0.48999977111816406,16204.547002659197,0.7701637813324032,-0.7310964341096904,-0.1931685720540588,1.225883425198584,0.16132679375173709,2.650030263871894,-1.9403756938791483,0.8701896294733067,16592.0796875,1,1.7293731123692924,1,Full Recovery
2022-07-28,1.3675975322908984,63.59604176556782,-0.22014813076161044,0.07244938544674895,0.9582177441437301,0.5108719746296009,1.030667129590479,5.333855679819566,0.8389485080216417,1.2951481468441495,1.6774998894108828,208.47519677365815,2.3258152764346285,-0.884795806776506,-0.04000091552734375,16236.9361714437,0.7369652968491673,-0.46441982917069247,0.14888910240484776,1.1563197615680747,0.41484283869044347,4.228503625415514,0.7192821452671527,0.8784392483194708,16616.269921875,1,1.3505953826479233,1,Full Recovery
2022-07-29,-1.478360994796235,69.3629384794694,-6.177600572141495,-0.1134489466653843,1.7293731123692924,0.6877295960614926,1.615924165703908,7.283468952488081,1.0031086371693225,-1.3649120481308508,2.8130693502693704,230.33808069342,0.2510121175730573,0.9582177441437301,-1.1199989318847656,16288.244574253426,0.8093178524057937,1.795439897630935,0.007759237362514604,1.4152210725869645,2.300724393566833,6.21727181702203,1.083696237900078,0.8068097734551474,16681.13984375,1,1.0595531668439406,1,Full Recovery
2022-08-01,-0.43516520736781583,73.01978387688104,-2.7042973876051923,-1.0476178083810073,1.3505953826479233,-0.5290199311757782,0.30297757426691607,8.927093379898032,1.0351882492869489,0.6124526010131914,1.7069013474310335,241.55188868429713,0.9154301752801075,1.7293731123692924,-0.46000099182128906,16352.689420605024,0.8430112071403221,4.09127968652081,-0.345526812295871,1.4845891581696598,0.846882028409679,6.910311985586803,0.35630596478311016,0.8143554639626951,16768.9,1,0.0311327663805816,1,Full Recovery
2022-08-02,-1.135475035116551,75.52157706783642,5.679761796923022,0.03883659085390789,1.0595531668439406,-0.884795806776506,1.0983897576978485,9.502165780944761,0.9882474976986637,-1.174311625970459,0.23222598880958678,245.1451082138907,-0.07592186827261038,1.3505953826479233,0.9400005340576172,16425.82729917132,0.8138481667593915,4.195759877060334,-0.4734123929632572,1.2696350743190483,1.4220246978908557,6.521183040513567,-0.8273271780343538,0.8235266656943514,16910.71015625,1,0.24618083588656692,1,Full Recovery
2022-08-03,0.07500760234475656,75.59394739582152,5.9462603152501625,0.2875796129338415,0.0311327663805816,0.9582177441437301,0.3187123793144231,9.705990805611497,1.0716581623194834,-0.21257201058908493,-0.6685476022416204,235.58635941037176,0.10614036872533816,1.0595531668439406,1.0400009155273438,16493.947441362336,0.8333541467719547,2.4563463931227103,-0.30191072039795763,0.7996195790076054,1.6566986559380048,6.1497282898904215,-0.699680368622202,0.7776305691183163,17083.030078125,0,-0.03537116074355806,1,Full Recovery
2022-08-04,-1.016112822502424,76.19350237431404,-0.4317318982276719,-0.3375715454497441,0.24618083588656692,1.7293731123692924,-0.09139070956317719,8.745266376177918,1.169961426291945,-0.67854127705268,1.3516056966933032,227.35904534315554,-0.7699319866158572,0.0311327663805816,-0.07999992370605469,16560.184696863274,0.8199960605317305,1.3398825091428312,-0.4448113332435333,0.933956319415221,1.4229950338016772,5.249734739778988,1.1054248608067363,0.7008744408041,17232.3,1,0.08917270739845495,1,Full Recovery
2022-08-05,2.4036853807009817,75.90427108480844,4.39024082627375,-0.5797976775296365,-0.03537116074355806,1.3505953826479233,-0.6151688382731946,7.742560724548109,1.2009286114652773,2.983483058230618,1.2440146976279376,220.2205059640681,2.3683142199574236,0.24618083588656692,0.8099994659423864,16621.059904503032,0.8383628193059095,0.24192096827859721,0.6536541494493342,0.8184751949957635,1.4538831962587206,4.677737462549492,1.2793858583714957,0.6980954664431829,17322.780078125,1,0.7334364671648164,1,Full Recovery
2022-08-08,-0.4173075262623449,76.1499849569126,-1.7653174898619062,0.3479783448855356,0.08917270739845495,1.0595531668439406,0.43715105228399054,7.255591155488417,1.2160884658703393,-0.7652858711478805,0.640133728161052,214.05443850219217,-0.32813481886388995,-0.03537116074355806,-0.3400001525878942,16678.573985650957,0.8417655116165319,0.3000832125681363,0.046257572423424875,0.5794991255833175,1.4979569379046875,4.055461231878388,0.550961020762597,0.6921910166235168,17370.630078125,0,0.0,1,Full Recovery
2022-08-09,-0.7295724048761221,78.12737709405123,2.008452215825973,0.10198450005856063,0.7334364671648164,0.0311327663805816,0.835420967223377,8.072888562993331,1.129548596250841,-0.8315569049346827,-0.019522420091988568,214.21052769148295,0.003864062288694292,0.08917270739845495,0.37999916076660156,16741.27958740829,0.7790341347622672,0.7876008412248225,0.3230364248026918,0.3993564883183941,0.904562867796499,5.376102515633452,-0.7529588872568049,0.6896862492105748,17407.63984375,1,0.05506610997998429,1,Full Recovery
2022-08-10,0.0,78.12737709405123,0.0,0.0,0.0,0.24618083588656692,0.0,8.072888562993331,0.9233490654157914,0.0,0.0,214.21052769148295,0.0,0.7334364671648164,0.37999916076660156,16741.27958740829,0.638313449569004,0.823263199718105,0.2408991261570126,0.44106612439747345,0.904562867796499,6.316789006663837,0.0,0.6913024265522286,17407.63984375,1,0.7085929368824795,1,Full Recovery
2022-08-11,0.025691180740827768,78.12737709405123,1.5025954766385352,0.07688249176938111,0.05506610997998429,-0.03537116074355806,0.1319486017493654,9.821093159876092,0.9503315427496165,-0.051191311028553343,-0.889453762130088,208.35177979829456,0.08075729072081206,0.0,0.37999916076660156,16804.383272651226,0.6483634032711597,0.7889064520764544,-0.029520068854604897,0.47130984881630666,1.538810423869963,5.3657006864068935,-0.9445198721100723,0.6822496928810776,17407.63984375,1,0.22170219505635025,1,Full Recovery
2022-08-12,-0.2182719577667358,80.13085445498068,-6.278711243776303,0.8375869835711258,0.7085929368824795,0.08917270739845495,1.5461799204536053,10.79357139539805,0.7383353635609747,-1.0558589413378616,1.7930242469432978,208.91087582518838,0.4903209791157437,0.05506610997998429,-1.2299995422363317,16867.688215417802,0.5015790999459374,0.7640492414283884,-0.6039307799242555,0.5589306905523594,0.5597850444562624,4.308432611844437,1.0844313100608183,0.6793377706480145,17407.63984375,0,0.0,1,Full Recovery
2022-08-15,-1.3758276354087995,80.72980915218409,-4.084967184462607,0.19612633439258786,0.22170219505635025,0.7334364671648164,0.4178285294489381,10.274344984456674,0.5697005961288872,-1.5719539698013874,-1.1503680896226776,204.65362623599643,-1.1541254403524492,0.7085929368824795,-0.7499999999999964,16929.203932099816,0.3827922707023578,0.9874453504242986,0.6526062630100027,0.5333308705424354,0.6261153212295811,3.1465935665059064,-1.3720702846790278,0.6719183256020079,17407.63984375,1,0.7181519343531395,1,Full Recovery
2022-08-16,0.0,80.72980915218409,0.0,0.0,0.0,0.0,0.0,10.274344984456674,0.4255319814187584,0.0,0.0,204.65362623599643,0.0,0.22170219505635025,-0.7499999999999964,16929.203932099816,0.2872822871601859,0.9318660980339066,0.01708645554847621,0.47329394365706967,0.6261153212295811,2.0651589426843975,0.0,0.6751132691832235,17407.63984375,1,0.6675923198833145,1,Full Recovery
2022-08-17,-0.17516678684847964,80.72980915218409,0.3974996729021685,-0.2126846938230731,0.7181519343531395,0.05506610997998429,0.5054672405300664,9.08598678170911,0.4791936451800622,0.03751790697459345,0.07729266668587975,200.67355695418775,0.5429851475046599,0.0,-0.7499999999999964,17000.465327779653,0.3212281199424249,0.9414462880117824,-0.09381094034282,0.5489865355026176,0.6261153212295811,2.766147911184369,-0.6408592676672598,0.670351376996664,17407.63984375,1,0.06826699360520383,1,Full Recovery
2022-08-18,-0.3165723838536527,82.70864072286525,0.0,-0.10170201151515901,0.6675923198833145,0.7085929368824795,0.5658903083681555,8.615782022598095,0.522721842045466,-0.2148703723384937,1.1631963309538973,201.74658269362922,0.35101993602966175,0.7181519343531395,0.0,17070.375303499677,0.3440491511668234,1.3905385813952842,-0.5114816520474741,0.5343641805515652,-0.6017393897725598,3.1981527470272386,0.49560401107058283,0.6581878227400072,17407.63984375,0,-1.1029475746944017,1,Full Recovery
2022-08-19,-0.4034173297186139,82.90327066861161,-1.8665153733591677,0.4244831118681347,0.06826699360520383,0.22170219505635025,0.49275010547333853,8.137486638261993,0.5106449614361004,-0.8279004415867486,-0.7865974271235809,198.7890383344785,-0.33515033611341005,0.6675923198833145,-0.3299999237060547,17136.014169907106,0.3336995594897253,1.4597548538849203,0.27000648266188865,0.5389136893007007,-0.8016045681913053,3.3051432516396195,-0.8548644207287848,0.6534864429097443,17407.63984375,0,-1.50773300473388,0,Full Recovery
2022-08-22,0.05314524636013118,69.31843391710635,5.417870394179136,-0.5870783673599389,-1.1029475746944017,0.0,-1.6900259420543406,6.21431954130891,0.7980894268757486,0.6402236137200701,0.05729463280197411,210.5295702023816,-1.0498023283342706,0.06826699360520383,0.9400005340576172,17182.120469821395,0.5623719576229059,-0.3747536850815525,0.5128518189338793,1.0435391120262936,-1.2888929578993014,2.074718889208227,1.1602422074963759,0.7046477983608853,17407.63984375,1,0.49626821755044404,0,Full Recovery
2022-08-23,-0.1461812065106871,55.96639236510477,4.100601216281441,-0.2575168322698107,-1.50773300473388,0.7181519343531395,-1.7652498370036906,5.169257523600512,0.9601700896547489,0.11133562575912359,-1.8550984515182667,229.81942698789726,-1.653914211244567,-1.1029475746944017,0.75,17204.97815492722,0.7458915395305087,-2.5275549618958726,0.1895519551502689,1.290066699769477,-1.2888929578993014,-0.19629212610351443,-0.34736544678438674,0.7768327169019543,17795.0296875,1,0.1561611079505143,0,Full Recovery
2022-08-24,0.2607854212595573,58.74096941987549,0.05251219040147692,0.5479163132228848,0.49626821755044404,0.6675923198833145,1.0441845307733288,6.634678285362416,1.02852224841665,-0.28713089196332753,-1.7675380504209914,222.61350338951067,0.7570536388100013,-1.50773300473388,0.009998321533203125,17232.57236567335,0.7634602936722192,-2.110656308300618,-0.04267303510004927,1.304986200579248,-1.119820790398407,0.29900195601153534,-2.2638062679714355,0.7422885550066317,17745.4796875,0,-0.46861822192667546,0,Full Recovery
2022-08-25,-0.4679807901098676,59.60773521450171,-3.25458769929291,0.724645935275614,0.1561611079505143,0.06826699360520383,0.8808070432261283,5.787525341519295,1.0553251944738042,-1.1926267253854816,-0.3384229192497479,216.40496856257587,-0.3118196821593533,0.49626821755044404,-0.6199989318847656,17260.15583627162,0.7644610452061722,-0.8643772781574244,-0.03667436478137498,1.1912755987662889,-0.6053736598736981,0.40034342519852384,-0.4945840272002622,0.7243843405840488,17677.61953125,1,0.2080255529346653,0,Full Recovery
2022-08-26,0.06724207513768565,55.812629545396966,6.185563596156252,0.24383750920050629,-0.46861822192667546,-1.1029475746944017,-0.22478071272616917,3.5018525130783518,1.0101444522890541,-0.17659543406282063,-0.8704106991202054,210.91423837923227,-0.4013761467889898,0.1561611079505143,1.1399993896484375,17279.584975714464,0.7407829231370578,0.18152504712884987,-0.07225780760277134,1.255205404878642,0.2020205479891901,-0.7732645180927533,-0.40179247719352995,0.7333435543375805,17590.809375,0,-1.4009988924553851,0,Full Recovery
2022-08-29,-0.3096657545307635,57.111902106723704,-6.898315802359322,-0.11457713168947503,0.2080255529346653,-1.50773300473388,0.09344842124519026,2.335030615738787,1.013760174968343,-0.19508862284128847,0.28994453641610907,206.20420711616757,-0.10164020159609821,-0.46861822192667546,-1.3500003814697301,17300.275006448577,0.7401864222224543,-0.10581487341772,0.10789620471156613,1.3174151247640875,-0.2701461882739564,-0.7868053831984745,0.08191898348144377,0.7301395738338137,17550.899609375,1,2.578426378902554,1,Full Recovery
2022-08-30,1.1251725525885492,47.055916541386,8.781561151305839,-0.4212673975069192,-1.4009988924553851,0.49626821755044404,-1.8222662899623043,-0.1565761886600625,1.1141823116771652,1.5464399500954684,-3.5294316260223946,223.052246427762,-0.2758263398668359,0.2080255529346653,1.6000003814697301,17301.210220091274,0.84873079213336,-1.6589018491115937,0.09539262594371323,1.158473091301651,-0.3182614207860812,-2.1767811409494686,-2.1284327335670095,0.7617521684977726,17515.33984375,0,0.0,1,Full Recovery
2022-08-31,-1.3537057314721546,60.609721002682576,-5.6508524174056385,0.7135236623324159,2.578426378902554,0.1561611079505143,3.29195004123497,2.3859374137894074,1.3759416866407739,-2.0672293938045705,2.6335940938870595,264.67153284156007,1.2247206474303995,-1.4009988924553851,-1.1199989318847656,17335.14285425118,1.2053299285808723,1.3517035178310266,0.011011031163987717,1.6870207720864163,-0.5662513960581816,-0.3699764028554986,0.055167714984505345,0.8760036418301799,17551.7,0,-1.2190795272107646,1,Full Recovery
2022-09-01,0.0,60.609721002682576,0.0,0.0,0.0,-0.46861822192667546,0.0,2.3859374137894074,1.3674103876188775,0.0,0.0,264.67153284156007,0.0,2.578426378902554,-1.1199989318847656,17335.14285425118,1.1805995255120325,1.1413037614359745,-0.3571512732893689,1.6909122311567488,-0.5662513960581816,-1.0306879292809712,0.0,0.8633834699991663,17551.7,0,-0.01910505934481499,0,Full Recovery
2022-09-02,0.08201489279228147,60.609721002682576,6.256684644701771,0.6234341104704111,-1.2190795272107646,0.2080255529346653,-0.5956454167403535,0.9250994203773955,1.3634385126686428,-0.5414192176781296,-1.9751533962720114,251.21773509848532,-1.1370646344184832,0.0,-1.1199989318847656,17351.65762311412,1.2297040950133853,1.3279137835823906,-0.16753927904682442,1.727235768167735,-2.8897870366604184,-2.3038967435190627,-0.7560738690612467,0.9019138622321556,17551.7,1,0.7203850071011875,1,Full Recovery
2022-09-05,-0.36997984208887447,60.46456949433563,-1.6104760375299398,0.3238062904248551,-0.01910505934481499,-1.4009988924553851,0.3047012310800401,0.8159173372610962,1.3268391759932894,-0.6937861325137296,-0.3626987559303574,241.10796937702025,-0.38908490143368946,-1.2190795272107646,-0.32000160217285156,17365.56811167974,1.1909825061145345,-1.2379516806884427,0.21119020353672635,1.7238424758582216,-2.099323524136232,-1.233215790986819,-0.3435936965855424,0.8976087890156433,17551.7,0,-0.05774531254664206,0,Full Recovery
2022-09-06,-0.24542339055908524,63.967941975156066,0.5626629905081337,0.2556190374270795,0.7203850071011875,2.578426378902554,0.976004044528267,0.8028551906189119,1.2397612313243762,-0.5010424279861647,0.3272525051299269,237.58431564758405,0.4749616165421022,-0.01910505934481499,0.1100006103515625,17387.807568684944,1.1075269384558017,-0.5264846918900945,0.009666329780722016,1.5164124213920087,-0.7069499871857343,1.0011124215794087,-0.3931325019712606,0.8933389029665889,17551.7,0,-0.17671004916441913,0,Full Recovery
2022-09-07,0.31599263014824297,63.47885839668946,-0.7121026995677515,-0.2920825703293217,-0.05774531254664206,0.0,-0.3498278828759638,0.8028551906189119,1.2624429792013336,0.6080752004775647,-0.3369622347602075,229.4472063737395,0.2582473176016009,0.7203850071011875,-0.1399993896484375,17407.644016143466,1.0996164822227994,0.6429921284038187,0.07337087845047385,0.7563454280778389,-0.9111651753431205,0.44431579789503406,-0.2792169222135654,0.8710226918860221,17551.7,1,0.9892512965589573,1,Full Recovery
2022-09-08,0.9569910833563622,61.919568161800186,-0.7684406506794583,-0.35421681227030266,-0.17671004916441913,-1.2190795272107646,-0.5309268614347218,0.5112727049145338,1.2758087982901893,1.3112078956266648,0.32296526252517666,222.35344604474082,0.7802810341919431,-0.05774531254664206,-0.14999961853027344,17423.70004388284,1.1010744712486444,0.4843434409798064,0.14051405346131585,0.7522440736957487,-0.9111651753431205,0.11048695246609341,0.4996753116895958,0.8630403494604357,17605.61015625,1,0.19439347917691308,1,Full Recovery
2022-09-09,-1.039262791818829,66.82395192481886,-5.472386821708408,0.9193297144767243,0.9892512965589573,-0.01910505934481499,1.9085810110356816,0.7913811654113978,1.3606365389691923,-1.9585925062955534,0.9700923966692754,227.81876782210844,-0.05001149525987181,-0.17671004916441913,-1.0600013732910156,17451.48152211374,1.1259452552632518,0.7525796333620383,-0.30702794334345196,0.5626756022797125,0.5767012890421253,1.5768388185958715,-0.01915889988968189,0.8275136106371181,17656.8,1,0.5775695663245095,1,Full Recovery
2022-09-12,-0.19951872092325296,67.71264132435688,-3.2222838328604175,0.3198015304074042,0.19439347917691308,0.7203850071011875,0.5141950095843173,0.7639172216641121,1.4126433270934309,-0.5193202513306572,2.21209000649063,221.22073159166018,-0.005125241746339881,0.9892512965589573,-0.5900001525878906,17479.768047096055,1.1258919200814013,1.0067627491145315,0.07093007673761864,0.5378934691534296,0.6686671032268388,1.5630205345690928,2.017696527313717,0.7970107516500317,17715.580078125,1,0.7454201929980142,1,Full Recovery
2022-09-13,-0.37306501751628307,70.26609514458414,1.2415419256665672,-0.18589327705431646,0.5775695663245095,-0.05774531254664206,0.39167628927019305,0.7639172216641121,1.2603611078696864,-0.1871717404619666,1.4174478404897162,217.41553378568875,0.20450454880822644,0.19439347917691308,0.220001220703125,17513.58890356116,0.9860909295775265,1.7699848609654678,-0.0633563007501281,0.5082116068550472,0.1377987076990328,3.60106743921198,0.8398782741652067,0.7823876215271522,17769.68984375,0,-0.3669097671756161,1,Full Recovery
2022-09-14,-0.5067335028031694,73.22608389437514,-2.619850650566402,-0.008245794242967008,0.7454201929980142,-0.17671004916441913,0.7371743987550472,1.3733371551591045,0.8042184839962974,-0.4984877085602024,-0.04925856044321053,218.30031938509646,0.23868669019484479,0.5775695663245095,-0.470001220703125,17554.808301908484,0.6357755948119861,1.524268733759393,-0.37724680802766475,0.48874551361374596,0.0,1.7497873583406154,-0.7946787534412247,0.7905508358528245,17852.580078125,0,-0.7017960667916379,1,Full Recovery
2022-09-15,-0.13051221378687083,69.52970392195418,4.636527791227962,1.6692312323371983,-0.3669097671756161,0.9892512965589573,1.3023214651615822,0.33158254036809165,0.8260986788802216,-1.7997434461240691,-3.362998510782289,213.19861013375007,-0.4974219809624869,0.7454201929980142,0.8100013732910156,17588.063242507855,0.6572498056985784,0.9555153370369718,0.3113854112646752,0.5653852936032231,-0.5298307833328408,1.3764574504424587,-2.996088743606673,0.7956068959060338,17928.45,0,-1.9384853148544656,0,Full Recovery
2022-09-16,-0.5862342703881529,63.00275408119997,0.6017434292729051,0.2279412003284853,-0.7017960667916379,0.19439347917691308,-0.47385486646315256,-0.44050683248405553,0.6798069569626394,-0.8141754707166382,-1.4333136408019809,213.53701029299995,-1.2880303371797908,-0.3669097671756161,0.10999870300293324,17609.495623849867,0.5501370872626561,-0.3286578374854354,-0.18680909818101776,0.6465779246314498,-1.261466184194926,1.907332891408231,-0.731517574010343,0.8092548650173782,17944.180078125,1,0.521368859248672,0,Full Recovery
2022-09-19,0.5645571555833895,49.32574314327768,7.775967116022375,0.8892155532218005,-1.9384853148544656,0.5775695663245095,-1.0492697616326652,-1.2816412433958035,0.9792478789886709,-0.324658397638411,-3.7062357873989593,242.95941282684987,-1.3739281592710761,-0.7017960667916379,1.4300003051757777,17603.669993148025,0.8720349610292603,-2.9839494000453493,0.4976495932699221,1.0659206028112918,-3.2065999330549433,-0.04903009933634461,-1.7677504725444937,0.890515036736091,17883.680078125,1,1.1008809885230342,0,Full Recovery
2022-09-20,-0.3371113302452766,52.26880774546531,0.6054532849702143,-0.20845753086995433,0.521368859248672,0.7454201929980142,0.3129113283787177,0.7521184808265247,0.9664513410778659,-0.1286537993753223,0.3883001106796069,234.49970986660298,0.18425752900339543,-1.9384853148544656,0.12000083923339844,17605.046289951875,0.8558512815361174,-2.119002985489138,-0.1998761511223801,1.1114802941987896,-2.8899045083248587,-0.2465259389555885,-0.13306874856906514,0.8855606537675831,17820.86015625,0,-0.5495005437451739,0,Full Recovery
2022-09-21,1.9800642156261983,57.86273838195852,-5.717157805737982,0.2777116051730921,1.1008809885230342,-0.3669097671756161,1.3785925936961263,1.3582705162850317,1.02070302215627,1.7023526104531062,0.7849609781509947,240.97724855105582,3.0809452041492325,0.521368859248672,-1.1400012969970703,17620.691009214697,0.9259350943704157,-0.3420541537855093,0.022584834824335154,1.1832559377276157,-2.3218352219154137,0.9099118363541381,-0.31592001037203943,0.9071542595340569,17770.1,0,-0.4997577656902563,0,Full Recovery
2022-09-22,-0.8398379859939631,54.398040065506336,2.819152702946459,-0.08919124305261095,-0.5495005437451739,-0.7017960667916379,-0.6386917867977848,0.64413926570277,1.0343958407475446,-0.7506467429413521,-0.6563496441191696,233.7125672338316,-1.389338529739137,1.1008809885230342,0.5300006866455043,17627.92497959694,0.945367974886324,1.0695431435321368,0.06926111238361177,1.1784865790775785,-1.1116246846779032,0.5330633477889757,-0.10684910037399575,0.9139324981234255,17713.019921875,0,-1.7155677232420508,0,Full Recovery
2022-09-23,0.8123171088985637,51.400161726025274,-2.638387123097574,-0.890530024555436,-0.4997577656902563,-1.9384853148544656,-1.3902877902456923,0.6126515828913215,0.9871852590461563,1.7028471334539996,-0.22575362288470568,226.11060254015433,0.31255934320830736,-0.5495005437451739,-0.5100002288818324,17628.063927867537,0.8983509824843312,0.042847997559913864,0.3610639736913335,1.1642136831288796,-0.13936715367488528,-0.9492195730037234,0.27400414280555063,0.9100125575756899,17663.5,0,-1.7951321762256445,0,Full Recovery
2022-09-26,1.6981313879323445,42.73674292939527,9.404891001408732,-0.9532395706063346,-1.7155677232420508,0.521368859248672,-2.6688072938483853,-1.3187088946277625,1.0665575168875452,2.651370958538679,-0.7105375251308721,247.84091152438393,-0.01743633530970623,-0.4997577656902563,1.7700004577636719,17605.788793164385,1.0248946969397366,-2.7441262365817676,1.2635806566750007,1.012786904486102,1.3251334489657873,-2.837380587963101,1.0050301981111787,0.9609371089746328,17622.8,0,-0.052305085220449854,0,Full Recovery
2022-09-27,0.7234159170430576,36.01390007092511,6.313740784004596,-0.5565424351475223,-1.7951321762256445,1.1008809885230342,-2.351674611373167,-1.7131711191246124,1.0649554797159793,1.27995835219058,0.5689635683665095,267.61283425863286,-1.0717162591825868,-1.7155677232420508,1.2999992370605504,17562.12301450406,1.0769403064693437,-3.962269870516255,0.23759092365778223,1.0681197288505726,0.7085480301827873,-5.129521046155938,2.364095744592154,1.0112538287986135,17501.61015625,0,-0.874917846539458,0,Full Recovery
2022-09-28,1.034229657381891,35.84016530829655,-1.46185337481346,-0.6134784827713236,-0.052305085220449854,-0.5495005437451739,-0.6657835679917734,-4.233840058719229,1.0007773324136946,1.6477081401532145,0.9740629876440421,254.60765687831483,0.9819245721614411,-1.7951321762256445,-0.3199996948242223,17521.03244977228,0.9995610476716804,-3.530388110153504,0.44428152671647236,0.865488604964919,-0.16475289893189693,-5.880727196005653,1.026368072864492,0.9987846598811762,17339.840234375,0,-0.24023347691036756,0,Full Recovery
2022-09-29,1.7274372196542487,32.97601643488231,2.4571195834216075,-0.6874109437407738,-0.874917846539458,-0.4997577656902563,-1.5623287902802319,-4.233840058719229,1.0044922981778246,2.4148481633950225,0.23514903850501145,251.73913986745634,0.8525193731147906,-0.052305085220449854,0.5300006866455078,17471.963350483595,0.9993234463980464,-2.7052608192679517,0.13331094813706645,0.8279223657682924,-0.9367717066321002,-6.360621485107265,1.1100668850444695,0.9948542642988861,17167.890234375,1,1.642575596626905,0,Full Recovery
2022-09-30,1.5695848461684814,32.22126717606376,-3.6199146181009056,-0.05665026793388872,-0.24023347691036756,-1.7155677232420508,-0.2968837448442563,-4.131046010905914,1.013861878235088,1.62623511410237,-0.9184380830524641,240.59805403096215,1.3293513692581138,-0.874917846539458,-0.8000011444091797,17423.528999290364,1.0073192762239926,-1.1647723816294753,-0.36206776317011524,0.9094635077334324,-0.20935135862758525,-5.925362514146649,-0.6782046061420965,0.993546850657931,17005.55,0,-1.2109264448790458,0,Full Recovery
2022-10-03,-0.8844715644218848,41.97655257825438,-6.24413132086854,0.971654834828195,1.642575596626905,-1.7951321762256445,2.6142304314551,-2.537705738782148,1.0745435133134311,-1.8561263992500798,0.6044196369855426,256.7478798997501,0.7581040322050203,-0.24023347691036756,-1.3299999237060582,17399.145340778115,1.111490215081254,0.5112434396377763,0.0637307724343783,1.2900031361181956,0.7940218472934468,-2.4898964381428024,-1.0381559596413625,1.034383625421032,16958.95,1,2.291367093271912,1,Full Recovery
2022-10-04,2.344529080262958,37.608523145127975,7.010523655565137,-0.3481457339128746,-1.2109264448790458,-0.052305085220449854,-1.5590721787919204,-4.406543363158644,1.0895621616069804,2.6926748141758328,-0.9341735900837644,261.3730623193668,1.1336026353839124,1.642575596626905,1.4000015258789098,17361.234545859366,1.1135499199156775,0.17053611015243053,0.04995400205527467,1.118244378882537,1.172607896709743,-4.170298291222741,0.27675285479528133,1.0220159611309938,16933.159765625,0,0.0,1,Full Recovery
2022-10-05,-1.418583842361243,48.41476545426189,-8.423027953768436,0.5495825592207293,2.291367093271912,-0.874917846539458,2.8409496524926414,-2.159648137481174,1.2056697646485037,-1.9681664015819722,2.8727103441437363,289.63301078095094,0.8727832509106692,-1.2109264448790458,-1.8000011444091797,17354.795007740155,1.3356409049269564,2.7125607676903973,-0.03225969475422197,1.371390370174054,3.8425297936682146,-3.0418815337121985,0.5813432508718241,1.10779994984429,16986.53984375,1,0.33286441360573793,1,Full Recovery
2022-10-06,0.0,48.41476545426189,0.0,0.0,0.0,-0.24023347691036756,0.0,-2.159648137481174,1.2062989387366891,0.0,0.0,289.63301078095094,0.0,2.291367093271912,-1.8000011444091797,17354.795007740155,1.3355592843350557,1.0526938783111728,-0.036202058602397,1.2624950265178991,3.8425297936682146,-2.5061523105405215,0.0,1.1071544882673163,16986.53984375,0,-0.09895331040011834,1,Full Recovery
2022-10-07,-0.6763137381711415,48.41476545426189,-1.2774655283521508,0.10896287523209924,0.33286441360573793,1.642575596626905,0.4418272888378372,-2.6234944518575776,1.2144655440751502,-0.7852766134032407,1.5703588707781435,272.0980857103297,-0.34344932456540356,0.0,-1.8000011444091797,17352.966306369803,1.3438742838825781,2.631858652516228,0.2250079276288508,1.2430188581204717,3.216776700078916,-1.690319724525391,1.2374944571724056,1.1065561228289353,16986.53984375,0,-0.425364584114718,1,Full Recovery
2022-10-10,-0.305200501303704,47.95498018656723,-2.6397527791807596,-0.16783485895811578,-0.09895331040011834,-1.2109264448790458,-0.26678816935823413,-2.9085910954009475,1.1111034822606114,-0.13736564234558823,-0.698743734055407,258.9045414697857,-0.40415381170382236,0.33286441360573793,-0.5100002288818359,17350.128090388705,1.2285391770480674,0.23358172284921874,0.8575695915630455,1.1470781010335906,3.081561250594933,-0.07329002436200494,-0.5997904236552887,1.1056928508921735,16986.53984375,0,-1.49323831999304,0,Full Recovery
2022-10-11,-0.383940562609808,45.937406462282546,4.306227518813133,0.2085434259750607,-0.425364584114718,2.291367093271912,-0.2168211581396573,-3.876762131195044,0.9947912372949497,-0.5924839885848687,1.0600859756431324,247.37193594048094,-0.809305146724526,-0.09895331040011834,0.8100013732910156,17342.04452813769,1.0726983978754352,-0.19277643518946785,0.5868914754307397,0.9831674432337132,1.3676406141291286,1.3204939289601203,1.4854505597578505,1.0783150851759136,16986.53984375,1,0.8246145339619648,0,Full Recovery
2022-10-12,-0.05415491242993786,39.65663782865031,4.4342451308414965,0.5195298282069993,-1.49323831999304,0.0,-0.9737084917860406,-6.012711381682356,1.1976995434249738,-0.5736847406369372,-1.991250114720211,260.03794083591697,-1.5473932324229778,-0.425364584114718,0.8699989318847656,17315.48943577564,1.1911082566506863,-2.0093122716754674,-0.49690545127818453,0.6298280306218307,-1.4301954120925275,-0.1402307749992615,-0.49801179472717116,0.9944967108568742,16986.53984375,0,-0.6380083772817624,0,Full Recovery
2022-10-13,-0.7267740368886999,44.131559676368965,-1.512930548585678,0.2244081366569617,0.8246145339619648,0.33286441360573793,1.0490226706189265,-4.888705911962788,1.163249375996087,-0.9511821735456616,0.8196377459545934,255.4551255473778,0.09784049707326492,-1.49323831999304,-0.3099994659423828,17301.275374560777,1.174754382156699,-1.1034053644735642,-0.17810717458761616,0.7673523856056392,-1.4301954120925275,1.5718980587962728,-0.0049767880073714466,1.009890403796207,17198.9203125,1,1.0070888003887335,0,Full Recovery
2022-10-14,0.8545363331036171,41.54343606491939,0.5450971689200168,-0.6262322290632283,-0.6380083772817624,-0.09895331040011834,-1.2642406063449907,-4.827607831072511,1.2043166466836452,1.4807685621668454,-0.6804605554392329,247.30400854731062,0.2165279558218547,0.8246145339619648,0.1100006103515625,17280.021614176647,1.1964319690134202,-1.3146011868511054,-0.08982914657673646,0.7392845097160128,-1.332430372296578,1.166897595793781,-0.04245217815747049,0.9934529861292137,17135.430078125,1,0.7337586960815656,1,Full Recovery
2022-10-17,-0.3597053303999731,46.81203863679871,-10.004931468938494,0.7576214248836699,1.0070888003887335,-0.425364584114718,1.7647102252724034,-1.9688172468288356,1.1060897516322417,-1.117326755283643,1.6281841011124287,248.63388813683554,0.6473834699887604,-0.6380083772817624,-2.0300006866455043,17273.034770070968,1.121235403340335,1.1902601529190981,-0.009606354784674753,0.9561015163978076,-2.764673658191652,0.5343848199109047,0.6210953007236952,1.0136929680210254,17109.63984375,1,1.0117285874136073,1,Full Recovery
2022-10-18,-0.4870476178515215,50.357995877726445,0.8762313549100398,0.8305145080562903,0.7337586960815656,-1.49323831999304,1.564273204137856,-1.761688880534551,1.027942466337715,-1.3175621259078119,0.23288077239476124,243.8374452394239,0.24671107823004412,1.0070888003887335,0.15999984741210582,17275.906326454602,1.0423873179241963,1.0990748216978874,0.2685210909449065,0.9945469003747415,-1.1205073608479443,2.5134268058225384,-0.5008779236868044,1.0140521984028446,17123.8,1,0.14468379208691928,1,Full Recovery
2022-10-19,-0.812615876380085,54.859493832384835,-5.266011451340091,-0.013990534065477789,1.0117285874136073,0.8246145339619648,0.9977380533481295,-1.8483170209780408,0.792974097059346,-0.7986253423146072,1.0565945933323384,246.33687702000066,0.19911271103352224,0.7337586960815656,-0.9699993133544922,17291.5391332913,0.8190224382026957,2.7776531000314852,-0.26464516653427195,0.6322446168854363,-0.6909241126479615,1.2310103904802583,0.04486600591873113,1.0328489179667402,17224.4796875,1,0.2952174549244013,1,Full Recovery
2022-10-20,-0.040903498811495353,55.48741185055804,0.22922066722004253,-0.009635330044655,0.14468379208691928,-0.6380083772817624,0.13504846204226428,-1.163198683391764,0.791781620380027,-0.031268168766840354,-0.9000452633447842,236.84162675066693,0.10378029327542393,1.0117285874136073,0.03999900817871094,17307.888086380834,0.8178371857425308,1.9001309000783895,0.11156156111558069,0.642584073457422,-0.9176451582443179,1.3774752550810954,-1.0447290554317035,1.0329075146639801,17302.209765625,1,0.07032337856462956,1,Full Recovery
2022-10-21,0.22276357921080514,56.80949725897188,-1.4865650788125406,-0.9730129076293226,0.2952174549244013,1.0070888003887335,-0.6777954527049213,-0.3735241442435089,0.8030696714893037,1.1957764868401277,1.3251781055884093,228.68134214224466,0.5179810341352065,0.14468379208691928,-0.26000022888183594,17326.855577667437,0.8169364718157335,1.4565118943206334,0.8635713896962827,0.36759756136921057,-1.487749442922326,1.3394363368816498,1.029960650664008,1.0172672443480608,17412.1296875,1,0.8787356376761757,1,Full Recovery
2022-10-24,-0.9091813916525582,57.13705006602674,0.29019817607429665,1.6366785929188943,0.07032337856462956,0.7337586960815656,1.7070019714835238,1.4367527491931265,0.8000392335400054,-2.5458599845714525,-0.33500750071132623,221.6255642316116,-0.8388580130879286,0.2952174549244013,0.05000114440917969,17345.333000155035,0.8132691221437062,0.5109614111773908,-0.20639636614437906,0.39858855424079176,-1.225147480029054,1.5111502959751943,-0.4053308792759558,1.0165365496703922,17490.25,0,-0.41961220267050514,1,Full Recovery
2022-10-25,-0.24928268691419841,61.10889137614408,0.8101816208643697,0.398346628508639,0.8787356376761757,1.0117285874136073,1.2770822661848147,4.19861653795659,0.7954062195423882,-0.6476293154228374,0.6964460463846134,224.48921816739642,0.6294529507619773,0.07032337856462956,0.1399993896484375,17373.88240755096,0.8147643954383496,1.2476980399434678,-0.34337282254357504,0.46742557191612155,0.555036666173514,2.840612493474848,-0.1822895912915623,1.0243374710189692,17574.03984375,0,0.0,1,Full Recovery
2022-10-26,0.8108548044865271,58.30605544665136,-3.099890431471386,-0.021368545170574738,-0.41961220267050514,0.14468379208691928,-0.4409807478410799,3.815687311670035,0.5866993862031943,0.8322233496571019,0.6607795634119729,218.09912189091017,0.391242601816022,0.8787356376761757,-0.5400009155273438,17394.805903982367,0.595994981582985,0.5260798096954122,0.2667750453767992,0.49751863136111596,0.11595370663048943,3.961473291367179,1.080391766082478,1.0158438811079673,17607.919921875,1,0.45649078749665506,1,Full Recovery
2022-10-27,0.0,58.30605544665136,0.0,0.0,0.0,0.2952174549244013,0.0,3.815687311670035,0.5779674281071179,0.0,0.0,218.09912189091017,0.0,-0.41961220267050514,-0.5400009155273438,17394.805903982367,0.5862790669047733,0.455436153040778,-0.38206202873140027,0.5243983763645509,0.11595370663048943,3.1112033226257108,0.0,1.014380808217999,17607.919921875,1,0.2810605244745412,1,Full Recovery
2022-10-28,0.42703453738677233,58.30605544665136,-1.6587606233278929,-0.027169010653937953,0.45649078749665506,0.07032337856462956,0.4293217768427171,5.463456815672574,0.4777181191237774,0.4542035480407103,-0.5244966731150158,211.95897670949145,0.8835253248834274,0.0,-0.5400009155273438,17422.01612341897,0.4830431266401013,0.0349630937777512,-0.47995284219254364,0.5458415685028272,0.9758321561600836,4.24700106653999,-0.9809874606116709,1.0111467563305305,17607.919921875,1,1.26722303955642,1,Full Recovery
2022-10-31,-1.6399154022079476,59.84727976640447,-4.096387286441605,-1.0279228081089276,0.2810605244745412,0.8787356376761757,-0.7468622836343863,4.050760559473066,0.46240180099140094,-0.6119925940990201,-0.8884496689649857,207.41351418989257,-1.3588548777334064,0.45649078749665506,-0.680000305175783,17449.03720918423,0.4370050722279141,0.7388343273727171,0.4788549436254286,0.5791369688649823,1.2871501122224682,3.4976846437774434,-1.169510193439527,0.9450764924460161,17607.919921875,1,0.7395053222392978,1,Full Recovery
2022-11-01,-0.010736004719880121,65.97199816892518,-0.7537681217588021,-0.4937659322477028,1.26722303955642,-0.41961220267050514,0.7734571073087171,6.660900824547045,0.5326318441781771,0.4830299275278227,1.4451760277177872,221.81963677707319,1.2564870348365398,0.2810605244745412,-0.11999988555908025,17490.75291359651,0.5152572010958012,2.0154200457497495,-0.24659669811953888,0.7786750112980152,-0.5749770069733984,4.0457861452436905,0.1779529881613673,0.9673796388151609,17607.919921875,0,-0.3447197631545107,1,Full Recovery
2022-11-02,1.3782248500439964,68.98301106797095,2.0886010509370223,-0.7839226621560225,0.7395053222392978,0.0,-0.044417339916724696,5.0427488811617405,0.5077473268221504,2.162147512200019,1.8903451337186628,222.10077505054664,2.117730172283294,1.26722303955642,0.3299989700317383,17539.245319302325,0.48560168412982335,2.302826528043611,0.5955791383004616,0.7240388410974191,0.324306718285694,3.7653861953747203,1.150839811479365,0.9563845212505496,17607.919921875,0,-0.16673473084335422,1,Full Recovery
2022-11-03,0.8253775347776937,66.02829582318351,3.285807279734043,-0.001372886591444189,-0.3447197631545107,0.45649078749665506,-0.3460926497459549,5.0427488811617405,0.5598599156955524,0.8267504213691379,-0.45096367261547865,216.5978045229736,0.480657771623183,0.7395053222392978,0.5300006866455078,17579.51230375215,0.5333041882976681,1.6644298868916385,-0.05378359572664193,0.8742677611616588,0.324306718285694,3.2582883945523777,-0.10624390946096796,0.9525671927755746,17952.83984375,1,0.3570168155688336,1,Full Recovery
2022-11-04,0.18923105817204577,64.59215137447862,-4.3217303338730195,0.5354184062308254,-0.16673473084335422,0.2810605244745412,0.36868367538747115,4.159397206318505,0.5861862889524373,-0.3461873480587796,-1.1767888561349582,211.7883628782434,0.022496327328691557,-0.3447197631545107,-0.7200002670288086,17614.563186344585,0.5554692550022778,0.22484761304351064,0.24659466379297612,0.9666846936269987,-1.0584424624090816,2.7826885281485803,-1.010054125291604,0.9475985116204749,18015.98984375,1,0.4727586225111935,1,Full Recovery
2022-11-07,-1.3732432965122165,66.28053550997029,-1.7565855730371283,-0.45363764054893174,0.3570168155688336,1.26722303955642,-0.09662082498009816,4.634803371106555,0.6223412254303382,-0.9196056559632848,-0.3566471397688842,207.7061150153106,-1.016226480943383,-0.16673473084335422,-0.2799997329711914,17651.791868143133,0.5510420537769958,-0.1556868373904563,-0.24924643430052074,0.9692581101537195,0.023110296932915553,3.0771526733996524,-0.7136639553377178,0.8854339568035615,18082.059765625,0,0.0,1,Full Recovery
2022-11-08,-1.9043503200622203,68.43463497032562,-0.44699677845646546,0.5652132086880757,0.4727586225111935,0.7395053222392978,1.0379718311992692,5.5785672597297165,0.6421367018830979,-2.469563528750296,0.16815918379626815,204.28236738826914,-1.4315916975510268,0.3570168155688336,-0.06999969482421875,17692.607343188087,0.5180337550970596,0.6633421969777009,-0.854846363968631,0.681562525255729,1.1797412482787317,2.662328334954811,-0.30459943871492534,0.8067343815011447,18120.180078125,0,-0.2516139235956394,1,Full Recovery
2022-11-09,0.0,68.43463497032562,0.0,0.0,0.0,-0.3447197631545107,0.0,5.5785672597297165,0.5847126535698681,0.0,0.0,204.28236738826914,0.0,0.4727586225111935,-0.06999969482421875,17692.607343188087,0.47137421604655155,0.8314632658594334,-0.18176526742156307,0.6582704754145394,1.1797412482787317,3.094927229945932,0.0,0.8061638705955507,18120.180078125,0,-0.7093725904609771,0,Full Recovery
2022-11-10,-0.8859522139704978,68.43463497032562,2.116740990866983,0.4831053179611522,-0.2516139235956394,-0.16673473084335422,0.2314913943655128,6.034948341464519,0.6318180702531968,-1.36905753193165,-0.3983814124192242,200.85839240511294,-1.1375661375661372,0.0,-0.06999969482421875,17729.539896159873,0.49562979749076935,0.21995517239632445,-0.5142610831398553,0.6043995059364067,1.0804625763290332,2.835526038514602,-0.1467674888235848,0.7844501776104112,18120.180078125,1,1.7833173247033374,1,Full Recovery
2022-11-11,-0.02766162816358886,61.10315100176035,-2.198494847942245,0.27989063980011775,-0.7093725904609771,0.3570168155688336,-0.42948195066085937,5.958791447522405,0.7255171281364577,-0.3075522679637066,-0.4228582235751843,203.26951039693108,-0.737034218624566,-0.2516139235956394,-0.350000381469723,17751.662808944326,0.579768847177682,-0.9592016338488385,-0.07541746712400599,0.8928702141271722,2.744186756222744,1.6420523981210744,0.2865143668857928,0.7991111782492409,18120.180078125,0,-0.11198455015547504,1,Full Recovery
2022-11-14,-1.5326007606365044,69.80012610809246,-7.450223957279323,-0.5014543098934343,1.7833173247033374,0.4727586225111935,1.281863014809903,6.7730732697221185,0.9592043300327826,-1.03114645074307,3.810456552625352,231.2667084898399,0.25071656406683296,-0.7093725904609771,-1.1599998474121112,17795.961802263268,0.7750595547283505,0.807010081939219,-1.0583484455624403,1.556129241665212,3.3956973317563532,3.164697487888768,2.0271392279220146,0.8080234110347907,18120.180078125,1,0.40509242609507723,1,Full Recovery
2022-11-15,0.14424739237982598,68.74216961854907,3.469812666859906,-0.031123424658563437,-0.11198455015547504,0.0,-0.14310797481403847,5.876624981017953,0.9249934920441768,0.17537081703838941,0.8696674916464753,224.8700145453608,0.03226284222435094,1.7833173247033374,0.5,17835.457253253026,0.7064070969195068,0.9481213340584826,0.017518156839635424,1.56154543336545,2.4691311726426024,1.759647270307041,0.9816520418019503,0.7636887209507741,18120.180078125,1,0.03396111515991951,1,Full Recovery
2022-11-16,-0.2741325320750887,70.48308115258055,-1.810861883651993,0.29826215059756134,0.40509242609507723,-0.2516139235956394,0.7033545766926386,5.240772191940457,1.032117589975353,-0.57239468267265,0.05360259564288761,219.42521312681225,0.13095989401998853,-0.11198455015547504,-0.26999950408935547,17877.52711528058,0.684381908640329,2.0811905133862663,0.614923670514278,1.6265071847275663,2.4691311726426024,1.421847930858,-0.3514898304521896,0.6630852096547064,18253.48984375,0,-0.357149639481924,1,Full Recovery
2022-11-17,-0.3285126532894478,70.63135685748894,3.1420766896141483,0.3497754603979164,0.03396111515991951,-0.7093725904609771,0.3837365755578359,5.124415141543781,1.0027556232817785,-0.6782881136873642,0.2886266553328021,214.71471856407018,-0.2945515381295283,0.40509242609507723,0.46000003814697443,17916.943654194984,0.6645634843091832,0.32671473881022983,0.0980426973686166,1.5759188356137146,3.1384971915083604,1.8072416035610495,0.25466554017288257,0.6627372300680308,18304.019921875,0,-0.19761337135545398,0,Full Recovery
2022-11-18,-0.02943342779506697,66.82807633494701,-1.4569553739799068,0.1755428487195787,-0.357149639481924,1.7833173247033374,-0.18160679076234532,4.4406366823378285,1.011651677445311,-0.20497627651464567,-0.9017899249620265,210.5446232763607,-0.386583067276991,0.03396111515991951,-0.22000026702881037,17948.570079115725,0.6782292607838036,0.08047290619397351,0.5228684483461699,1.3975339277920578,2.2408281053215573,1.6130616720880786,-0.5446402854801025,0.6704177690836706,18367.16015625,0,-0.8067729540576885,0,Full Recovery
2022-11-21,-0.4731306239720956,64.7577006110088,-3.2930091891775093,0.149090650826178,-0.19761337135545398,-0.11198455015547504,-0.048522720529275976,4.1609984858428595,1.0164491430993186,-0.6222212747982736,-0.04093604231975023,206.88220736034594,-0.6707439953275496,-0.357149639481924,-0.48999977111816406,17975.168620709006,0.6831876119053067,-0.5202842842498612,0.03632362930725552,0.47173710702518334,1.1170688533280293,1.0514898639831127,0.15667732903570375,0.6721316225625532,18358.750390625,1,0.463933015368867,0,Full Recovery
2022-11-22,0.28738331357427427,57.00797329144041,2.8491997055605234,0.592576546353285,-0.8067729540576885,0.40509242609507723,-0.2141964077044034,2.4206489784696084,1.0552090947154191,-0.3051932327790108,-1.5494130075751844,211.09803544146666,-0.5193896404834142,-0.19761337135545398,0.4099998474121094,17988.856072415743,0.7255283763097254,-1.3563602055265522,-0.006139084707390552,0.7144973734086506,-0.04462395783100259,-0.23541191828094776,-0.742640053517496,0.6875683500433374,18324.91015625,1,0.12634580983039712,0,Full Recovery
2022-11-23,-0.13762346857062457,59.95202993561475,-6.486486660641766,-0.202987832583168,0.463933015368867,0.03396111515991951,0.260945182785699,3.329394933723262,1.2108672180612485,0.06536436401254342,0.8125753495920263,207.2772296742708,0.3263095467982424,-0.8067729540576885,-0.9600000381469727,18007.770379551614,0.7416885147282103,-0.5435113021326377,0.2549093231468236,0.7563604612389723,-0.5537098373223914,0.2274289434768928,0.34864233422315927,0.6125267110580965,18293.069921875,1,1.1870949889830174,1,Full Recovery
2022-11-24,0.18994805231127287,60.74410000851065,1.4450853111279693,0.5144194429615334,0.12634580983039712,-0.357149639481924,0.6407652527919305,3.329394933723262,1.220412136169264,-0.32447139065026054,-0.14008265539938725,203.9965990510343,0.31629386214167,0.463933015368867,0.19999980926513672,18026.99109217742,0.7356215212544563,-0.22067490782808896,-0.015543006846485685,0.7767788922166581,-1.2789372345588745,0.6072038332323615,-0.26642846522978436,0.6027648360179768,18264.58984375,1,0.15500019600884762,1,Full Recovery
2022-11-25,-1.10011635551297,67.29693500742484,-3.988606988164045,-0.3766473627358602,1.1870949889830174,-0.19761337135545398,0.8104476262471572,4.212395161142912,1.2525794943269992,-0.7234689927771099,2.6287464814804595,218.03306683381257,0.0869786334700473,0.12634580983039712,-0.5600004196166992,18060.850982340206,0.7584864113668688,1.7849741027376798,-0.10047104966057763,1.1287946053008335,-0.28779556937715833,2.5288182424279215,1.4416514924974422,0.6055395403460117,18292.6296875,1,0.27008413120686026,1,Full Recovery
2022-11-28,0.4680512291662664,68.05564363542283,-1.1127568518105924,-0.36730300360034995,0.15500019600884762,-0.8067729540576885,-0.21230280759150233,4.081392869229528,0.9073759893752211,0.8353542327666164,0.5167534556099529,213.64565792263738,0.623051425175114,1.1870949889830174,-0.14999961853027166,18094.324983648337,0.5353167551248993,1.471979000174506,0.02757064229408357,1.0903248451959555,-0.6186451384901148,0.8885746807413275,0.36175325960110527,0.5899613405053368,18333.649609375,1,0.297912654375021,1,Full Recovery
2022-11-29,-0.07345307957034031,69.3903009331133,1.8004484057899228,-0.18516772579173502,0.27008413120686026,0.463933015368867,0.08491640541512524,3.0565439265012095,0.9143303473445004,0.11171464622139471,-0.08224673828326479,209.90990353295223,0.19663105163651995,0.15500019600884762,0.23999977111816406,18129.02313300772,0.5329447620020905,1.6176490714256309,0.01750953984946957,0.7184888810086867,0.7142850452539706,1.2744704713344657,-0.35233086949012504,0.5828798786549028,18414.209765625,1,0.7535634625419174,1,Full Recovery
2022-11-30,0.4208788805978747,70.84137190985027,0.36846125172671496,-0.22120405615655425,0.297912654375021,0.12634580983039712,0.07670859821846676,2.6047944958503155,0.935276735848512,0.642082936754429,0.11877405227720406,206.74598410355858,0.7187915349728957,0.27008413120686026,0.050000190734861505,18165.24740324789,0.5278059303240438,0.7246832396805569,-0.023756117807549604,0.7428860473265517,0.4454274865155927,1.1663626616217337,-0.17913860209781696,0.5643312936161875,18488.980078125,1,0.2886735334004964,1,Full Recovery
2022-12-01,-0.3191700396232289,74.18494015610699,1.3950112749932408,-0.341171563213738,0.7535634625419174,1.1870949889830174,0.41239189932817943,3.7355837967583794,0.9830631688015949,0.02200152359050911,0.1517477052962679,210.39192971266695,0.43439342291868854,0.297912654375021,0.1900005340576172,18209.180899998046,0.5630615062626391,1.3266511424558702,-0.023761762679885834,0.7192874245771415,0.7370962988234364,1.8941110306340825,-0.6018157572456495,0.5727622842901682,18587.2,0,-0.6187396179402005,1,Full Recovery
2022-12-02,-0.46783852128540193,75.35937017530388,-3.258513752832626,-0.22009130516118525,0.2886735334004964,0.15500019600884762,0.06858222823931115,4.208793222793239,0.9244418286291654,-0.24774721612421668,2.3980257767238333,207.42300575097755,-0.17916498788490554,0.7535634625419174,-0.4500007629394531,18253.871203701896,0.5294631653656054,1.3454364250986561,-0.3988681740544564,0.3890946868036277,0.732677641317836,2.5545254792949335,2.109352243323337,0.5727382176748651,18652.880078125,1,0.026482378562620035,1,Full Recovery
2022-12-05,0.36189110579190054,68.17906989334996,0.6736538540471404,0.25606276387498683,-0.6187396179402005,0.27008413120686026,-0.36267685406521366,3.1955865368848757,0.9839863569164088,0.1058283419169137,-0.21979206833115938,207.75072347376405,-0.25684851214829996,0.2886735334004964,0.09000015258789062,18286.628863381382,0.5833634721591011,0.4192105233894905,-0.17599950754669802,0.8052669081141567,2.000892696839185,2.1217863049696195,0.3989475496090411,0.5928572768923667,18689.55,0,-0.3117513659096294,1,Full Recovery
2022-12-06,-0.28666373616950125,68.31735170841196,2.081782430794621,0.5052531924210069,0.026482378562620035,0.297912654375021,0.5317355709836269,2.737216134965492,0.8109858153250776,-0.7919169285905081,-0.5171940428998045,204.98536138559524,-0.2601813576068812,-0.6187396179402005,0.2799997329711914,18317.3267832235,0.4702703196139345,-0.3054577258564506,0.32071540648455077,0.8153532067701743,2.149825451386822,2.9796424867824856,-0.5436764214624246,0.5798749011958139,18717.21015625,0,-0.4411902750398933,0,Full Recovery
2022-12-07,-0.4355980991951891,64.74924397487956,2.257832701764295,-0.1368605918233956,-0.3117513659096294,0.7535634625419174,-0.448611957733025,2.737216134965492,0.8713428286805011,-0.2987375073717935,-1.4518556884579925,202.51097986751563,-0.7473494651048185,0.026482378562620035,0.3100004196166992,18341.432206688427,0.5022042718078448,-0.9023255813953468,0.5852208680301452,0.8506247275673652,1.5964550888317053,2.1845342537172074,-1.1401043225483631,0.5763566935889202,18722.15,1,0.2631912360927746,0,Full Recovery
2022-12-08,-0.2191531913038669,59.98904506888722,0.28490001397230014,0.34880881185769264,-0.4411902750398933,0.2886735334004964,-0.09238146318220064,2.2222834168640127,0.9271462641087942,-0.5679620031615595,-0.8407490022336872,200.25684921851348,-0.6603434663437602,-0.3117513659096294,0.03999996185302912,18357.65945063743,0.5439769556892086,-0.725282878290856,0.5777822989555537,0.5792171504769332,1.640802003333608,1.6053319465163085,-0.39955872719379393,0.5867218330641539,18682.580078125,0,-0.6058782405979346,0,Full Recovery
2022-12-09,-1.3595533514040636,61.78594303445144,-4.8295476481565185,0.8926448319563907,0.2631912360927746,-0.6187396179402005,1.1558360680491653,3.2235631721918345,0.7065258827828834,-2.2521981833604543,-0.23868108803378751,198.36840213521148,-1.096362115311289,-0.4411902750398933,-0.6800003051757848,18376.303166099475,0.41296762826019484,-0.4903530445836801,-0.14409973279770893,0.5935722357374497,1.5208341583656804,0.6776094191597748,-0.5018723241265621,0.5845045995525798,18641.95,1,0.002977743269738653,0,Full Recovery
2022-12-12,0.9672662793934417,55.58134448602179,0.5970143730110955,0.6898248588278144,-0.6058782405979346,0.026482378562620035,0.08394661822987981,0.8005602101362808,0.7699924779493137,0.27744142056562726,-3.143120641706787,199.28368159009995,0.36138803879550707,0.2631912360927746,0.07999992370605646,18385.21401374951,0.4623635626889058,-0.7839529609365625,0.031239765104418282,0.7226302676350088,0.5013067499603174,-0.0872392844120995,-2.5372424011088524,0.6004780252442188,18602.05,1,0.599279386467999,0,Full Recovery
2022-12-13,-0.1333165408182735,55.60479796775884,-1.186942528527446,0.16960008170177066,0.002977743269738653,-0.3117513659096294,0.1725778249715093,0.9165727620737307,0.8057161194545677,-0.30291662252004414,-0.40437260776339246,197.37539123225284,-0.13033879754853483,-0.6058782405979346,-0.1599998474121076,18393.50559722177,0.4521308990808441,-0.3413141314889123,0.16262229705803488,0.7165308491943517,0.21696349270996507,-0.3533938095109823,-0.4073503510331311,0.5611540939584826,18561.269921875,1,0.2810661073194387,1,Full Recovery
2022-12-14,-0.2881017698238564,60.16370332407776,-3.3033002287100155,-0.055224391119756966,0.599279386467999,-0.4411902750398933,0.5440549953482421,1.111748943305213,0.8731141891484637,-0.2328773787040994,1.1223585867713215,198.24395365128544,0.3111776166441427,0.002977743269738653,-0.43999958038330256,18409.394071501636,0.48555610040835195,-0.007252318879102937,0.28114141804920223,0.9966810405372059,0.742034384226109,-0.053984068300649835,0.5230792003033224,0.5561198138293878,18554.319921875,0,-1.3150934355333654,0,Full Recovery
2022-12-15,0.38975188314762654,62.13918579962686,0.07764152789582202,-0.047709965474318494,0.2810661073194387,0.2631912360927746,0.2333561418451202,1.3615162988246832,0.7665989069280578,0.43746184862194504,1.148363577082434,196.69182753944696,0.6708179904670653,0.599279386467999,0.010000228881835938,18427.979753705218,0.42250534921566246,0.8850338728856322,-0.2930650863713913,0.9033574939867365,1.5270522700902234,-0.522694321018502,0.8672974697629954,0.5511426448963787,18574.280078125,0,-0.792295301794177,0,Full Recovery
2022-12-16,0.7911715344609216,49.68830300841246,6.516673208226154,0.06444152316990026,-1.3150934355333654,-0.6058782405979346,-1.2506519123634652,0.38704963768929623,0.9227062705016605,0.7267300112910213,-2.106593761324227,215.46290287793727,-0.5239219010724439,0.2810661073194387,0.8399991989135742,18427.01091199557,0.5607589334525951,-0.4446630873568891,0.1280384717230243,1.3081608107323786,-0.06513806578288817,-2.1134862956810663,-0.7915003257908615,0.6077328737079557,18535.390234375,1,0.8289956688926514,0,Full Recovery
2022-12-19,-0.611403323729176,44.03850360718384,2.4763304000264608,0.15157349631058636,-0.792295301794177,0.002977743269738653,-0.6407218054835906,-0.21111606241286385,0.9236994161017599,-0.7629768200397624,-1.3261505549911567,218.3672345775458,-1.403698625523353,-1.3150934355333654,0.3400001525878924,18415.306399995898,0.5771924899126227,-1.8217970765262215,0.4240792144686534,1.2982210115249333,-0.02169190218624939,-2.2844316103281526,-0.5338552531969798,0.6248704716693965,18489.8703125,0,-0.19081205394395617,0,Full Recovery
2022-12-20,-0.7478795118076809,50.3494977324984,-3.6958032364467153,-0.37954052750381884,0.8289956688926514,0.599279386467999,0.4494551413888326,1.4344753768971819,1.0453202702766007,-0.368338984303862,-0.5078008095797282,221.72513194637293,0.08111615708497055,-0.792295301794177,-0.5199995040893572,18415.68734953324,0.6657123888816333,-1.2853574297205572,-0.15919374981526735,1.5340816802315969,0.4979423015252893,-1.5004588019264409,-1.3367964784723796,0.6368501670793661,18474.530078125,0,-1.012771964355863,0,Full Recovery
2022-12-21,-0.03059394985605035,48.969254522953996,1.6974135719466377,0.06585019349507615,-0.19081205394395617,0.2810661073194387,-0.12496186044888002,0.7734050741727616,1.0396288873377084,-0.0964441433511265,0.19628063986749655,216.67551539518945,-0.22140600380000652,0.8289956688926514,0.22999954223632812,18413.436492623372,0.6635235377293304,-0.16073727659189352,-0.17418511486884114,1.4114984059061415,1.2781632463999326,-1.3809616003540248,0.3870926938114527,0.6382311473900315,18429.990234375,0,-0.39425027358517273,0,Full Recovery
2022-12-22,3.4056981212040927,42.34649459876185,12.917276641062102,-0.6974682062113935,-1.012771964355863,-1.3150934355333654,-1.7102401705672565,-0.3730741661990722,1.076184769258091,4.103166327415487,0.5303626037570952,224.74500266541426,2.3929261568482296,-0.19081205394395617,1.7800006866455078,18397.559686456825,0.7152445692709927,-0.38261749753680796,0.06660091877672691,1.314918897734148,0.6875799065948263,-1.947147925028958,1.5431345681129582,0.6646113098742842,18337.75,0,-1.768316025411787,0,Full Recovery
2022-12-23,0.1802445942792663,40.09618265119568,-2.3778973602528564,-0.09649827170344905,-0.39425027358517273,-0.792295301794177,-0.4907485452886218,-1.9300372078662642,1.0660503610613672,0.27674286598271536,-0.0012154301780809007,218.9488017891922,-0.21400567930590642,-1.012771964355863,-0.37000083923339844,18377.544125191504,0.6985580585154075,-1.5911642864640752,0.2924833982434816,1.2257674279163902,1.8248971863229713,-2.590095893287847,0.3930348434070918,0.6552767898444434,18280.23984375,1,1.1669632893506865,0,Full Recovery
2022-12-26,0.9283105596461394,31.93206527231864,6.385782052828293,0.02162484138948928,-1.768316025411787,0.8289956688926514,-1.7466911840222976,-3.8133136284452585,1.305513084833205,0.9066857182566501,-1.8316347999408178,244.36667248813328,-0.8400054657656475,-0.39425027358517273,0.9700002670288086,18335.266840455093,0.8440900853806516,-3.146535413714713,-0.004464670372927859,1.4045998258822059,1.279826837562914,-3.729327782904357,-0.0633187745290309,0.6465581196054752,18187.8,1,0.6533654614990558,0,Full Recovery
2022-12-27,-2.006659829268065,40.403561184261655,0.0,1.1419931016222407,1.1669632893506865,-0.19081205394395617,2.308956390972927,-2.9529589668826017,1.416741358124111,-3.1486529308903055,0.5264304641853901,251.50069297929838,-0.8396965399173784,-1.768316025411787,0.9700002670288086,18311.513712226937,0.9726425656408084,-1.0137864177904632,-0.3267548157762534,1.4567272289911704,0.5816468513871964,-2.6087844400863647,-0.6405328251652964,0.686535026257014,18106.630078125,0,-0.05405150382313817,0,Full Recovery
2022-12-28,-0.5141349500345394,44.60871016131925,-5.383662708996906,-0.11536516442738343,0.6533654614990558,-1.012771964355863,0.5380002970716724,-2.609027151699428,1.4098808519456525,-0.3987697856071559,0.8826655257605953,245.7489573528918,0.13923051146451648,1.1669632893506865,0.9700002670288086,18298.238680302722,0.9780851475356223,0.027313269626794145,0.3617224765483984,1.5697873423771944,0.25668220724013313,-2.5564231446152164,0.22930006426153948,0.6937360316971927,18056.030078125,1,0.377983170092433,1,Full Recovery
2022-12-29,-0.5020808294248558,44.32822748968747,0.7194222168193765,-0.02013798963214075,-0.05405150382313817,-0.39425027358517273,-0.07418949345527892,-3.3896884460305476,1.3889539828945416,-0.481942839792715,-0.18438441223973534,237.1457630391727,-0.5561323332479939,0.6533654614990558,0.10999965667724432,18285.2210002803,0.9633331751817961,1.772913745867366,-0.1529506640239875,1.529576241304833,-0.6615479497508514,-2.882058481020766,-0.13033290841659717,0.6935673801340351,18040.71015625,0,-0.471107793689185,1,Full Recovery
2022-12-30,-0.2975863612106444,46.84389963496302,-3.831163724209752,0.6135467460932853,0.377983170092433,-1.768316025411787,0.9915299161857183,-3.303654485049834,1.3087857131709586,-0.9111331073039297,0.3629722893342846,229.78099463394966,0.08039680888178857,-0.05405150382313817,-0.5899991989135724,18278.241666926206,0.9100349177630676,0.9792079449448376,0.09168977114333288,1.5215141769727023,-0.5547222689530118,-1.215865336632438,-0.015010880758148382,0.6953276678329058,18053.440234375,1,0.5089583355357918,1,Full Recovery
2023-01-02,0.18062715067892476,44.15561117749099,0.4051280502525234,-0.14366001834341668,-0.471107793689185,1.1669632893506865,-0.6147678120326017,-3.1600111278223486,1.2710676668095486,0.32428716902234145,-0.22832483401582504,223.2839297244227,-0.2904806430102602,0.377983170092433,0.05999946594238281,18265.43123095019,0.8890381909668176,-0.14890553783400984,-0.02039674289339155,0.8616652014891761,0.21418353343269914,-0.8960491474629184,0.24278295967335994,0.6994420628063388,18113.140234375,1,0.192892762485819,1,Full Recovery
2023-01-03,-0.8756886665713837,47.63542647139183,-1.2104929829258926,-0.0037878142453484642,0.5089583355357918,0.6533654614990558,0.5051705212904434,-2.69290516554781,1.2419462854194845,-0.8719008523260352,0.40389482684617395,217.9308302403327,-0.36673033103559183,-0.471107793689185,-0.18000030517578125,18260.39552634277,0.857629805073572,0.4135699751689925,-0.1029716058099539,0.615901694059642,1.028056449677761,-1.2106110841912043,-0.10506350868961789,0.6905530577433154,18149.71015625,0,-1.0399069487028845,0,Full Recovery
2023-01-04,0.5269441207554015,48.94062126647176,-2.0422004467662402,0.32130281483546685,0.192892762485819,-0.05405150382313817,0.5141955773212858,-2.200314968285255,1.2571450951047651,0.20564130591993468,0.7829545360321433,213.18345391662126,0.7198368832412205,0.5089583355357918,-0.2999992370605469,18258.332952632198,0.8625994115434252,0.22841394783135183,-0.05293106827821692,0.5177464730076324,1.621510888734945,-0.8308267665426472,0.5900617735463243,0.6861574012233054,18169.76015625,0,-0.28154392892826285,0,Full Recovery
2023-01-05,0.88961130134394,42.74327573116104,5.628905118951155,-0.034235903094170794,-1.0399069487028845,0.377983170092433,-1.0741428517970553,-2.7884527962608763,1.2172795597445443,0.9238472044381107,-0.9823114611950401,222.06783454023827,-0.15029564735894452,0.192892762485819,0.8099994659423828,18242.37860197426,0.8658959438087462,-0.3443829144477495,0.09636139341564487,0.8424080278474251,3.2653071593469196,-0.8580116268200544,0.05759548750784438,0.7113369617976115,18153.85,0,-0.7375503705446151,0,Full Recovery
2023-01-06,1.3149969824427399,41.23661420727673,-1.4473701959832108,-0.5334265919732628,-0.28154392892826285,-0.471107793689185,-0.8149705209015257,-3.3166082195536184,1.2798600549384338,1.8484235744160027,-0.5232297357616988,216.4483237890395,1.033453053514477,-1.0399069487028845,-0.2200002670288086,18223.84317891135,0.8621161120783255,-1.128173655863085,-0.14398822879641004,0.779700931376959,2.5101869848194625,-0.7458300394894923,-0.241685806833436,0.6736018587530733,18114.080078125,1,1.3536251708490266,0,Full Recovery
2023-01-09,-0.0328444989416532,37.51634658515002,0.3337796546247329,-0.24792547171067492,-0.7375503705446151,0.5089583355357918,-0.9854758422552901,-3.4446893163112002,0.9951092259554876,0.21508097276902172,-2.0026142308804618,217.1883363463341,-0.7703948694862683,-0.28154392892826285,0.05000019073486328,18196.85103371421,0.6788339335435625,-2.0463486814126464,-0.025758488741800534,0.8250834058993888,1.5174162653992296,0.29566477519891166,-1.2650638603358466,0.6821702741146293,18064.909765625,0,-1.033350475095851,0,Full Recovery
2023-01-10,-0.4397581679955742,46.91267951564247,-2.5282775861087736,-0.4198484067436947,1.3536251708490266,0.192892762485819,0.9337767641053318,-2.1406063286141697,0.9791104712582774,-0.019909761251879488,2.831908894009394,232.53069097932246,0.9138670028534523,-0.7375503705446151,-0.38000011444091975,18189.765714087232,0.7151189473236456,0.32284079112447905,-0.4498788457519165,1.109154900342421,1.9927972819492323,0.4807190348540047,1.4782837231603674,0.7303761610339216,18045.659765625,0,-0.10299775022909463,0,Full Recovery
2023-01-11,1.0020285315509025,41.688891750740545,5.870311486314161,-0.3005229830532863,-1.033350475095851,-1.0399069487028845,-1.3338734581491374,-3.7287704717057224,1.0108176112667333,1.3025515146041888,-0.8537981349751256,238.4092095258294,-0.03132194354494855,1.3536251708490266,0.8600006103515643,18169.349764201143,0.7548768912145173,-0.4335223878555561,-0.1134022253320488,1.1720901075642138,0.692836466422686,-1.203103749804224,0.17955234012072552,0.7467983172230659,17981.9796875,0,-0.209547554088918,0,Full Recovery
2023-01-12,-0.5577076212549326,41.201517985760944,-0.45132590242122905,0.621742283398985,-0.10299775022909463,-0.28154392892826285,0.5187445331698903,-4.097477160005248,1.0362650286059607,-1.1794499046539175,0.3285667434731687,230.4822472140518,-0.6607053714840272,-1.033350475095851,-0.07000064849853516,18149.079353426983,0.7545718808182265,0.20297378466711535,-0.6603809493747836,1.0901130031485784,-0.10401339167458445,-1.2514872741067773,0.43156449370226335,0.7281649576939699,17952.5296875,1,0.5510095918388247,1,Full Recovery
2023-01-13,0.1243907034709335,40.17356288892779,-1.036268469951196,-0.1466911460962783,-0.209547554088918,-0.7375503705446151,-0.3562387001851963,-3.023101727763977,1.014390990501213,0.2710818495672118,0.4334510298278138,223.56221321051117,-0.0851568506179845,-0.10299775022909463,-0.15999984741210938,18127.532676784245,0.7337910203467249,-1.342452492033186,-0.006859571396411468,1.143615910753157,0.3558015654789637,-1.8294804092683248,0.6429985839167318,0.7233808532573007,17925.739453125,0,-0.3438847072569362,0,Full Recovery
2023-01-16,-0.571925829397657,44.11374396958838,-5.366490243156374,0.1357407601504379,0.5510095918388247,1.3536251708490266,0.6867503519892626,-1.7100026855602413,1.040934352824691,-0.7076665895480949,0.7431998027310094,218.84503660535955,-0.020916237558832318,-0.209547554088918,-0.8199996948242188,18114.870968087263,0.7597805789078941,0.23695915142152302,-0.6323482007764225,1.110513038589744,1.5368411415501715,-0.8213129053840196,0.1921902108921847,0.729902492642357,17945.16953125,1,0.8854568511824201,1,Full Recovery
2023-01-17,0.26969130135101604,42.233952843478605,3.8727553121670866,-0.1368639578166686,-0.3438847072569362,-1.033350475095851,-0.4807486650736048,-2.8533484885916782,1.004793871613664,0.40655525916768465,1.1436484749643538,213.525497870478,-0.07419340590592016,0.5510095918388247,0.5600004196166992,18098.573089664133,0.7337649373825386,-0.004747561772322495,0.20020722378815137,0.7292376041026363,1.226356568494702,-1.662868272017004,1.48753318222129,0.7302641447281703,17903.899609375,1,0.6206556323560042,1,Full Recovery
2023-01-18,-0.9755115952715832,48.31957432073859,-2.862851478499917,-0.7253811561292123,0.8854568511824201,-0.10299775022909463,0.16007569505320784,-1.805790418933939,1.06343519377605,-0.2501304391423709,0.7973770616092946,218.21778825858075,-0.09005474408916303,-0.3438847072569362,-0.43000030517578125,18095.21958533716,0.8009217217379385,1.0925041215530618,0.46089135073081877,0.658570641854595,1.1259402123345197,-0.9831317743227541,-0.08807978957312557,0.7531457735451457,17931.7296875,0,-0.3165367099256078,1,Full Recovery
2023-01-19,0.0632469609393782,52.15787746045644,-1.5078839254829335,-0.0927783962074491,0.6206556323560042,-0.209547554088918,0.5278772361485551,-0.18544873496166847,0.9902288484500064,0.1560253571468273,0.4061318775849143,216.1721599803533,0.6839025932953824,0.8854568511824201,-0.2200002670288086,18100.414401932554,0.7542276086584045,1.1625252249374274,-0.15566645518703126,0.6846857205770299,0.9162820127333937,0.6783835011728634,-0.21452375477108987,0.7616700015758633,17985.659765625,0,-0.44289753051891534,1,Full Recovery
2023-01-20,0.03815754064138144,50.10147138253294,-2.8531652795914964,0.012357432757581499,-0.3165367099256078,0.5510095918388247,-0.3041792771680263,-0.10757226191475677,0.9944925487182664,0.02580010788379994,0.04912190554746676,211.49300479547276,-0.27837916928422635,0.6206556323560042,-0.4099998474121094,18100.965158039402,0.7561196054829993,1.1902866168174375,-0.10978212959176226,0.7197631208577562,1.147026544962304,0.643053866481047,0.36565861547307454,0.7603069589189592,18035.58984375,1,0.5042276095628795,1,Full Recovery
2023-01-23,-0.2862878085355014,47.300299026400786,-1.2177655861705161,0.8632945225971245,-0.44289753051891534,-0.3438847072569362,0.42039699207820913,1.2402542831138286,0.9595807033518273,-1.1495823311326259,-0.34657804765338973,207.3308046769093,-0.7291853390544167,-0.3165367099256078,-0.1700000762939453,18095.534434527224,0.7264562207286405,-0.14208144502660947,-0.24092234020696157,0.9090348983324058,1.0988985783272565,0.9418049225079717,0.09631948286552561,0.7570558871131545,18049.8,0,-0.0013798013043020418,1,Full Recovery
2023-01-24,0.3842064719174587,50.66701907267532,-1.2327779315751464,0.23553452960216603,0.5042276095628795,0.8854568511824201,0.7397621391650455,0.5770384806160322,0.7875730068405219,0.14867194231529268,1.8840372372022074,203.88578332415432,0.8884340814803382,-0.44289753051891534,-0.1700000762939453,18097.239349099284,0.6021064134871879,-0.25762690579237413,-0.3247196279806408,0.9213148517714634,0.14373653742831838,0.09585863505676695,1.379809627639328,0.7645086971985988,18094.540234375,0,-1.249297962501228,0,Full Recovery
2023-01-25,-0.9783039182059805,50.65743387701015,0.29368547862793637,-0.20366040945554165,-0.0013798013043020418,0.6206556323560042,-0.2050402107598437,-0.07721027887689358,0.6350998031297496,-0.7746435087504389,0.7674678941201885,200.8587465892669,-0.9796837195102825,0.5042276095628795,0.039999961853027344,18098.799455184522,0.47904274376434774,0.05771625068935471,0.6322874070327611,0.7606581011861451,0.8453605101280681,1.1396040904727345,0.7688476954244905,0.7542794712581108,18107.540234375,0,0.0,0,Full Recovery
2023-01-26,0.02846394614496317,42.76835425962507,7.320644298465706,-1.2915706102457292,-1.249297962501228,-0.3165367099256078,-2.540868572746957,-1.2721797834184034,0.8272602091099682,1.3200345563906923,-0.9004878351100198,216.18575485653147,-1.2208340163562648,-0.0013798013043020418,1.0,18083.47721544863,0.645184874775193,-0.7527390920869514,0.1397742396516355,0.938181523928137,0.6190657093030572,-0.02095475540888625,0.3488101273912081,0.779905605984129,18052.86015625,0,-1.6074246906178757,0,Full Recovery
2023-01-27,0.0,42.76835425962507,0.0,0.0,0.0,-0.44289753051891534,0.0,-1.2721797834184034,0.8573162791744243,0.0,0.0,216.18575485653147,0.0,-1.249297962501228,1.0,18083.47721544863,0.641020235629869,-1.250660525975944,-0.1215625982869395,0.9686110641684891,0.6190657093030572,0.1889888201300982,0.0,0.7477056613942115,18052.86015625,1,0.25334426073457816,0,Full Recovery
2023-01-30,2.1536437519290352,42.76835425962507,18.144610334915324,-1.5196369925991604,-1.6074246906178757,0.5042276095628795,-3.127061683217036,-2.7668757229031504,1.001558987363442,3.6732807445281956,-0.9234858599170948,210.13415805812207,0.5462190613111595,0.0,1.0,18045.37281084189,0.7889509734246543,-2.836641129210471,-0.07067487106749981,1.1994911692463814,0.04101816745725184,-1.9616743017207616,0.683938830700781,0.7877229232412716,18052.86015625,1,0.07479862801675896,0,Full Recovery
2023-01-31,-0.44561887638638886,44.88080985681008,2.251728617321991,-0.1488749999189798,0.25334426073457816,-0.0013798013043020418,0.10446926081559837,-3.014158706566661,1.0367952414071349,-0.2967438764674091,1.1032568520740416,205.6482026087056,-0.1922746156518107,-1.6074246906178757,0.3899993896484375,18016.008100316565,0.7989784853230238,-1.3581527480826194,0.07723528951102399,1.1306979379647673,0.0,-1.3741405823057273,0.8499125913394634,0.7706232178833822,18052.86015625,0,-0.25959245256645946,0,Full Recovery
2023-02-01,-1.0660674521115965,45.52178375953129,-4.686617541577187,0.5877873180542448,0.07479862801675896,-1.249297962501228,0.6625859460710037,-3.1284727928008182,0.9348011378106492,-1.6538547701658413,-1.177942420717626,201.7779761150446,-0.9912688240948375,0.25334426073457816,-0.8299999237060547,17989.79641811719,0.721236715449266,-1.2843699996877955,0.08821147765738502,1.1508790820207537,-0.4907006322133478,-2.1666419640625767,-1.2527410487343849,0.7715402626113167,18052.86015625,0,-0.03349392530399564,0,Full Recovery
2023-02-02,0.22358836436031648,43.624317747333514,-0.5924080514975172,-0.08981255005996447,-0.25959245256645946,0.0,-0.34940500262642393,-2.364626937245007,0.8737530256843963,0.31340091442028095,0.9344220706047013,198.3626470080384,-0.03600408820614298,0.07479862801675896,-0.09999847412109375,17962.130074645545,0.6587253263332639,0.06788760812064254,0.23106113707291875,1.0476012957736571,1.3330630604059257,-3.0225062546643255,1.1940145231711607,0.7539033421142318,18052.86015625,1,1.3835596307890219,1,Full Recovery
2023-02-03,-0.36712765146532655,43.373757832886646,-6.257455908478182,0.4192979419159415,-0.03349392530399564,-1.6074246906178757,0.38580401661194585,-2.1217586097930563,0.883235431955633,-0.786425593381268,1.8272217734211615,195.3948279277995,-0.4006215767693222,-0.25959245256645946,-1.0500011444091797,17936.076023977355,0.6642076253196095,-0.21841996170540723,-0.07106103000424913,1.044236046127296,1.3330630604059257,-2.747146842286863,1.8607156987251572,0.7520165079435476,17628.430078125,0,-0.5010133160870178,1,Full Recovery
2023-02-06,-2.372485605647401,54.89456379912864,-8.455180943488894,0.6582714839540316,1.3835596307890219,0.25334426073457816,2.0418311147430535,-0.030227345949351836,1.1521740014212494,-3.0307570896014324,0.10109151488135737,213.73160347492603,-0.988925974858379,-0.03349392530399564,-1.3299999237060565,17930.000080071623,0.840889841024023,1.086506378786467,0.41072156200432364,0.8330681222125148,1.3120119017306253,-0.9629630351899787,-1.2824681159076645,0.7298288625429291,17678.3703125,0,-0.24261514654264627,1,Full Recovery
2023-02-07,0.5707735074146014,50.8076294745703,2.0138886773291897,0.1996839483948798,-0.5010133160870178,0.07479862801675896,-0.30132936769213803,-1.8595431457731015,1.1704213218096315,0.3710895590197216,-0.6096898907870352,209.00394566785258,0.0697601913275836,1.3835596307890219,0.2899999618530291,17917.748193353353,0.8213503371159278,0.8418272937462667,0.21951065285961135,1.034641664554439,0.5536199615119974,-1.9535291544469757,-0.10867657470001735,0.7017561297746743,17701.500390625,1,0.8475536424681795,1,Full Recovery
2023-02-08,0.22867924177325527,48.917864510046876,-3.8121135598274236,0.5237070364850549,-0.24261514654264627,-0.25959245256645946,0.28109188994240863,-1.075409028193819,1.1863556546205174,-0.29502779471179963,-0.33014390112368064,204.7654195788056,-0.013935904769390994,-0.5010133160870178,-0.5599994659423828,17903.211290141993,0.8186007521812539,0.6308749767787392,0.6433480188310359,1.1161696614025778,0.821864682407436,-2.1900551604741803,-0.08752875458103437,0.6900129391000089,17713.3703125,1,0.12170079483646568,1,Full Recovery
2023-02-09,0.5132368225064132,55.175033157941655,-3.750882722424942,-0.735000857754109,0.8475536424681795,-0.03349392530399564,0.1125527847140706,-0.13411043461690753,1.1169192530034227,1.2482376802605222,1.5286732884518095,209.40439228079788,1.3607904649745928,-0.24261514654264627,-0.5299997329711896,17900.877062631476,0.793294308008877,0.09884836621241178,-0.015829461476557505,1.1279901856035692,-0.425013327506929,-0.11317939567355717,0.68111964598363,0.7102521563344868,17764.45,0,-0.20649578680046465,1,Full Recovery
2023-02-10,-0.5651617899861683,56.01524208755507,-4.11765002874348,-0.08161103439887629,0.12170079483646568,1.3835596307890219,0.04008976043758938,0.19738832324700528,1.1243235100078615,-0.483550755587292,0.7044858334252613,205.34173893502458,-0.4434609951497026,0.8475536424681795,-0.560000419616701,17900.326851973587,0.7943717840664895,0.7253167096825663,-0.09958372160226991,1.1115046535390036,-2.6946712452102783,0.008383658938782013,0.5827850385887956,0.7065331080273353,17821.059765625,0,-0.479375070002519,1,Full Recovery
2023-02-13,0.4056423017364641,54.158032666787456,-2.223926094335793,0.21876324445023743,-0.20649578680046465,-0.5010133160870178,0.012267457649772773,-0.5574530342745909,0.8121011869397051,0.18687905728622667,-0.389309722533393,201.7715070770211,0.19914651493599944,0.12170079483646568,-0.28999996185302734,17897.08041849406,0.570719746102239,0.7617865304855753,-0.15279187133214744,0.7524506411554717,-1.5378355922537668,1.432318695208834,-0.18281393573292837,0.7027692548655298,17821.549609375,1,0.89443537049958,1,Full Recovery
2023-02-14,0.0015589701809926026,50.020390363603205,7.294120040594354,-0.18762019261387985,-0.479375070002519,-0.24261514654264627,-0.6669952626163989,-0.6926530340051751,0.8600846862909237,0.18917916279487246,-1.8806125092072135,198.56317332091822,-0.4778160998215264,-0.20649578680046465,0.9300003051757795,17887.73374976302,0.601305204859389,-0.564013678225106,-0.024478192962107403,0.7407677096724429,-0.7544917203802015,0.6909826209111625,-1.4012374392046945,0.6991232542070734,17822.809765625,1,0.4796470794436125,1,Full Recovery
2023-02-15,-1.0517523576615617,56.64420957042384,-1.6812901372788902,-0.007485666561102278,0.89443537049958,0.8475536424681795,0.8869497039384777,-0.683814961988638,0.9104157995839217,-1.0442666911004594,0.9874647132525949,205.2345457843789,-0.15731698716198173,-0.479375070002519,-0.23000049591064275,17890.85344306761,0.6553860352045875,0.20342858540016717,0.10228250312709353,0.8869102057803494,-0.5706109252868186,1.5156660589420223,0.09302934275301489,0.7198755067882944,17864.4796875,1,0.11101336008929596,1,Full Recovery
2023-02-16,-0.575168236610557,59.75221873930503,-4.3866182970609735,-0.2810816725369314,0.4796470794436125,0.12170079483646568,0.19856540690668112,-0.8229954458065847,0.9202572030854371,-0.29408656407362566,1.1298258653099635,201.89107249229465,-0.09552115716694454,0.89443537049958,-0.5900001525878906,17900.11241834964,0.645358205871795,0.8923899385377965,0.3271321458320653,0.7884680427413436,-2.1138229662604813,2.268063159720013,0.650178785866351,0.7012802547114145,17893.309765625,0,-0.5081567689351307,1,Full Recovery
2023-02-17,0.3915567093157435,60.462066758120876,0.23328683861925104,-0.3499223184872391,0.11101336008929596,-0.20649578680046465,-0.23890895839794313,-0.3976176164105283,0.9155680495050011,0.7414790278029826,1.6179425341734666,199.02006230582174,0.5025700694050395,0.4796470794436125,0.030000686645507812,17910.167025092258,0.6404918864282627,1.4909161208836341,-0.15675375187977902,0.7915680619274217,-1.8937086003207093,2.415897477132267,1.5069291740841706,0.6995568343423362,17921.78984375,0,-0.5550518480140765,1,Full Recovery
2023-02-20,-0.6671787105393956,55.620895816961664,1.5515888591014715,-0.6919041076615895,-0.5081567689351307,-0.479375070002519,-1.2000608765967202,-0.4629065356093087,0.7747732859026607,0.024725397122193904,-1.2088494289683838,196.66690556087894,-1.1753354794745263,0.11101336008929596,0.19999980926513672,17912.687928326166,0.5363872580743609,0.08003195613808245,-0.05125133292194217,0.8812088253308374,-1.4591021099446544,0.5049186798251615,-0.700692660033253,0.6923151168950772,17939.3296875,0,-0.10031264929920569,0,Full Recovery
2023-02-21,-0.25660694594983324,50.85535576071025,2.2154313099506995,-0.4904927282560756,-0.5550518480140765,0.89443537049958,-1.045544576270152,-1.5119927370708885,0.8326917837662858,0.23388578230624235,0.5393682536122713,195.62099914234528,-0.8116587939639097,-0.5081567689351307,0.28999996185302734,17907.644349144597,0.5428077303527185,-0.9505518957645287,0.07582776257450963,0.9105711053050303,-0.5958436649687759,0.45033381983898835,1.0944201016263477,0.6518711254893332,17954.06953125,0,-1.5280363131582653,0,Full Recovery
2023-02-22,-0.19748244220947342,50.02577715040309,4.708520994412879,0.031279520979454745,-0.10031264929920569,0.4796470794436125,-0.06903312831975095,-1.6094310720449423,0.8582068615687601,-0.22876196318892816,-0.88109835683986,193.3071315483657,-0.2977950915086791,-0.5550518480140765,0.630000114440918,17901.648413559815,0.536218259579996,-1.1596370293323166,-0.07310603961905304,0.6302144326312561,-1.0862934700734295,0.5936247989730026,-0.7807857075406544,0.6248123657669138,17933.439453125,0,-0.2452434977984641,0,Full Recovery
2023-02-23,1.2979902161908363,39.473364209195076,11.277658086320796,-0.1381626438203165,-1.5280363131582653,0.11101336008929596,-1.6661989569785818,-1.8871528941416749,0.9668790840458021,1.4361528600111528,-1.0955764445952365,215.55550619608357,-0.23004609696742895,-0.10031264929920569,1.5799999237060547,17875.918959314644,0.660589107424448,-2.1728383236661375,0.19794586877948106,0.8813590866559236,0.0,-1.7759835459126516,0.43245986856302876,0.6832179103136615,17841.1296875,0,-0.2595429723749043,0,Full Recovery
2023-02-24,0.04803110077163941,38.105306245909034,-3.2713292103283,0.259375806287121,-0.2452434977984641,-0.5081567689351307,0.014132308488656875,-1.8871528941416749,0.9543153508721437,-0.21134470551548157,-0.03201373610701719,210.16310536993902,-0.1972123970268247,-1.5280363131582653,-0.5100002288818342,17848.906443809858,0.6522887524381344,-1.8680699857219984,-0.03125925635379945,0.7794598064437032,-0.6641753690272201,-2.135972858433044,0.21322976169144692,0.6835148902787529,17736.209765625,0,-0.41854114458053093,0,Full Recovery
2023-02-27,0.49349627816074326,36.66075859443584,-5.901859070460991,0.029171044411568925,-0.2595429723749043,-0.5550518480140765,-0.2303719279633354,-0.787014750327486,0.9674918090179156,0.46432523374917434,-0.2728900822723479,205.4290923622801,0.23395330578583895,-0.2452434977984641,-0.8900003433227557,17820.5282465832,0.6524388190732434,-2.0244826766382507,-0.2624480215683511,0.9244985303105505,-0.3545401062307496,-2.1879943927981427,-0.013347109897443588,0.67436107768062,17640.530078125,0,-0.5102715736285734,0,Full Recovery
2023-02-28,-0.3625411463695105,34.40177933792452,-2.1846333693408715,1.415056102386325,-0.41854114458053093,-0.10031264929920569,0.9965149578057941,-1.4519277993488955,0.9623289580922595,-1.7775972487558356,-1.9521648907561695,201.2288123389759,-0.7810822909500414,-0.2595429723749043,-0.3099994659423828,17788.837207484445,0.6500210861562705,-0.9205810274859227,0.3632411918743639,0.9256500409035457,-1.9429566363233564,-2.128204894303043,-1.5336237461756386,0.6754666173079241,17550.15,1,0.8492348770636093,0,Full Recovery
2023-03-01,-0.795339773777437,31.836894450979386,1.0086479983317576,0.4158693969029681,-0.5102715736285734,-1.5280363131582653,-0.09440217672560536,-2.028072255941904,0.8012467056743358,-1.2112091706804051,-0.8531311220389859,197.76760350627896,-1.3056113474060105,-0.41854114458053093,0.1400003433227539,17752.9195786893,0.523603222499998,-1.183814869012778,-0.32079746578742574,0.8447445449605292,-1.7612898957392487,-3.490829004487217,-0.34285954841041244,0.6534856476934962,17445.6,0,-0.7392168719804415,0,Full Recovery
2023-03-02,-0.700261934108104,39.83553868747842,-7.275323997574046,0.21634190690615895,0.8492348770636093,-0.2452434977984641,1.0655767839697683,-0.9389053506684286,0.8990224249686355,-0.916603841014263,1.4623837778680038,202.62601288252503,0.14897294295550534,-0.5102715736285734,-1.0200004577636719,17730.547786980835,0.596860619857506,-0.08531180912698666,-0.02008609884114332,0.827828949357126,-0.8097993996762698,-3.135845552662775,0.6131489008043944,0.6638995904784318,17424.919921875,1,1.5728598629827895,1,Full Recovery
2023-03-03,0.7094666032402164,35.85767020496935,-0.23076717670147406,-0.01842854455129661,-0.7392168719804415,-0.2595429723749043,-0.7576454165317381,-1.6382364602770982,0.8770344538711002,0.727895147791513,-1.2635521965927654,204.35714475860487,-0.029750268740225128,0.8492348770636093,-0.029999732971191406,17700.277609472996,0.5897110107580381,-0.4070606133904531,-0.2607839750158547,0.9067667935097752,-0.104469779404337,-3.9585006207796813,-0.5243353246123239,0.6723920685982604,17387.05,1,0.6655523618366965,1,Full Recovery
2023-03-06,-1.3968542512626136,47.72948348588188,-6.090978763210186,0.5602300869185006,1.5728598629827895,-0.41854114458053093,2.13308994990129,-1.454578431846587,1.1572375218461466,-1.9570843381811143,0.33516188339999253,225.16565436370712,0.17600561172017581,-0.7392168719804415,-0.7899999618530291,17692.43109094722,0.8552808258337045,1.6782318703890464,-0.07789545458037894,1.4273794112144547,0.08371895468668455,-1.9496529497367576,-1.237697979582797,0.739071115110014,17412.759765625,0,0.0,1,Full Recovery
2023-03-07,-0.44401926527943836,51.85412294568583,0.7389174904178564,-0.42544659257497397,0.6655523618366965,-0.5102715736285734,0.24010576926172256,-0.2991927304511255,1.1888461586244037,-0.018572672704464388,1.216415471170862,222.5644811777125,0.22153309655725817,1.5728598629827895,0.0900001525878924,17693.839841154833,0.8845335915386372,1.4930394552304715,-0.7809977019833991,1.3542054228310363,0.8220978407156521,-0.7461663110392647,0.5508631093341654,0.7440269584108623,17476.509765625,1,0.24250512391459367,1,Full Recovery
2023-03-08,0.0,51.85412294568583,0.0,0.0,0.0,0.8492348770636093,0.0,-0.2991927304511255,1.1891127557369405,0.0,0.0,222.5644811777125,0.0,0.6655523618366965,0.0900001525878924,17693.839841154833,0.8847374472605566,2.248880430785949,0.17365654732988123,1.2279682761546535,0.8220978407156521,-0.6465021852098185,0.0,0.7440315839462492,17476.509765625,0,-0.9282249899975281,1,Full Recovery
2023-03-09,-0.7315844529191873,51.85412294568583,1.4669873250703347,0.30574382547015055,0.24250512391459367,-0.7392168719804415,0.5482489493847442,-0.656338419135527,1.0121736034113895,-1.0373282783893378,-0.3777367274414134,215.77747455387376,-0.4890793290045936,0.0,0.0900001525878924,17698.656144058205,0.7205257560817665,0.909671484331076,0.26901374056047533,1.2384783744435703,-1.3606898045848026,1.1398893745100391,-0.6202418513560071,0.7118598564041958,17476.509765625,0,-1.0045664635585094,0,Full Recovery
2023-03-10,0.5048261538456611,45.53786655438337,2.2489938735807735,0.15772500211732599,-0.9282249899975281,1.5728598629827895,-0.7704999878802021,-1.698105299097985,1.0780582841283146,0.3471011517283351,-1.07564384931359,220.7069818529406,-0.423398836151867,0.24250512391459367,0.2799997329711914,17690.57788222982,0.7877757019904253,-0.687970859245135,-0.1341459991102134,1.2781105572799825,-1.547796814915381,0.44742442358483014,-0.1474188593160619,0.7307357250351183,17476.509765625,0,-1.4851035931626178,0,Full Recovery
2023-03-13,0.8639713149883765,39.9227706534841,5.34171507956176,-0.8649476917009347,-1.0045664635585094,0.6655523618366965,-1.869514155259444,-2.484247245400839,1.2286824319164573,1.7289190066893112,-0.6618495578202488,226.44788036629862,-0.1405951485701329,-0.9282249899975281,0.6800003051757812,17670.00917914798,0.8525961209881878,-1.6856261982726162,0.06576221666980686,0.9863735734386988,-0.815557072641826,-0.30287984666462764,0.34271690573826064,0.6939108908194195,17476.509765625,0,-0.6470680525861194,0,Full Recovery
2023-03-14,0.7439108930067828,33.42663512163986,20.95450781444015,-0.7891702947842028,-1.4851035931626178,0.0,-2.2742738879468205,-3.469715072514201,1.3053947649307769,1.5330811877909856,-0.9426139344401063,242.1709780882921,-0.7411927001558349,-1.0045664635585094,2.809999465942383,17631.808557081462,0.9661576083364148,-3.38000493495616,-0.07364434682664012,0.9068831847048223,2.0698261046830035,-1.3706810800418912,0.5424896587225114,0.7401267679031249,17476.509765625,0,-0.41746837386849034,0,Full Recovery
2023-03-15,0.6522467007922028,31.088277854403827,0.0,0.2595994649888467,-0.6470680525861194,0.24250512391459367,-0.38746858759727276,-4.944541351096721,1.3039323242999525,0.39264723580335614,-1.6479337863464005,236.04371486401973,0.0051786482060833805,-1.4851035931626178,0.0,17588.215388501354,0.9730255032465099,-3.105805932238681,0.5605265639453627,0.8318112819600639,2.0698261046830035,-1.5062945123392346,-1.000865733760281,0.7462239297108528,17390.900390625,1,0.07924286811309411,0,Full Recovery
2023-03-16,0.7278680513438163,29.656180901586822,0.493217799585155,-0.49571525261646876,-0.41746837386849034,-0.9282249899975281,-0.9131836264849591,-5.793227859800099,1.2158243803080178,1.223583303960285,-0.2369287176903212,227.20075340298334,0.31039967747532593,-0.6470680525861194,0.07999992370605469,17542.580944214216,0.909224503289934,-2.5311693635903243,-0.13649475363044505,0.5386354544846955,3.8412593682514595,-2.743411453183209,0.18053965617816914,0.7478255230726727,17234.450390625,1,0.6738129621978839,0,Full Recovery
2023-03-17,0.8598190856162535,30.30969143985439,-0.4907971009235568,0.12843561414750404,0.07924286811309411,-1.0045664635585094,0.20767848226059815,-5.823124625379894,1.2016142874436289,0.7313834714687495,-0.6938519666393916,219.55478576175213,0.9390619537293476,-0.41746837386849034,-0.07999992370605469,17501.32306755946,0.899486803433273,-0.9834336824698475,0.49911622945331136,0.7906019380439976,5.587425292472292,-1.9414773995122037,-0.7730948347524857,0.7485653364081767,17113.650390625,0,-0.6529243219992265,0,Full Recovery
2023-03-20,-1.2447800203449821,35.777597791782924,-8.93957408738597,0.515732279910619,0.6738129621978839,-1.4851035931626178,1.1895452421085029,-4.70429706675316,1.0328178084172037,-1.7605123002556011,1.182439466463281,216.94100443101823,-0.5709670581470982,0.07924286811309411,-1.4499988555908203,17471.5991944995,0.7329812343607021,0.332975406163305,-0.11230698620291468,1.040829679184361,4.891418258268598,-2.809418018280241,0.508626504265397,0.7096907395319957,17051.08046875,1,0.7010642946744028,1,Full Recovery
2023-03-21,0.5428659079878884,33.05310519188181,8.39539426328435,0.056551429280449206,-0.6529243219992265,-0.6470680525861194,-0.5963728927187772,-4.798085905498151,0.9235154297119175,0.48631447870743916,-1.4261232189197393,214.22785618396574,-0.11005841401133809,0.6738129621978839,1.239999771118164,17435.806690508798,0.6583562962313824,0.09574508607332888,-0.10869348418990343,0.7300255874737915,4.281032703098253,-4.082380945764474,-0.7731988969205128,0.7128806676726552,17017.900390625,1,0.25953757489405316,1,Full Recovery
2023-03-22,-0.9544214507309023,38.43850997416829,-5.808871279702233,0.6524001819939063,0.7010642946744028,-0.41746837386849034,1.353464476668309,-4.034393635774991,1.0144347794423196,-1.6068216327248086,-0.9777453358868704,212.94908994277014,-0.25335715605649956,-0.6529243219992265,-0.9300003051757795,17411.487676397035,0.7396464332429499,0.7176690457116219,-0.00472371141359007,0.7647910303654518,2.7478087620014913,-3.4099367662734026,-1.6788096305612732,0.7291217218992859,17030.740234375,0,-0.43726933046436267,1,Full Recovery
2023-03-23,0.7801116810423281,40.36449949344815,-1.7904476489082222,0.0020299128762335528,0.25953757489405316,0.07924286811309411,0.2615674877702867,-2.292317966061108,1.0438799038781945,0.7780817681660945,0.18729018876935122,207.42507847123377,1.0396492559363812,0.7010642946744028,-0.26999950408935725,17392.25898856207,0.7411648208500938,0.30321318947106324,0.17921368953710548,0.7372742661407842,2.2685481369885574,-3.3935249106928023,-0.07224738612470194,0.710009664897418,17066.690234375,0,-0.7720933328590696,0,Full Recovery
2023-03-24,0.6597285478668335,38.190974244021646,-2.160706545792368,-0.518134201084286,-0.43726933046436267,0.6738129621978839,-0.9554035315486487,-2.480403222928118,1.004781456358343,1.1778627489511195,-0.7738064626250374,202.5376018625689,0.22245921740247088,0.25953757489405316,-0.32000064849853516,17368.899092418582,0.7137854582247026,0.5209436907835041,-0.182879564145344,0.8331874983967842,1.327967479437664,-2.914786181242801,-0.3365371321606747,0.7103887652457447,17084.950390625,1,0.23988383407489433,0,Full Recovery
2023-03-27,0.55564035327339,34.65777548383224,5.1759835186120595,0.21287016361094535,-0.7720933328590696,-0.6529243219992265,-0.5592231692481242,-2.98154093546652,0.9613124805530104,0.34277018966244466,-0.22714754636284917,204.40923671839306,-0.21645297958567955,-0.43726933046436267,0.75,17337.50292122091,0.6914751426808612,-0.949578949291241,-0.31566572880648014,0.8285109196848902,2.3115608560380085,-2.6867988610724924,0.5449457864962204,0.7193031990877178,17053.950390625,0,-0.20016838613549082,0,Full Recovery
2023-03-28,0.8438813865136785,36.604982606881286,1.3779530269085072,-0.1486313960988861,0.23988383407489433,0.7010642946744028,0.09125243797600824,-2.3400623151191957,0.7723652827984845,0.9925127826125646,0.046892086605576644,199.8022707809405,1.0837652205885728,-0.7720933328590696,0.21000003814697266,17311.443387704545,0.5566357666901818,-0.968995668642314,0.08934701466063455,0.7716980760733282,-1.0017645316475643,-0.9828530154040727,-0.1929917474693177,0.7206897811306407,17053.41015625,1,0.7609856589321451,0,Full Recovery
2023-03-29,0.11980142825537277,35.64806630089582,-2.2653684926618456,0.5465877371170769,-0.20016838613549082,0.25953757489405316,0.34641935098158605,-2.03566246957263,0.7567124853674629,-0.4267863088617041,-0.8800007826825884,195.76423363514823,-0.08036695788011805,0.23988383407489433,-0.3499994277954084,17284.79567148569,0.5246142124440193,-0.7331609894716817,-0.15047750199193022,0.5816939770462161,-0.13866817642430584,-0.5374637441168395,-0.6798323965470976,0.6932807671510707,17022.25,0,0.0,1,Full Recovery
2023-03-30,-0.1773198944581278,41.858416397091936,-9.735100860214219,0.10398320096474123,0.7609856589321451,-0.43726933046436267,0.8649688598968863,-2.121387226952942,0.8012713273509766,-0.281303095422869,1.1136058134916027,198.24946862962844,0.5836657644740173,-0.20016838613549082,-1.4700002670288104,17269.67741572749,0.5644060825543523,0.8005195100984741,-0.061543766740213,0.7902110859226725,1.298956233591797,0.6395702702761907,0.3526201545594576,0.7043882180835873,17008.009765625,1,1.6337198944623932,1,Full Recovery
2023-03-31,0.0,41.858416397091936,0.0,0.0,0.0,-0.7720933328590696,0.0,-2.121387226952942,0.8031919981959842,0.0,0.0,198.24946862962844,0.0,0.7609856589321451,-1.4700002670288104,17269.67741572749,0.5647433111233248,0.5592940200844554,0.11087857036935489,0.7600980280133451,1.298956233591797,0.559883734233968,0.0,0.7031236769184103,17008.009765625,1,0.2206297973761151,1,Full Recovery
2023-04-03,-1.0094803743661007,41.858416397091936,-5.062366311549516,0.11646151890383205,1.6337198944623932,0.23988383407489433,1.7501814133662252,-1.333380401000983,0.9520233771009519,-1.1259418932699328,2.4536483810314813,194.53309144928244,0.6242395200962925,0.0,-1.4700002670288104,17276.840772945037,0.7366076314312183,2.407137927498515,-0.1883154104576623,0.9808639510535966,0.3339846048116213,1.5187043715376491,0.8199284865690881,0.7737285124017566,17008.009765625,0,0.0,1,Full Recovery
2023-04-04,0.20293831170457022,43.86724468227315,-2.704787010395271,0.2827170304913418,0.2206297973761151,-0.20016838613549082,0.5033468278674569,-1.769468063450308,0.8817294290864183,-0.07977871878677156,-0.22858122092330735,191.792746964378,0.4235681090806853,1.6337198944623932,-0.34999942779541016,17285.819292078737,0.6799991284370381,1.8579541647313347,0.10267559650396496,1.0050716285343657,0.7936462283165913,2.4113535189049573,-0.44921101829942245,0.7712106525166447,17008.009765625,1,0.9138954817361267,1,Full Recovery
2023-04-05,0.0,43.86724468227315,0.0,0.0,0.0,0.7609856589321451,0.0,-1.769468063450308,0.8597798723251998,0.0,0.0,191.792746964378,0.0,0.2206297973761151,-0.34999942779541016,17285.819292078737,0.6631860701947591,1.8579541647313347,-0.05341563958684015,0.9475132917236475,0.7936462283165913,1.6983824711383821,0.0,0.7713440282281232,17008.009765625,1,0.23978747854371818,1,Full Recovery
2023-04-06,0.029921920715048067,43.86724468227315,-1.4297085225911,-0.45791962918972917,0.9138954817361267,0.0,0.4559758525463975,-1.1115532207959467,0.9496017753761056,0.48784154990477724,1.2021067256312579,189.34718327314002,0.9438174024511747,0.0,-0.34999942779541016,17307.3899848847,0.703973094477966,1.1365416048618293,-0.031774863435896084,0.9308415105761427,2.3081515394362206,2.3621312006129047,0.2882112438951312,0.741335065537536,17008.009765625,0,0.0,1,Full Recovery
2023-04-07,0.5195389206987588,46.409215478172726,-4.915388107796403,-0.13770837667212987,0.23978747854371818,1.6337198944623932,0.10207910187158831,0.0542978888780965,0.8952808894082109,0.6572472973708887,-0.7338474498336023,187.56642602422096,0.759326399242477,0.9138954817361267,-0.6099996566772461,17329.00186679139,0.6634205641220152,1.1558743672120286,-0.2006977454417469,0.9100978029140405,2.3081515394362206,3.0582247835017506,-0.9736349283773205,0.7410194631441472,17008.009765625,1,0.14148632219350699,1,Full Recovery
2023-04-10,0.0,46.409215478172726,0.0,0.0,0.0,0.2206297973761151,0.0,0.0542978888780965,0.7595009783951907,0.0,0.0,187.56642602422096,0.0,0.23978747854371818,-0.6099996566772461,17329.00186679139,0.5613957519263534,1.1558743672120286,-0.1448421287826962,0.5377929938911393,2.3081515394362206,3.8601218598811826,0.0,0.7391639613639741,17008.009765625,1,0.5574768321964241,1,Full Recovery
2023-04-11,0.05730539713606486,46.409215478172726,3.9830530460316815,-0.644280022395749,0.14148632219350699,0.0,-0.502793700202242,2.7383803396606288,0.7691624215339263,0.7015854195318139,0.9631606286220729,185.8590011681823,0.19879171932957185,0.0,-0.6099996566772461,17352.46672891328,0.5649922925798959,0.38161306722170885,0.06538444899919504,0.6369427260610386,1.1417359050500897,3.758170648608594,0.8216743064285659,0.7345552469610073,17008.009765625,1,0.5083967961446945,1,Full Recovery
2023-04-12,-0.5473131976807322,52.658175298709565,-2.363495555893391,0.7449748426699099,0.5574768321964241,0.9138954817361267,1.302451674866334,3.983970057883357,0.7229627483862817,-1.292288040350642,-1.2597433140593917,185.99266819992462,0.01016363451569191,0.14148632219350699,-0.29000091552734375,17379.861843901184,0.5295735517909841,0.6997519078568715,0.12102148506378807,0.6389599898124513,1.1417359050500897,4.545866184598468,-1.8172201462558157,0.7325046178392233,17008.009765625,1,0.08757724412713497,1,Full Recovery
2023-04-13,1.7208730844447295,57.546965381733386,2.420708903242641,-0.04558457188110765,0.5083967961446945,0.23978747854371818,0.4628122242635868,4.950757450653587,0.7178393457374945,1.7664576563258372,1.0622202013024884,185.08186061701778,2.229269880589424,0.5574768321964241,0.29000091552734375,17411.901736251097,0.5188377832703737,1.2117062202820827,0.10513881058951124,0.42747056086923235,-0.26995639799605176,4.283789337334554,0.5538234051577939,0.7227770200664406,17008.009765625,0,0.0,1,Full Recovery
2023-04-14,-0.8454767781509887,58.348935163533326,-2.9339901949537173,1.295074145804187,0.08757724412713497,0.0,1.382651389931322,4.9594975155310195,0.724265398986615,-2.1405509239551757,-2.1999349100976895,184.17494586808192,-0.7578995340238537,0.5083967961446945,-0.3600006103515625,17442.723829862127,0.5116207483249676,1.1572210116812531,-0.13341895746545873,0.45804086058547555,0.2509115035171039,4.375118206107542,-2.2875121542248245,0.7063995449297947,17008.009765625,0,-0.6795512150830185,1,Full Recovery
2023-04-17,0.0,58.348935163533326,0.0,0.0,0.0,0.14148632219350699,0.0,4.9594975155310195,0.4665618518422733,0.0,0.0,184.17494586808192,0.0,0.08757724412713497,-0.3600006103515625,17442.723829862127,0.30291671699628286,0.5964192801751089,-0.34150505364552997,0.4638816187962727,0.2509115035171039,2.697331470787301,0.0,0.6492530749214174,17008.009765625,0,-0.26373533282438855,0,Full Recovery
2023-04-18,0.0761264028570019,58.348935163533326,3.022675188612922,0.9881012496511965,-0.6795512150830185,0.5574768321964241,0.308550034568178,4.229057487640064,0.6549772123580503,-0.9119748467941946,-4.70878503786717,183.10362178149873,-0.6034248122260166,0.0,-0.3600006103515625,17463.729414683476,0.42667554974482164,-0.5925691031824831,0.20090503942022941,0.9005740835778908,0.6228098251691128,1.774904740810368,-4.029233822784151,0.6514357165850179,17008.009765625,0,-0.2344283016240789,0,Full Recovery
2023-04-19,1.90640364215936,54.49954375285275,-1.5484965523159033,0.27000196238423646,-0.26373533282438855,0.5083967961446945,0.006266629559847914,3.2304567623849145,0.6835503554145456,1.6364016797751235,0.5877844676508204,182.23667273146526,1.6426683093349714,-0.6795512150830185,-0.1900005340576154,17478.27911660507,0.4465151624999215,-0.9414943312485935,0.1941447646725214,0.7989598310611632,-0.058193559148123075,1.5064883570604648,0.8515198004752089,0.6532293618087187,17008.009765625,1,0.03234746363958152,0,Full Recovery
2023-04-20,0.3768071192873146,51.27027428799114,0.5794676760456419,-0.02867046711583221,-0.2344283016240789,0.08757724412713497,-0.2630987687399111,2.7218535482527173,0.5658989168439915,0.4054775864031468,-1.7650123175003363,181.43011636726942,0.14237881766323568,-0.26373533282438855,0.0699996948242152,17488.684367226917,0.36938253516620423,-1.1737155037020441,0.12707020559081794,0.5360930025850601,-1.160097205446664,0.35142131511001207,-1.5305840158762574,0.6527358934872227,17008.009765625,0,-0.002260708945023282,0,Full Recovery
2023-04-21,-1.1416265053578845,51.69460322006226,-1.728395429961116,0.2416478867423466,0.03234746363958152,0.0,0.2739953503819281,3.206371271133013,0.5752587703676679,-1.383274392100231,-0.18847371928547574,180.73869980996676,-1.109279041718303,-0.2344283016240789,-0.21000003814697088,17498.741022895294,0.3624067585462956,-0.4653588438531253,0.2827993596385525,0.5269106632410019,-0.5775880727618476,0.14375028091400122,-0.22082118292505726,0.6299891060455157,17008.009765625,1,0.6771973756565242,1,Full Recovery
2023-04-24,0.48683250366279296,51.66073449744148,-2.596310526272494,-0.3561537506535095,-0.002260708945023282,-0.6795512150830185,-0.3584144595985328,4.0070697265264466,0.6037407661750214,0.8429862543163025,0.6943280945513441,180.13894087697088,0.4845717947177697,0.03234746363958152,-0.3099994659423828,17508.023227217865,0.362417830418252,-0.20441280836522857,-0.2419276677968929,0.572856775661269,-0.5775880727618476,0.14148632219350699,0.6965888034963674,0.6002871607527241,17646.85,1,0.14568576938982503,1,Full Recovery
2023-04-25,-1.4057340564049836,60.09466552660687,0.34393775975425367,0.5520870158150615,0.6771973756565242,-0.26373533282438855,1.2292843914715856,4.460818257270183,0.7791650292083917,-1.957821072220045,0.7141528218881366,183.86263027045771,-0.7285366807484595,-0.002260708945023282,0.03999996185302557,17525.45857265543,0.41849152448384047,0.7074871408300876,-0.10481711016486761,0.746296947311093,-0.8510685394837791,0.6771973756565242,0.0369554462316124,0.537102550445698,17654.16015625,1,0.24958627615121465,1,Full Recovery
2023-04-26,-0.12761979187538852,61.655133618748906,-1.2853437664921308,-0.0454178017804896,0.14568576938982503,-0.2344283016240789,0.10026796760933543,4.822824961085437,0.741691542418184,-0.08220199009489892,-0.10309457985976378,183.03994623439635,0.018065977514436504,0.6771973756565242,-0.14999961853027166,17543.517196903173,0.3838337980280342,0.8215903910117728,-0.24678554436612377,0.6791105429293135,-0.3882002351754954,0.26491604746756714,-0.2487803492495888,0.5175113588358138,17675.980078125,1,0.5695152810193838,1,Full Recovery
2023-04-27,-0.23955143486869002,64.2389114365682,1.1284648923689078,0.10515542634534913,0.24958627615121465,0.03234746363958152,0.3547417024965638,4.290810236974796,0.7011786867955853,-0.34470686121403915,0.2934847825788012,182.38608621564325,0.010034841282524631,0.14568576938982503,0.1299991607665998,17563.523301530713,0.3554531641836476,1.0755122671721962,0.17018151109959856,0.5663600401769641,0.704226560785437,0.0067324937891743986,0.043898506427586526,0.5069366351364228,17714.95,1,0.8370013603697934,1,Full Recovery
2023-04-28,-0.07585062838366685,69.33003029260026,-1.888406185048841,-0.17037091870093501,0.5695152810193838,-0.002260708945023282,0.39914436231844874,4.290810236974796,0.7783148991890396,0.09452029031726816,1.0724182523554449,183.5381314910573,0.4936646526357169,0.24958627615121465,-0.2199993133544922,17589.562374102512,0.3985218557428405,0.9674041437722103,-0.27405359528782647,0.588375755060546,-0.3291986269453595,0.48828125,0.5029029713360611,0.5120316417946597,17773.0703125,0,0.0,1,Full Recovery
2023-05-01,-0.08136637221785037,74.99610179559835,-4.199479292168407,-0.29504261645683094,0.8370013603697934,0.6771973756565242,0.5419587439129625,4.062558504586766,0.9043102249620593,0.21367624423898057,1.2902430749125005,191.1029431255826,0.7556349881519431,0.5695152810193838,-0.48000049591064275,17624.779976020844,0.4687021969107036,1.664392138103743,-0.0022020366786557055,0.7449802858101827,-0.07798969548318269,1.32936953107472,0.453241714542707,0.5182980175193056,17861.26015625,1,0.4575166931912511,1,Full Recovery
2023-05-02,0.0,74.99610179559835,0.0,0.0,0.0,0.14568576938982503,0.0,4.062558504586766,0.7641340772389977,0.0,0.0,191.1029431255826,0.0,0.8370013603697934,-0.48000049591064275,17624.779976020844,0.37833285172486586,1.4112834920388062,-0.02482944337165449,0.8628155713655321,-0.07798969548318269,2.0226657961525563,0.0,0.4951131783252764,17861.26015625,0,-0.318502836487633,1,Full Recovery
2023-05-03,-0.6450106206192241,74.99610179559835,8.675797496008265,-0.18411288443946905,0.4575166931912511,0.24958627615121465,0.27340380875178205,4.062558504586766,0.7108085877790229,-0.46089773617975505,1.1433466994694497,189.65172113271805,-0.187493927427973,0.0,-0.48000049591064275,17666.363190142532,0.3473538071482732,1.2983474745069667,0.03657675883437239,0.8048444648460645,-0.01948231019613944,2.760452143481129,0.6858300062781986,0.48867418465289864,17861.26015625,1,0.9173717607303677,1,Full Recovery
2023-05-04,0.2907036573235544,68.87054236056298,-0.5041972089558033,0.22761371616852877,-0.318502836487633,0.5695152810193838,-0.09088912031910423,3.0346715673568614,0.7271111759941147,0.06308994115502564,-1.0035682426404957,188.48462446085549,-0.02779917916407859,0.4575166931912511,-0.059999465942381036,17697.73255453012,0.36172635730647423,0.1375566530583905,0.004898131460806532,1.2358925072438574,1.1266546934967092,2.673853760198641,-0.6850654061528627,0.49748424886910414,17861.26015625,0,-1.0232406865540389,1,Full Recovery
2023-05-05,-0.3783103075384986,75.14702981921184,-0.92905919707712,-0.05676965852141613,0.9173717607303677,0.8370013603697934,0.8606021022089516,3.7311482432401677,0.8068137522176102,-0.32154064901708246,0.5026329128182017,197.65069797024134,0.5390614531918692,-0.318502836487633,-0.1100006103515625,17739.070941694554,0.4042946116404639,1.0561903196789402,0.001585983932295143,1.293360391368885,2.0205888404210004,3.5822484700873902,-0.4147388479121661,0.5011002978674289,17861.26015625,1,1.0814123118324304,1,Full Recovery
2023-05-08,0.6573611101075683,60.38742661796381,4.859340756545882,-1.321361505519536,-1.0232406865540389,0.0,-2.344602192073575,3.7311482432401677,1.1349333518909708,1.9787226156271043,-0.5854780103217938,208.25004240754265,-0.3658795764464706,0.9173717607303677,0.5700006484985352,17763.510131198662,0.5902269515842777,-0.4333915902723695,-0.0781317928013836,1.5074171946015953,2.4390243902439046,2.5246705440918005,0.4377626762322451,0.5200542837932967,17861.26015625,1,0.00848003817193188,1,Full Recovery
2023-05-09,-0.6471762563911243,67.56406016837803,2.764228839963767,0.378464092617703,1.0814123118324304,0.4575166931912511,1.4598764044501333,3.633384954021235,1.1678294202226807,-1.0256403490088273,0.7251095534620999,218.71302243028654,0.43423605544130606,-1.0232406865540389,0.3400001525878906,17800.613113378393,0.6348000425920838,0.9649100739872463,0.016758952945439276,1.6487612258178592,2.4390243902439046,2.936303011429975,-0.35630275837033043,0.5435725727429077,18165.340234375,1,0.26908205008338015,1,Full Recovery
2023-05-10,0.4148016826621692,67.61414492463663,0.3164553858114205,-0.20682483648077898,0.00848003817193188,-0.318502836487633,-0.1983447983088471,3.0675951402155066,1.1869240970309092,0.6216265191429482,0.7326068309763567,213.90588506458124,0.4232817208341011,1.0814123118324304,0.03999996185302557,17835.082454517033,0.6397684258301922,0.05559020730783182,0.07011443093332126,1.6552332408473618,2.065869285175115,2.795273963448097,0.7241267928044248,0.5390137644958769,18189.0,0,-0.09882342854272697,1,Full Recovery
2023-05-11,-0.26750777916855206,69.23748442308059,3.1545710481332145,0.03857545042798005,0.26908205008338015,0.9173717607303677,0.3076575005113602,2.822186834597429,1.206153966241297,-0.3060832295965321,-0.1199978667045909,209.8052332018034,0.001574270914828091,0.00848003817193188,0.399999618530277,17870.63928080281,0.6397022121711742,1.3619990557031336,0.3886940661095295,1.6027048200451515,0.7107163313956333,2.8152648032802263,-0.38907991678797105,0.5303653015742629,18234.05,1,0.09728797753729701,1,Full Recovery
2023-05-12,-1.1581698719264955,67.88798160391738,1.0703390224721332,0.4317255793080621,-0.09882342854272697,-1.0232406865540389,0.33290215076533514,2.6306932914516468,1.2044736386176704,-1.5898954512345576,0.03648758087337889,206.22720210822928,-1.2569933004692224,0.26908205008338015,0.14000034332275213,17902.221556298897,0.6409895461805304,0.17848715905139922,-0.22544834364416344,1.4371179634483502,-0.2666147288582721,2.1320018760413006,0.13531100941610585,0.5321739932770325,18242.28984375,1,0.45891205221868514,1,Full Recovery
2023-05-15,-0.657527926165502,68.53748363681935,-2.7987887903593633,0.634736860200591,0.09728797753729701,1.0814123118324304,0.732024837737888,2.6306932914516468,1.3047087752060564,-1.292264786366093,-0.261901677371712,203.14997620213185,-0.560239948628205,-0.09882342854272697,-0.36999988555908025,17932.78298036935,0.6025083077521196,0.2674460654355393,0.22022080754149354,0.8991515243829834,-1.123809814453125,1.382788714364791,-0.359189654909009,0.4617952443268367,18291.45,0,-0.6106338807060685,1,Full Recovery
2023-05-16,-0.45330452339562566,71.4715404264381,2.4902699247049798,0.17714228975822532,0.45891205221868514,0.00848003817193188,0.6360543419769105,3.9080921522799628,1.3091621748997462,-0.630446813153851,0.48878993481848987,200.5951121876808,0.005607528823059482,0.09728797753729701,0.3199996948242152,17967.306434369766,0.60818997875026,0.45727297031532554,0.12180037061435556,0.4470006575015672,0.21085032434799977,1.8480465506504284,0.029877882599804728,0.4645642765121274,18318.33984375,0,-0.5728269488420423,0,Full Recovery
2023-05-17,0.3471651874967119,63.012409696462065,0.9111608569773999,0.22852742837095041,-0.6106338807060685,0.26908205008338015,-0.3821064523351181,3.5466833267031594,1.3324856433564751,0.11863775912576147,0.17965166009796807,201.0200451459899,-0.2634686932093566,0.45891205221868514,0.11999988555908381,17990.950402194227,0.6475270159453598,-0.057386456796193475,0.08077661381984402,0.7953026664063386,-0.6110362828924742,0.7651106693499443,0.7902855408040366,0.48595421574750924,18322.45,0,-0.2849053652701161,0,Full Recovery
2023-05-18,0.12359016444684068,56.3194508597018,-1.3544041060379652,0.10589590738563359,-0.5728269488420423,-0.09882342854272697,-0.46693104145640874,3.1954593827598465,1.3860748217689538,0.017694257061207086,-0.9677161229444287,200.30520579319108,-0.44923678439520165,-0.6106338807060685,-0.18000030517578125,18005.083705735393,0.6694593756993601,-0.726465894110151,0.03561206993210053,0.8492442199274354,-1.5449196425258327,0.5080218609300857,-0.39488917410238633,0.4829893488046819,18295.780078125,1,0.40513721791914925,0,Full Recovery
2023-05-19,-0.9829864268253385,53.304219665974706,-2.3646031583570037,0.40756705419516814,-0.2849053652701161,0.09728797753729701,0.12266168892505203,2.8681747368435095,1.2326911226541375,-1.3905534810205067,-0.18036191207112529,197.7711106457656,-1.2678917920954547,-0.5728269488420423,-0.3099994659423828,18014.333002995736,0.6014206246869112,-1.4615065416263007,0.18749940320028635,0.8411019131873492,-1.4894000290345266,-0.689378483080616,0.10454345319899083,0.48789239535424617,18262.369921875,1,0.6097761825706316,0,Full Recovery
2023-05-22,-1.3617278971471913,56.83327455826308,-3.906249941792339,0.0910599017144742,0.40513721791914925,0.45891205221868514,0.49619711963362345,3.2872670225812195,1.0440297218992185,-1.4527877988616655,1.4738688211024087,195.67282974716306,-0.9565906792280421,-0.2849053652701161,-0.5,18028.33799467198,0.5122231875642141,-0.454431462417626,0.33328626475279677,0.9544627381348145,-0.9054155694176225,0.7438175362499244,1.0687316031832594,0.4906212694098538,18240.08984375,1,0.1834600568861644,1,Full Recovery
2023-05-23,0.37956497512985354,61.56109250650804,2.1951178853861997,-0.8014933267563196,0.6097761825706316,-0.6106338807060685,-0.19171714418568797,3.2180979261545506,0.8484112996617084,1.1810583018861731,2.4860764633316323,196.59271937462424,0.9893411577004851,0.40513721791914925,0.26999950408935725,18049.52780177961,0.42328393373207385,0.7295798843620638,0.21722882641466157,1.0420276117012557,-0.573831759880139,0.2737565916790974,1.8763002807610007,0.49891359746859926,18223.2,0,-0.34117947119577385,1,Full Recovery
2023-05-24,0.38823918751853537,62.8861760967714,0.31821768356523616,-0.025439102664970292,0.1834600568861644,-0.5728269488420423,0.1580209542211941,3.2570311071091984,0.8649896920280234,0.41367829018350566,-0.4605790918207675,194.84435679134094,0.5716992444046998,0.6097761825706316,0.03999996185302557,18071.63685349964,0.4259886013461654,1.2027103805921868,-0.09625916279559776,0.9014352748892003,-1.1911603092653156,0.44920075199692544,-0.6440391487069319,0.49247824012897656,18235.5,1,0.19551116867164708,1,Full Recovery
2023-05-25,1.3664186097316011,58.81795770393561,3.965107165845483,-0.28810302731409054,-0.34117947119577385,-0.2849053652701161,-0.6292824985098644,2.64854263930856,0.8793480286754094,1.6545216370456917,0.059228858659343686,193.24564307332832,1.0252391385358273,0.1834600568861644,0.5,18087.471189583,0.43405909509918184,0.45046528802514807,0.0792093763857471,0.7571201464123269,0.25184244634870456,-0.16215701461321785,0.40040832985511754,0.4936146791220814,18256.230078125,1,0.9726420827874671,1,Full Recovery
2023-05-26,-0.07453640930827898,60.393760222103545,-4.500375395609357,-0.18739063418307111,0.19551116867164708,0.40513721791914925,0.00812053448857597,2.266806911873376,0.8861044194883896,0.11285422487479213,0.13135398716475066,191.90775785105097,0.1209747593633681,-0.34117947119577385,-0.5899991989135742,18104.780760030557,0.4377358941838621,0.036856243480709594,-0.21341716248780562,0.6517543048375692,-0.27136923674038194,0.13199098554408373,-0.06415718150689642,0.4940003508254562,18294.4703125,1,0.5367798508963517,1,Full Recovery
2023-05-29,0.1999307138686346,67.1427601151735,-4.952083199397461,-0.20205878064887273,0.9726420827874671,0.6097761825706316,0.7705833021385944,2.4043709348187114,1.0275364487939656,0.4019894945175073,1.4765601369744585,202.41285237716062,1.1725727966561017,0.19551116867164708,-0.6200008392334002,18134.00808220422,0.5333180550789263,0.8248834171299402,0.03434042494316891,0.8937703904041524,-0.21383514500558087,1.0076485697509519,0.5039180541869914,0.5190259241919212,18353.66015625,1,0.18925684396833287,1,Full Recovery
2023-05-30,-0.35703695437916405,70.19103583485827,3.3613494540094324,0.13089800248180516,0.5367798508963517,0.1834600568861644,0.6676778533781569,2.4043709348187114,1.076608575386293,-0.4879349568609692,-0.39413259459059047,201.06367648728872,0.17974289651718767,0.9726420827874671,0.4000005722045916,18168.42603097613,0.5396457949749853,1.7131153450739012,-0.20220055503032963,0.865884118781116,-1.5390520279064401,1.0859417055520293,-0.9309124454869422,0.5012460491257898,18410.51015625,0,-0.533701950132548,1,Full Recovery
2023-05-31,-0.3437220750190928,71.21061419769114,-2.357723230536801,0.09160028332342307,0.18925684396833287,-0.34117947119577385,0.28085712729175594,2.6791304013723316,0.963633321050049,-0.43532235834251587,0.19648009729755778,199.10031910148322,-0.15446523105075993,0.5367798508963517,-0.28999996185302734,18202.901851598268,0.47667159870515025,1.7067662896867564,0.0059316781549023645,0.8724166519208411,-0.5638750025404149,1.899486557706509,0.00722325332922491,0.4946607679458084,18467.680078125,0,-0.25169624936233204,1,Full Recovery
2023-06-01,1.1184060221890113,64.49826148984113,-0.33305546287030197,-0.15988137559685978,-0.533701950132548,0.19551116867164708,-0.6935833257294077,2.457459795683503,0.9281640553716219,1.278287397785871,0.07543133691727544,198.16977264836865,0.5847040720564634,0.18925684396833287,-0.039999961853027344,18227.457298933583,0.46983194103934073,0.18947034349918734,0.12618388626783883,0.9742996778944734,-1.1980655688594521,1.9395844218790925,0.6091332870498234,0.5061949320569317,18517.480078125,1,0.2507044360454902,1,Full Recovery
2023-06-02,1.3117622665381412,61.56660014300573,-3.0910599607774425,-0.5141396869191239,-0.25169624936233204,0.9726420827874671,-0.765835936281456,1.2705507774177116,0.9114109157489573,1.8259019534572651,0.43144979067011313,196.39746962858598,1.0600660171758092,-0.533701950132548,-0.36999988555908025,18246.73823975332,0.4661796226411191,-0.596281925278308,-0.020678116739369923,1.1135077706590732,-0.8940701217715064,1.973534381883213,0.6831460400324452,0.5114922528296605,18550.8,1,0.3223787573137793,0,Full Recovery
2023-06-05,0.43454629779786647,63.3490859463867,-4.051726306661219,0.08647681999862655,0.2507044360454902,0.5367798508963517,0.33718125604411675,2.5740196434500984,0.9025777774746301,0.3480694777992399,-0.4010684191535385,194.923273157274,0.6852507338433567,-0.25169624936233204,-0.47000026702881037,18268.0242671327,0.46103327124631993,-0.5353161160526643,-0.4718926641922194,0.8934152856436991,-0.01948594559452177,1.8166892539501323,-0.6517728551990287,0.5107961692188029,18557.75,1,0.027699431442118616,0,Full Recovery
2023-06-06,-0.059597245977172086,65.56615543234403,0.08984931517530548,0.05041342340312838,0.3223787573137793,0.18925684396833287,0.3727921807169077,1.8037779051268688,0.8749539205220707,-0.11001066938030046,-0.30482791936847775,193.7253028821374,0.2627815113366072,0.2507044360454902,0.010000228881835938,18292.159477669167,0.439814805454351,0.3207506986849795,0.16176485315702038,0.8731877113609718,-0.8987867950953077,1.5258442143322837,-0.627206676682257,0.5026719636897281,18556.78984375,1,0.6849851638528914,1,Full Recovery
2023-06-07,0.5784344788365869,65.75843583911217,2.1543964427435336,0.11493093721437475,0.027699431442118616,-0.533701950132548,0.14263036865649337,1.8233423144969896,0.8770351447557363,0.4635035416222122,-1.8800366593989093,192.69392916451883,0.6061339102787056,0.3223787573137793,0.23999977111816406,18314.88840524923,0.44134866290776853,0.60174980730483,0.1230463920355529,0.839767699869889,-0.13687856014794608,1.3679965118813975,-1.907736090841028,0.5032280239385223,18549.819921875,0,-0.49048192636628185,1,Full Recovery
2023-06-08,-0.4333118318753826,70.19239664739845,0.5272360750352201,-0.43421843343021127,0.6849851638528914,-0.25169624936233204,0.25076673042268016,2.245692297733748,0.8532853542842282,0.0009066015548286899,0.7830459056066719,196.47239095299943,0.25167333197750885,0.027699431442118616,0.05999946594238281,18345.370774536324,0.43713180657091855,1.0375512450182978,0.007267745597094866,0.7858327814065408,-0.27381065269670435,2.411760150606823,0.09806074175378043,0.512292639608557,18588.219921875,0,-0.381819725413457,1,Full Recovery
2023-06-09,-0.5389859593169954,63.78008547555923,-1.5734209624458262,-0.14203953889408982,-0.49048192636628185,0.2507044360454902,-0.6325214652603717,1.8448422214024207,0.9513152870746084,-0.3969464204229056,-1.1157327429269226,195.12213986759915,-1.0294678856832773,0.6849851638528914,-0.17999935150146484,18366.791515774377,0.4948150562040538,0.21889588616699207,0.12228526435751341,0.9382851099539101,-0.5687407452073301,1.7105934067620954,-0.6252508165606407,0.5201378163810749,18617.580078125,1,0.20524046550352004,1,Full Recovery
2023-06-12,-0.007758484528108678,59.26363297001027,-1.2433422777705982,0.36761364634810834,-0.381819725413457,0.3223787573137793,-0.014206079065348654,1.3573699891374469,0.8466110329299477,-0.375372130876217,-0.8245573035697396,193.85705507275244,-0.38957820994156567,-0.49048192636628185,-0.1400003433227539,18381.355136133683,0.43239797244944816,-0.1914060399752726,-0.1571163144616472,1.031352946705137,-0.7014820976077862,0.3462326114294312,-0.44273757815628256,0.5107398268462745,18623.440234375,1,0.6163502439319402,1,Full Recovery
2023-06-13,-0.24411754067181768,60.86186699817248,1.1690657893777656,-0.3070858842445734,0.20524046550352004,0.027699431442118616,-0.10184541874105335,1.1014296813521396,0.7855200533288205,0.06296834357275571,1.5117090655911936,192.81144772971874,-0.03887707516829764,-0.381819725413457,0.13000011444091797,18397.662163086745,0.40127452359512883,-0.6669749018478166,-0.05272890829794985,1.016598501287907,0.4140360398629861,0.015321592240025161,1.3064686000876735,0.5108393118878181,18624.9703125,1,0.21238341844009856,1,Full Recovery
2023-06-14,0.45474233430538025,65.2767404896064,-1.2444474962022611,-0.30765797928344885,0.6163502439319402,0.6849851638528914,0.3086922646484913,2.3495496165203855,0.8610472945966939,0.7624003135888291,0.40057247515981054,194.86740704283926,1.0710925782373204,0.20524046550352004,-0.1400003433227539,18421.253883645135,0.44385837192554684,0.43789415872104165,-0.13051760539430912,1.2040504650097619,-0.3524580110659814,0.4416735294922258,-0.21577776877212962,0.5154866342705844,18648.400390625,0,-0.36149041015322014,1,Full Recovery
2023-06-15,-0.34283225201393597,66.6800974678714,0.4500467351933102,-0.42075880820239275,0.21238341844009856,-0.49048192636628185,-0.2083753897622942,3.1578389903337056,0.776943663401417,0.07792655618845679,-0.15311789144984989,193.8929532912938,-0.1304488335738374,0.6163502439319402,0.05000019073486328,18446.042513791792,0.3958956299947678,1.0369867370700891,-0.05683786688059911,1.0847103647147989,-0.843303179096333,1.1950750784041508,-0.36550130988994844,0.5095551306562743,18654.300390625,1,0.7379048352023077,1,Full Recovery
2023-06-16,1.7778627627659804,62.071960457716926,-0.7168452042999318,-0.8761162950845724,-0.36149041015322014,-0.381819725413457,-1.2376067052377926,3.078609784785069,0.8272941809094694,2.653979057850553,-0.5408092414496912,192.95802566495422,1.4163723526127603,0.21238341844009856,-0.07999992370605291,18463.97266902018,0.40865308972742426,0.46555175321882913,-0.2982115558113563,0.9934212549600807,-1.0650905471426997,1.0836884389663348,-0.17931883129647108,0.49396345226972366,18665.01015625,0,-0.37475183921172883,1,Full Recovery
2023-06-19,-0.11976745277217926,67.0583877373916,-2.166062931143864,0.40046044118602353,0.7379048352023077,0.20524046550352004,1.1383652763883312,3.420237955627492,0.9825994747438807,-0.5202278939582028,-0.3839827825011355,198.1676743262933,0.6181373824301284,-0.36149041015322014,-0.23999977111816584,18490.789508352016,0.4540038543445489,0.5869241648647217,-0.1612545962813905,0.9683788990805131,-0.5886955307107811,1.5749369906124189,-1.1218876177034431,0.46204365656172086,18717.530078125,1,0.3265717567498605,1,Full Recovery
2023-06-20,0.5461782150678718,62.52907690064675,3.5977802966666195,-0.318036656263887,-0.37475183921172883,0.6163502439319402,-0.6927884954756158,2.408207851297006,1.0998916187466212,0.8642148713317588,0.41799584709538706,196.75258337445382,0.17142637585614295,0.7379048352023077,0.3899993896484375,18510.39393134446,0.478693302852935,-0.0024054930214179038,0.0025706794818169953,1.1703121707569366,-0.7853947054428878,0.8691024869509567,0.7927476863071159,0.43521861116501603,18748.319921875,1,0.21337637466720683,1,Full Recovery
2023-06-21,-0.5210795687931813,64.75478464243638,-0.8904668911099201,-0.022334784222866055,0.3265717567498605,0.21238341844009856,0.30423697252699444,2.5544975951057314,1.1070579036055674,-0.49874478457031524,0.7750371632768926,195.60783788285949,-0.1945078120433208,-0.37475183921172883,-0.09999942779541016,18533.08321189302,0.48384011184745707,0.6881363651897843,0.08130030567015112,1.0573291517765948,-0.786004550951136,1.1704888367654265,0.44846540652703215,0.4370504109685108,18768.4296875,0,-0.4539443817404343,1,Full Recovery
2023-06-22,-0.14652324015291818,66.17319874740122,1.4375547687956791,-0.001572326479659658,0.21337637466720683,-0.36149041015322014,0.21180404818754717,3.125166562078596,1.0166650043909184,-0.14495091367325852,0.32801870303398317,194.66925897764446,0.06685313451428865,0.3265717567498605,0.15999984741210938,18557.065908002794,0.44369815554651487,0.1638670422553945,0.012684419642661204,1.0900126193127269,-0.9295909967111049,0.696605946839135,0.11464232836677635,0.4364251287577926,18788.61953125,0,-0.5633615236065759,0,Full Recovery
2023-06-23,-0.15635464937824306,60.576006747763095,2.302924975733678,0.14762858336040408,-0.4539443817404343,0.7379048352023077,-0.3063157983800302,2.456721329056477,0.9821809978283215,-0.30398323273864714,-0.7391685089412237,193.74169111395827,-0.6102990311186773,0.21337637466720683,0.26000022888183594,18572.931396298885,0.43868904620105004,0.08424634923809293,-0.06134832888845532,1.093660483589135,-0.5980846052096367,0.733579362093062,-0.2852241272007894,0.44664786538612283,18805.249609375,1,0.13768299134766515,0,Full Recovery
2023-06-26,0.7110824734885557,54.44870957192828,-2.6839862727047747,0.33019177835479363,-0.5633615236065759,-0.37475183921172883,-0.23316974525178225,0.8981417948920711,1.001380273963606,0.38089069513376206,-0.8914937650618016,194.45313229876376,0.1477209498819798,-0.4539443817404343,-0.3100004196166992,18579.788329906376,0.46274405594958173,-0.8035374163781972,-0.027094376697123224,0.9392553171353492,-1.7962886896032981,0.5500048871787788,-0.3281322414552257,0.46210622266188317,18773.149609375,1,0.675190341711196,1,Full Recovery
2023-06-27,1.3964835882381177,55.623460942654,1.4234862159271167,-0.09607102973991921,0.13768299134766515,0.3265717567498605,0.04161196160774594,0.4976104511951629,1.0098113599643137,1.492554617978037,0.12537105495682432,193.44764695059513,1.5341665795857828,-0.5633615236065759,0.1599998474121076,18588.04098833924,0.46080946786354643,-0.8784627021824698,0.07996404318915129,0.9726893891283416,-1.0686663642891947,0.4822149759428074,-0.012311936390840827,0.45633222801023954,18760.299609375,1,0.822107281232487,1,Full Recovery
2023-06-28,-0.3891202345494227,60.9494533554389,-5.438595669348034,0.42572086493744,0.675190341711196,0.21337637466720683,1.100911206648636,0.9850395119517019,1.0375871972310091,-0.8148410994868627,0.7346976195253374,197.0263838675986,0.2860701071617733,0.13768299134766515,-0.6199998855590803,18605.03057369374,0.4691578305721671,0.24585677898381064,0.02646587837309422,1.1491424970368127,-1.3666120389544845,0.5409766318757336,0.059507277814141446,0.45216231630502157,18760.43984375,0,0.0,1,Full Recovery
2023-06-29,0.6365287678719467,66.29031391441154,1.0204138504300797,-0.3545330118853496,0.822107281232487,-0.4539443817404343,0.4675742693471374,2.361550465756612,1.1660096084445764,0.9910617797572963,0.14878258895809626,204.0308282581686,1.4586360491044337,0.675190341711196,0.1100006103515625,18632.220872633094,0.5278407605592061,1.6426005699016866,-0.00988021311489895,1.3917752901517602,-1.0780613173933973,1.152699759794329,-0.6733246922743907,0.45268988919116177,18783.48984375,1,1.143527476356887,1,Full Recovery
2023-06-30,0.0,66.29031391441154,0.0,0.0,0.0,-0.5633615236065759,0.0,2.361550465756612,1.1276391971838198,0.0,0.0,204.0308282581686,0.0,0.822107281232487,0.1100006103515625,18632.220872633094,0.5033207344375977,1.5028484119050889,0.03426781596127526,1.2454308174466149,-1.0780613173933973,1.5196836807180203,0.0,0.44634909426865726,18783.48984375,1,0.695709243369369,1,Full Recovery
2023-07-03,-0.08096668650168226,66.29031391441154,-0.8264476561111844,-0.197054216110093,1.143527476356887,0.13768299134766515,0.946473260246794,3.5337630943976794,1.1836039328676105,0.11608752960841073,2.496272925839893,202.20062919600736,1.0625607898552047,0.0,0.1100006103515625,18676.50484180145,0.5679702851999173,1.9750357802354124,0.059620270036098155,0.954738563559315,-0.884419350168808,1.928454165781357,1.352745449483006,0.4798651553188832,18783.48984375,1,0.3438946519135566,1,Full Recovery
2023-07-04,-1.8106538593127164,70.6211010020049,6.851849611567573,0.22222217750207385,0.695709243369369,0.675190341711196,0.9179314208714429,3.9190441311711455,1.138672971336743,-2.0328760368147902,-0.4674735945269459,205.92224582403935,-1.1149446159433474,1.143527476356887,0.7399997711181641,18724.360096575412,0.5497341783153792,1.8471923460797512,0.025460626799911346,0.8131007801602528,-0.8601726159993439,3.023662914632097,-1.163182837896315,0.48278495409981714,18783.48984375,1,0.04899685388621844,1,Full Recovery
2023-07-05,0.1074803687453274,72.51395727694505,1.3864804847574463,-0.026459570964454393,0.3438946519135566,0.822107281232487,0.3174350809491022,4.247540190332821,1.1367383651056675,0.1339399397097818,1.036706519757935,204.31794638083403,0.451375020658884,0.695709243369369,0.15999984741210938,18773.59268201427,0.5498555927105057,2.1974393936820213,-0.1780767966175656,0.8607837518948952,0.1606462495588712,3.041451503246262,0.6928118678443784,0.4837134115251921,18783.48984375,1,0.509321758125636,1,Full Recovery
2023-07-06,0.6570113821029233,72.783933729276,1.5384641718817926,-0.3793360374681476,0.04899685388621844,0.0,-0.33033918358192915,3.5890485910547554,1.1707797544538403,1.036347419571071,0.3767257536502422,202.94022019672244,0.7060082359891418,0.3438946519135566,0.18000030517578125,18819.882112976178,0.5552110390315798,1.0915038015046452,0.06955355018227749,0.9543404834674846,0.8678109218903218,2.8724331043914697,0.32772889976402375,0.47422330015734127,18783.48984375,0,-0.848835445771845,1,Full Recovery
2023-07-07,0.21388191145756963,75.48125883518384,-0.3367000123544184,-0.09273226890174069,0.509321758125636,1.143527476356887,0.41658948922389527,4.629840612353764,1.0318518809599897,0.3066141803593103,-0.12281541226414339,202.05316219132607,0.7232036695832056,0.04899685388621844,-0.039999961853027344,18870.061273589054,0.49282236289387504,0.904383701605127,0.47190230383107323,0.8505511496085731,0.8678109218903218,3.8678872278084864,-0.6321371703897793,0.477609598707316,19359.28046875,1,0.12466303397029588,1,Full Recovery
2023-07-10,0.10919753619968997,64.03311956779004,-2.6182467535605713,-0.06624917461373059,-0.848835445771845,0.695709243369369,-0.9150846203855756,4.1393299420135365,1.1318168173256968,0.17544671081342056,-0.8211654557438108,210.06727441998262,-0.739637909572155,0.509321758125636,-0.3100004196166992,18904.264200082456,0.5576306185636416,-0.2950086066841995,0.45428706857382206,1.1634678127704987,1.439868312105208,3.5696915767056803,0.027669990028034164,0.492686280954945,19387.83046875,1,0.43139300324381846,1,Full Recovery
2023-07-11,-0.24958274718476225,64.86869702648087,-0.6071092493094121,-0.26745310074826056,0.12466303397029588,0.3438946519135566,-0.14279006677796469,4.055589014998784,1.1457682684943278,0.01787035356349831,-1.2371233469552267,207.86617168481803,-0.12491971321446638,-0.848835445771845,-0.06999969482421875,18937.718732715235,0.5582034975949809,-0.2196025949171343,-0.1849728352546265,1.0095162503475623,0.9483401795447932,3.5562253876584293,-1.3617863809255226,0.48718708034561653,19394.500390625,0,-0.2834429471475497,0,Full Recovery
2023-07-12,0.6128382099574559,67.67113231930577,-3.926699893256713,-0.6895262691464232,0.43139300324381846,0.04899685388621844,-0.25813326590260477,3.8643096197938265,1.1175051497692285,1.302364479103879,0.4454594790159083,206.06988264767526,1.0442312132012743,0.12466303397029588,-0.4499998092651367,18974.880337004848,0.5477188380197686,-0.29696618662559127,-0.10894345717290532,1.0488621585938365,0.5613447740598687,3.3054512689748794,0.01406647577208986,0.49012645536454597,19404.58046875,1,0.1519230385574888,0,Full Recovery
2023-07-13,0.5806621961543135,64.0408124156339,-0.6357915262790503,0.047435700186837515,-0.2834429471475497,0.509321758125636,-0.23600724696071218,3.35041441646331,1.141629817197668,0.533226495967476,-0.7050346276595842,204.43963266965167,0.2972192490067638,0.43139300324381846,-0.07000064849853516,19005.207777319305,0.5482720900539397,0.27157325173203795,-0.15194943844532016,1.066761445121928,0.24009390352905946,2.172670291438439,-0.42159168051203455,0.4802538280627668,19401.740625,1,0.7765114931427508,1,Full Recovery
2023-07-14,-0.5835201152114777,65.11790721188027,0.0,-0.09457116045850089,0.1519230385574888,-0.848835445771845,0.057351878098987896,3.882954424434759,1.1465240850778347,-0.48894895475297684,1.752000645003693,203.0660149803644,-0.43159707665398894,-0.2834429471475497,0.0,19035.470164184542,0.5436914483609939,0.29887325418878063,-0.48313383307161395,0.9723030767845285,1.2424827914348402,2.3278941167205414,1.6000776064462041,0.47420848399310483,19385.03046875,1,0.7511013251041421,1,Full Recovery
2023-07-17,-0.27854487384550985,70.06149638337232,-2.3765931003665752,-0.43116317874041243,0.7765114931427508,0.12466303397029588,0.3453483144023384,3.9227663869117135,0.9946638223462894,0.15261830489490258,4.4461047785056,209.13354631631563,0.49796661929724095,0.1519230385574888,-0.2599992752075213,19074.657559430132,0.48446244227992746,0.6435363584327947,0.035364258374004365,0.7659716433206923,1.13954356179089,1.9565804636717976,3.669593285362849,0.4870614888130483,19431.5703125,1,0.1917706853032497,1,Full Recovery
2023-07-18,0.02369082629050112,73.93879286735825,5.992503477160782,0.6555453823646751,0.7511013251041421,0.43139300324381846,1.4066467074688171,5.097185297189677,0.9871045885464288,-0.631854556074174,0.31054469753275527,213.98326878663988,0.7747921513946432,0.7765114931427508,0.639999389648441,19121.827311972345,0.49109462076016086,1.6876979014710969,0.05607359638599707,0.870881087125127,0.9194541482984597,2.0126661428023107,-0.4405566275713868,0.497510219646144,19502.680078125,1,0.4248282371482448,1,Full Recovery
2023-07-19,-0.4518431514832999,74.84140964741007,3.445232807745313,-0.277356277083185,0.1917706853032497,-0.2834429471475497,-0.0855855917799353,4.955974320516088,0.9839126360635162,-0.1744868744001149,1.0616423940680964,211.78449961508744,-0.2600724661800502,0.7511013251041421,0.39000034332275213,19168.303066641063,0.4885103627001666,1.728156590045704,-0.01851650450782616,0.8790686808586143,0.996810210368837,1.8580122750012862,0.8698717087648467,0.4964977018246564,19564.65,1,0.7361412439498949,1,Full Recovery
2023-07-20,0.1134353659908216,76.76494621775036,-0.939365126549141,0.14430713437036946,0.4248282371482448,0.1519230385574888,0.5691353715186143,5.177433142196852,1.0026834424796909,-0.03087176837954786,-0.05610125594966986,209.99076685390875,0.5382636031390664,0.1917706853032497,-0.10999965667724432,19217.5510165658,0.49130454452275035,1.373152345447104,0.016818554296049726,0.5810823690143934,1.8363313606043485,2.2406391763538425,-0.48092949309791466,0.4899896852863742,19654.419921875,0,-1.1719737128305097,1,Full Recovery
2023-07-21,0.7288134204483043,79.67685998273414,1.6379273632336266,0.3972189069515242,0.7361412439498949,0.7765114931427508,1.133360150901419,6.434842595058932,1.0595619237823273,0.33159451349678015,-0.6621309463429204,214.77809820047045,1.4649546643981992,0.4248282371482448,0.189999580383299,19273.965785014632,0.5108430090299958,1.358099898714471,-0.016694883436529917,0.5235625736957111,1.108474600587539,2.471365727908248,-1.3982721902928152,0.48212661993409406,19767.5,0,-0.3679432292985618,0,Full Recovery
2023-07-24,0.9967886129136683,65.49938837665835,-2.5445308880875706,0.9301319297084998,-1.1719737128305097,0.7511013251041421,-0.24184178312200988,5.783397176609251,1.10469711474245,0.06665668320516849,-4.093304167890011,230.5244038570742,-0.1751850999168414,0.7361412439498949,-0.3000001907348633,19308.85720834688,0.5916016996877108,-0.021519804549541277,0.025223152380848823,1.40797121953458,0.11860322812817792,2.137406770458572,-2.921330455059501,0.5355329453496107,19803.6,1,0.04193703428323481,0,Full Recovery
2023-07-25,0.7746253414430138,61.82361504637203,1.392513930368322,0.037725584926262545,-0.3679432292985618,0.1917706853032497,-0.3302176443722993,5.249263993937658,1.1354306321480236,0.7368997565167512,-0.09240238216636776,226.01761615529756,0.40668211214445193,-1.1719737128305097,0.1599998474121076,19335.782571386,0.6196455879150551,-0.8107677201197871,-0.11219752862426935,1.291836827345768,0.31689412179272125,1.6348979503080674,0.27554084713219407,0.5457361905317437,19795.780078125,1,0.4964339187534694,0,Full Recovery
2023-07-26,0.3153056212352734,62.083832598996125,-12.103003378381128,-0.21189695620085214,0.04193703428323481,0.4248282371482448,-0.16995992191761733,4.587239474269,1.135002553313903,0.5272025774361255,-0.27576848614835336,222.12273348042453,0.3572426555185082,-0.3679432292985618,-1.4099998474121076,19361.3245742,0.6131795753743775,-1.4943116970083548,-0.2147835512760099,1.2921819292915555,-0.15791160007575522,1.240774992557503,-0.3177055204315882,0.5402451064718378,19782.05,0,-0.598637830087223,0,Full Recovery
2023-07-27,0.16474911967665484,65.11629162575636,2.148440155724596,-0.022333008076191874,0.4964339187534694,0.7361412439498949,0.47410091067727755,4.24940406425347,1.1131111313680144,0.18708212775284672,0.13188334283060765,218.87743672470089,0.6611830384301243,0.04193703428323481,0.2200002670288086,19392.21170064815,0.6049872702063545,0.16865424791085992,0.16611102050057003,1.344907313728174,-0.3528034174064554,2.0325726702564717,-0.3645505759228618,0.5435102147900664,19771.080078125,0,-0.07044597937843067,0,Full Recovery
2023-07-28,3.64871327274372,58.961965484323535,0.4780132940011006,-0.23295406276317987,-0.598637830087223,-1.1719737128305097,-0.8315918928504029,4.24940406425347,1.1864165544679532,3.8816673355069,-0.18590485328656703,218.5870975051576,3.050075442656497,0.4964339187534694,0.05000019073486328,19412.040492498287,0.6564107922716256,-0.06328282588098366,0.030992339520374834,1.0748606042880033,-0.2936599853207378,1.2679177934453723,0.412732976800656,0.5532717743030401,19707.230078125,1,0.5484562836559181,1,Full Recovery
2023-07-31,0.35596710255473285,58.268233414056176,-3.5204555423539396,-0.3919061475978425,-0.07044597937843067,-0.3679432292985618,-0.46235212697627315,2.3815664735566067,1.1333608535451507,0.7478732501525753,-0.8564464615901879,215.63688554613643,0.2855211231763022,-0.598637830087223,-0.36999988555908203,19429.374587961374,0.6168904785791762,-0.1755476398622613,0.48721727088898437,0.7654304201139611,0.03948004435141428,0.4168303879475532,-0.7860004822117572,0.5443019110252554,19687.440234375,0,-0.10251191770254131,1,Full Recovery
2023-08-01,-0.35062512303229987,62.01295684053181,2.662716912698637,-0.1459763170172268,0.5484562836559181,0.04193703428323481,0.40247996663869134,2.231848190656449,1.0997959068439969,-0.20464880601507307,1.4859121870787861,214.4211679941512,0.19783116062361827,-0.07044597937843067,0.26999950408935547,19453.406157834605,0.5939591265936995,-0.12387312879388324,-0.14822576885171745,0.8702583695243081,0.01974002217570714,0.21485768007212247,0.937455903422868,0.5400630451409486,19703.73046875,0,-1.0489749274959825,0,Full Recovery
2023-08-02,0.16353994786573178,60.90681380053531,-1.2488003491492372,-0.02585642499729479,-0.10251191770254131,0.4964339187534694,-0.1283683426998361,1.7770425563463865,1.0930315260826293,0.18939637286302657,1.2035410496623156,212.14307996993088,0.06102803016319047,0.5484562836559181,-0.13000011444091797,19474.15761142093,0.5919581272668654,0.37462239971530753,-0.023708290082247174,0.8858248983328981,0.21747092066484175,-0.07949273390128742,1.3060529673648569,0.5415746143014838,19714.320703125,0,-0.7420685416911321,0,Full Recovery
2023-08-03,0.6630122788166437,50.90999332647633,9.727626711824566,-0.2600140098292347,-1.0489749274959825,-0.598637830087223,-1.3089889373252173,0.660106612624678,1.1169468830788851,0.9230262886458784,-0.8090515030866108,224.47503649477363,-0.3859626486793388,-0.10251191770254131,1.0,19478.038586963827,0.6529938451613213,-0.6082647415023956,0.08998483367279597,1.0128938082645833,-0.31471252346950696,-1.5458946427387987,0.23992342440937175,0.5846239019438747,19663.970703125,1,0.6983389270114548,0,Full Recovery
2023-08-04,1.7846679542401156,45.30441491119482,-0.7978737120429402,-0.32970055707429724,-0.7420685416911321,-0.07044597937843067,-1.0717690987654294,-0.593161032506706,0.9953127110615411,2.114368511314413,-0.2411469320986126,226.7861839725539,1.0425994125489835,-1.0489749274959825,-0.09000015258789062,19470.89872056836,0.5937924130567004,-1.8839432205787876,0.5175756211750926,1.0296279304492537,-0.7657557182633723,-2.990617660500572,0.5009216095925195,0.5965887970262789,19608.320703125,1,0.41144018676027017,0,Full Recovery
2023-08-07,0.2407823698339362,50.75848745987244,-5.540660489799976,0.12399856350997496,0.6983389270114548,0.5484562836559181,0.8223374905214298,0.958002934365143,0.9857937345871313,0.11678380632396124,1.5513225641663686,227.6059740262133,0.939121296845391,-0.7420685416911321,-0.6199998855590803,19474.313630155888,0.5836402983995634,-1.0973736234826892,0.06164688571645982,1.2901388701485033,-0.3355006415798556,-1.1547227146112893,0.8529836371549138,0.5920511338463958,19582.510546875,0,-0.13497354646058168,0,Full Recovery
2023-08-08,1.1517774498777555,53.70781984692878,5.014197747848859,-0.5050241170625247,0.41144018676027017,-0.10251191770254131,-0.09358393030225454,1.247166940071276,1.0066548417709706,1.6568015669402802,1.127445352818146,223.3882451977181,1.5632176366380257,0.6983389270114548,0.5300006866455078,19483.42378949619,0.5979060336266947,0.3623271759185309,-0.10751376131907797,1.2317145252641903,-0.33556685641008555,-0.3814939730902078,0.7160051660578759,0.5939533678436942,19551.210546875,1,0.3152707884763739,1,Full Recovery
2023-08-09,0.7761544822294408,52.59041950297135,2.0720678768650025,0.41810534183276404,-0.13497354646058168,-1.0489749274959825,0.28313179537218236,0.6761999655781281,1.016746134342835,0.3580491403966768,0.14847411405412014,219.6976119838552,0.6411809357688592,0.41144018676027017,0.22999954223632812,19489.89977615388,0.5979411915341064,0.9761770279455462,0.06409240377236447,1.241091934264143,-0.25645542896003404,-0.5576557735960441,0.2834476605147018,0.5880929085792943,19518.6703125,0,-0.4556268458015711,1,Full Recovery
2023-08-10,0.4444275738499037,54.94517470846277,-1.6769601205888884,-0.5015290468452505,0.3152707884763739,-0.7420685416911321,-0.18625825836887655,1.2806755466781006,1.0125284848388014,0.9459566206951542,0.37340389981888045,216.58133142767406,0.7596983623262776,-0.13497354646058168,-0.18999958038330256,19500.46651727211,0.5819314370699757,0.5920519611108288,0.11686352138602363,0.9455717909524467,-0.6116838425893945,-0.7369187151717971,0.05813311134250654,0.5747309292354068,19539.8703125,0,-0.5874136161590715,0,Full Recovery
2023-08-11,-0.28432681976154894,50.991045343272475,2.3339251992335885,-0.2994826854653021,-0.4556268458015711,0.6983389270114548,-0.7551095312668732,0.6662783304359099,0.974886212214453,0.015155865703753157,-0.23610427069585826,213.76128671648416,-0.73995366556312,0.3152707884763739,0.25999927520751775,19503.624524094546,0.5691799336843405,-0.27657467974803174,0.025712196532534648,0.7580901321977817,-0.6133782502480645,-0.5941066787179539,0.21952257510571282,0.5838424284347609,19572.16015625,1,0.032169565781225984,0,Full Recovery
2023-08-14,-0.8579655547991893,46.37817668136153,1.052638975867537,-0.18197426834303254,-0.5874136161590715,0.41144018676027017,-0.769387884502104,-0.6961548659562,1.0551929966901994,-0.6759912864561568,-0.15501865868079445,213.51849275845277,-1.4453791709582609,-0.4556268458015711,0.12000083923340021,19498.044987587542,0.5933873774905463,-0.7283732232897799,-0.08013661525181348,0.7519154407828266,-0.7326711522470553,-1.1083652507292596,0.43239495747827705,0.5623496168438306,19554.4203125,0,0.0,0,Full Recovery
2023-08-15,-0.35843448307469883,46.661086865984565,4.166662527455389,-0.27686310009903403,0.032169565781225984,-0.13497354646058168,-0.24469353431780805,-1.4047594087430504,1.003653766187555,-0.0815713829756648,0.6805833299798003,210.9620947656587,-0.32626491729347284,-0.5874136161590715,0.4799995422363281,19493.34171304402,0.5506732764111741,-1.0085291626450221,0.11763840826304328,0.6457895010492383,-0.7922390821577308,-1.6161446778537258,0.6484137641985743,0.5486685696428734,19521.8703125,1,0.15667570139761278,0,Full Recovery
2023-08-16,0.0,46.661086865984565,0.0,0.0,0.0,0.3152707884763739,0.0,-1.4047594087430504,1.013894504791874,0.0,0.0,210.9620947656587,0.0,0.032169565781225984,0.4799995422363281,19493.34171304402,0.5528419479743151,-0.555433018787499,0.40543867455891114,0.6631218391272266,-0.7922390821577308,-1.5151860063830846,0.0,0.5452657502926398,19521.8703125,0,-0.5124582584125403,0,Full Recovery
2023-08-17,0.45356259148434663,46.661086865984565,1.0833342870076423,-0.48452253575093085,0.15667570139761278,-0.4556268458015711,-0.3278468343533181,-1.8562375788720997,0.8403775341792746,0.9380851272352775,0.5904147953800898,208.50298500199122,0.6102382928819594,0.0,0.4799995422363281,19491.087732919754,0.45875401268184324,0.18889566907167588,-0.04709627365629965,0.5946284622198516,-0.5161769447023401,-0.3152158409313266,0.433739093982477,0.545890381334184,19521.8703125,0,-0.28452826260957353,0,Full Recovery
2023-08-18,0.25042738661227304,42.220713304039876,0.9068397002427897,0.3871991314825185,-0.5124582584125403,-0.5874136161590715,-0.12525912693002184,-3.0727051882699974,0.7761957866179399,-0.13677174487024546,-0.48667149126799814,206.91275366839264,-0.2620308718002673,0.15667570139761278,0.1099996566772461,19481.766419370142,0.42358701184542424,-0.35658545458565616,0.051446980722502644,0.6520581763895306,-0.8162449754102741,-0.08461813258654471,0.0257867671445422,0.5457218643423315,19521.8703125,1,0.43215209131937105,0,Full Recovery
2023-08-21,-0.2816108608485801,39.95869431935738,-0.8169888044554652,0.19270884986578585,-0.28452826260957353,0.032169565781225984,-0.09181941274378769,-2.2023277253735096,0.6641233372609329,-0.47431971071436596,-1.46859469344498,205.07125370010664,-0.5661391234581536,-0.5124582584125403,-0.09999942779541016,19469.054120944576,0.34903945497042477,-0.6400991307965787,-0.16663550271126537,0.5803821482778251,-0.758031238816248,-1.0598432616437004,-1.1840664308354065,0.5255642067083022,19521.8703125,1,0.014693555773015454,0,Full Recovery
2023-08-22,-0.02715186622688215,44.78368559809117,-1.4827042840635962,-0.08792038863336682,0.43215209131937105,0.0,0.3442317026860042,-1.4169634310848167,0.663711476044844,0.06076852240648467,1.08988457282706,203.5865526859254,0.4050002250924889,-0.28452826260957353,-0.18000030517578125,19463.46489786535,0.352495074256761,-0.3668142338813296,0.08303448630444521,0.77155232652545,-0.8185263449054458,-1.039434839260589,0.657732481507689,0.5310968499308777,19521.8703125,1,0.24515199000461063,0,Full Recovery
2023-08-23,-0.2152368211610245,44.9463827696124,-1.7558531561636115,-0.03457901552484932,0.014693555773015454,0.15667570139761278,-0.019885459751833867,-1.4438096209713147,0.6746013271312817,-0.18065780563617517,-0.11377488620459841,202.30361128613492,-0.20054326538800904,0.43215209131937105,-0.21000003814697266,19458.500773486434,0.3542011085530026,0.16110930016395297,-0.06468270888358996,0.7730174351823492,-0.8185263449054458,-0.8911232476154551,-0.12846844197761387,0.5250524928430991,19386.08984375,0,-0.2946964680621278,1,Full Recovery
2023-08-24,-0.37649966875251684,47.71490187296464,-0.1702166618184786,0.8591100984975952,0.24515199000461063,-0.5124582584125403,1.1042620885022059,-1.6902401523133825,0.6597629142020309,-1.235609767250112,0.07021855414373057,201.25512978131675,-0.1313476787479062,0.014693555773015454,-0.020000457763671875,19457.42664211707,0.34590781581959834,0.6931567422695073,-0.04836672571220113,0.8229179896214714,-0.5986813678037994,-0.9603987956067095,-0.17493343586088006,0.5242910874613044,19381.88984375,0,-0.6236153774081932,0,Full Recovery
2023-08-25,-0.2899566277991483,44.791775992744114,-0.2557522092236364,0.33325043267871113,-0.2946964680621278,-0.28452826260957353,0.038553964616583336,-1.3896366026619256,0.6281490764312052,-0.6232070604778595,0.608104305785484,200.27004476880745,-0.5846530958612761,0.24515199000461063,-0.029999732971191406,19452.187573719508,0.330723558891482,-0.035580762540154964,-0.6363086329682521,0.7084353915120939,0.4215156277780574,-0.8002844674136256,0.9028007738476118,0.52650488751437,19386.1796875,1,0.2089194238900971,0,Full Recovery
2023-08-28,-0.48181826205695444,39.318633812189105,3.247864278937862,0.028620738206652785,-0.6236153774081932,0.43215209131937105,-0.5949946392015404,-1.935503497542146,0.6519491036176174,-0.5104390002636072,-0.6351203851037601,202.53103098713294,-1.1054336394651476,-0.2946964680621278,0.38000011444091975,19438.381144647694,0.3370350030308474,-0.6735688374019833,0.11715176741118327,0.8982671561028319,0.3819067873547244,-0.8364087103120532,-0.011505007695566949,0.5169652064792637,19377.309765625,1,0.18957584743610756,0,Full Recovery
2023-08-29,0.7002172771144899,41.86547832275765,2.6490041129573205,0.38613053128619956,0.2089194238900971,0.014693555773015454,0.5950499551762967,-2.266652402534086,0.7005194375121133,0.3140867458282903,-0.4559379590289514,201.2682945638482,0.909136701004587,-0.6236153774081932,0.3199996948242152,19428.578895507126,0.3482208286901492,-0.7094693414420927,0.02770501480156007,0.8139761908756641,0.24154374224563124,-0.6611935693619064,-0.6648573829190485,0.4970894595827341,19359.8,1,0.02480956863764039,0,Full Recovery
2023-08-30,-0.4580149235141162,44.16048507260555,-1.370968399385264,-0.18822385900350014,0.18957584743610756,0.24515199000461063,0.0013519884326074205,-1.9808923135942513,0.7187260170668214,-0.2697910645106161,0.3004236522490933,200.22272247616823,-0.26843907607800865,0.2089194238900971,-0.17000007629394354,19422.21382107141,0.3572428105167773,-0.22721159299978755,0.03290270628220071,0.8492574215440009,0.16031666114466603,-0.47287118523811067,0.11084780481298573,0.49705006074893643,19349.040234375,0,-0.4840350603388277,0,Full Recovery
2023-08-31,0.0042914275774297295,44.47002790172518,-3.515939228096132,-0.6150937843685367,0.02480956863764039,-0.2946964680621278,-0.5902842157308963,-0.9172206832964047,0.7188587947899054,0.6193852119459664,0.7705864642699511,199.322958437679,0.02910099621507012,0.18957584743610756,-0.42999935150146484,19416.675702380937,0.351281006611761,0.4237998639509577,-0.2379933090619235,0.8945674129945421,1.0640408847309768,-0.6039084574878006,0.7457768956323108,0.4886648241433019,19329.730078125,1,0.9426710188917609,1,Full Recovery
2023-09-01,0.28834163284883196,39.829819630426066,2.203391734569493,-0.06635789960499627,-0.4840350603388277,-0.6236153774081932,-0.550392959943824,-0.6596425319736476,0.7410985962090962,0.35469953245382824,0.19611688320086973,198.41829835432156,-0.19569342748999574,0.02480956863764039,0.26000022888183594,19404.610893408273,0.34730575003404884,-0.27064053954910516,0.24935388747260312,1.0332699744407505,0.6396156358825067,-0.5755113863750827,0.6801519435396974,0.46863636193145464,19303.150390625,1,0.48108337016425917,1,Full Recovery
2023-09-04,-1.4997797951905811,50.590532077431874,-5.72139726409352,0.07338212347591799,0.9426710188917609,0.2089194238900971,1.0160531423676789,-0.4186054145104312,0.9851517635883492,-1.5731619186664991,1.1212909855958353,209.1193924279118,-0.5571087762988203,-0.4840350603388277,-0.6900005340576172,19406.884218433588,0.45740193670040413,0.4789953225329713,-0.021762580852047186,1.261559603806911,0.8610338746501522,0.6481067629890758,0.17861996670407443,0.4642959120692563,19337.050390625,1,0.23605960187407238,1,Full Recovery
2023-09-05,-0.20929847282795677,55.05024316014031,-3.605979345108401,-0.1610750576663822,0.48108337016425917,0.18957584743610756,0.320008312497877,-0.3495379326194703,0.9825779413751876,-0.04822341516157458,2.061281979247176,207.27520781252332,0.2717848973363024,0.9426710188917609,-0.4099998474121094,19415.915074938508,0.46199795667987226,0.9373409406561395,0.017651920008465716,1.2937591634890184,1.2851393563318547,0.6971432565290314,1.5801986090829168,0.47018962784266816,19381.600390625,1,0.18467726478093027,1,Full Recovery
2023-09-06,0.8644173584101189,57.10596236724174,-1.2773753908346008,-0.3395905641161545,0.23605960187407238,0.02480956863764039,-0.10353096224208214,0.02069803473456755,0.9828075987585442,1.2040079225262734,0.6260162927462343,205.73838062501977,1.1004769602841913,0.48108337016425917,-0.14000034332275213,19427.69176498936,0.4643267422677671,1.6677206387618604,0.04546435407357663,1.2839216372966196,0.7402939881423709,0.9200197926046094,0.3899566908721619,0.47244927975324086,19428.050390625,1,0.5915032360780392,1,Full Recovery
2023-09-07,0.715884920013643,58.70101938215978,-1.2938945803797952,-0.460987479574837,0.18467726478093027,-0.4840350603388277,-0.2763102147939067,-0.10951200503468428,0.9965192420021448,1.17687239958848,-0.16375562321578885,204.45466425001715,0.9005621847945733,0.23605960187407238,-0.13999938964844105,19441.273914342,0.46250926547094373,0.9042823776082454,0.4248542698767066,1.2688835930159155,-0.05959233056405111,0.8591379410100908,-0.3484328879967191,0.4641247713812799,19480.770703125,1,0.47091903665750223,1,Full Recovery
2023-09-08,-0.9115843461029671,63.40370628980815,1.7790222373984754,0.4651495298861441,0.5915032360780392,0.9426710188917609,1.0566527659641833,0.941258938202183,1.0037989667090939,-1.3767338759891112,0.42104345662672404,205.81207620418104,-0.3200811100249279,0.18467726478093027,0.18999958038330256,19462.44257115,0.4662303080211499,1.015167301979658,0.20617504024926792,0.7365151160342384,-0.35749813432127686,1.755593144865153,-0.17045977945131519,0.4644658177416574,19575.420703125,1,0.8900143420050854,1,Full Recovery
2023-09-11,-0.8341755349835278,66.67632032216846,-0.8279682937941568,0.14863775480080665,0.47091903665750223,0.48108337016425917,0.6195567914583089,2.015865627723734,0.8015310265237491,-0.9828132897843345,-0.10077313374530217,204.79706500195658,-0.3632564983260256,0.5915032360780392,-0.09000015258789062,19488.924545046295,0.37800005051096225,1.2518522354390216,-0.019096990904365896,0.43922831385408984,-0.3176490982826463,2.876332231356371,-0.5716921704028044,0.4715975276343331,19652.350390625,0,-0.01575482868895195,1,Full Recovery
2023-09-12,-0.5005176262424582,71.82802334981226,5.287575720017501,0.027465341020183054,0.8900143420050854,0.23605960187407238,0.9174796830252685,2.8907219644459747,0.8634666278150653,-0.5279829672626413,0.7007429679420918,214.34174149127887,0.38949671576262723,0.47091903665750223,0.5700006484985369,19526.51158684842,0.421681991921022,1.9647026180432015,-0.2525152076461201,0.6600600225642927,-0.5551125831089965,3.5755568860070364,-0.18927137406299366,0.4883593392621422,19745.86015625,1,0.3841345269944396,1,Full Recovery
2023-09-13,0.13789889234648856,71.61508595637228,2.995587554945489,-0.11447722231627822,-0.01575482868895195,0.18467726478093027,-0.13023205100523016,2.8907219644459747,0.8924760096902734,0.25237611466276677,1.026559143915362,212.42044158410778,0.1221440636575366,0.8900143420050854,0.33999919891357244,19561.081041063353,0.43528868446982627,1.3491547238929646,-0.10599022574402372,0.813835120693867,-0.6554081953488611,3.363286907363583,1.042313972604314,0.48773152404583076,19829.519921875,1,0.1649208239910216,1,Full Recovery
2023-09-14,0.4006691029524889,73.66474429093222,1.1976077703004018,0.49058714701100126,0.3841345269944396,0.5915032360780392,0.8747216740054409,3.1081428204469574,0.9471457350373355,-0.08991804405851234,-0.2765464843760168,210.8577160395597,0.7848036299469285,-0.01575482868895195,0.14000034332275568,19598.778741725328,0.42171433116543977,1.2616116140875322,-0.12092118653983519,0.7541331766383392,-0.8547014379611251,3.7346048726142334,-0.6606810113704564,0.4452475637807752,19921.309765625,1,0.44396138771742866,1,Full Recovery
2023-09-15,0.09625944304902934,74.51874192944581,-4.311075504403428,0.03417183624649933,0.1649208239910216,0.47091903665750223,0.19909266023752092,3.8101734259821107,0.7480449314938143,0.062087606802530004,0.4825635363840952,209.54748671345152,0.26118026704005093,0.3841345269944396,-0.5100002288818359,19636.13584303271,0.31155250446200106,0.5338474375840674,0.11322112156875175,0.841590467809398,-0.5780289244849635,4.411071028386648,0.3176427123930736,0.4164890252849375,19996.51953125,0,-0.2924316846098174,1,Full Recovery
2023-09-18,0.16452318672071087,76.71168444255409,-3.710248123822679,0.05743897698369249,0.44396138771742866,0.8900143420050854,0.5014003647011211,4.568577669795393,0.6288431244183543,0.10708420973701838,0.9370513245154477,208.53095463082468,0.6084845744381395,0.1649208239910216,-0.42000007629394887,19677.336862761767,0.25584107970063236,0.9960906628601718,0.11032416335592377,0.8632001309622129,-0.17924746908772882,3.895225685703596,0.49308993679801905,0.40684404377385397,20070.999609375,0,0.0,1,Full Recovery
2023-09-19,-0.22156936379640335,72.27958233989544,-0.5504538352494981,-0.25189077410340266,-0.2924316846098174,-0.01575482868895195,-0.54432245871322,3.8141509919459304,0.8043986538211879,0.030321410306999308,-0.6762117759292696,207.57122838838092,-0.5140010484062207,0.44396138771742866,-0.059999465942381036,19711.11196783497,0.3293228639742334,0.31540000622820585,0.06925680565044168,0.7378879671180371,0.5582112841878706,3.0954281666921046,-0.38378009131945223,0.4094025547275464,20098.38984375,0,-1.1518249945432046,0,Full Recovery
2023-09-20,0.0,72.27958233989544,0.0,0.0,0.0,0.3841345269944396,0.0,3.8141509919459304,0.8416926306080463,0.0,0.0,207.57122838838092,0.0,-0.2924316846098174,-0.059999465942381036,19711.11196783497,0.3430516023600855,0.15023141934249473,0.20352202186511015,0.7325829306798421,0.5582112841878706,2.852634646827812,0.0,0.4075734891822596,20098.38984375,0,-0.7991939166498319,0,Full Recovery
2023-09-21,0.8728548333523989,72.27958233989544,2.6752763631999965,-0.14276378678611534,-1.1518249945432046,0.1649208239910216,-1.29458878132932,2.352398635183084,1.2282688894253984,1.0156186201385142,-0.5442303121085401,206.28119454685364,-0.27897016119080575,0.0,-0.059999465942381036,19726.245362283662,0.5703252335612211,-1.4408883779177262,-0.07194576878053471,1.2080956822869964,1.0024057523920549,1.4805408063733205,0.6075946824346645,0.4643325564528468,20098.38984375,0,-0.3449417659114995,0,Full Recovery
2023-09-22,-0.19367809057385665,60.51696540922225,-2.785268790918327,-0.877035407413651,-0.7991939166498319,0.44396138771742866,-1.676229324063483,1.8345071876961327,1.2843793356557516,0.6833573168397944,-0.08877302239064244,213.1453725135234,-0.9928720072236885,-1.1518249945432046,-0.31000041961669744,19727.438269475613,0.6178842734537211,-1.9418135959061944,-0.129817548386979,1.1724994012281365,0.7818752632259507,0.0775525358283291,0.7104208942591894,0.4810761557525501,20098.38984375,1,0.0015288066889551644,0,Full Recovery
2023-09-25,-1.2073234702643765,56.29285652989684,-1.4787416998601866,0.3184967576103426,-0.3449417659114995,-0.2924316846098174,-0.026445008301156925,2.1200739247107414,1.2788451551611777,-1.525820227874719,-0.04145947312770293,210.95832284505317,-1.552265236175876,-0.7991939166498319,-0.15999984741211115,19723.498397662603,0.6038897685038929,-2.280057235709265,-0.2355381754849839,0.8703424878608967,0.19952572017063464,-0.7351139861254796,0.30348229278379657,0.4722149244877874,20098.38984375,0,-0.05007261720755274,0,Full Recovery
2023-09-26,-0.3446098141158149,56.30736284283805,2.251405014573482,0.3437832301985022,0.0015288066889551644,0.0,0.3453120368874574,1.9087280157674025,1.0664331510285752,-0.6883930443143171,-0.7831362558438637,209.06328084071257,-0.34308100742685976,-0.3449417659114995,0.2399997711181623,19719.872648298708,0.5036468758092946,-1.1398675717406381,0.10073883119761096,0.9704472849099337,-0.4361566455106103,-1.6092878670921462,-0.7846650625328189,0.47227233626119336,20098.38984375,1,0.2631619198663282,0,Full Recovery
2023-09-27,-0.18798456359664373,55.65580329327653,2.6605502018552496,-0.2669135370410691,-0.05007261720755274,-1.1518249945432046,-0.31698615424862187,1.664967424945507,1.0638058660732195,0.0789289734444254,-0.5439731305473927,207.40777568695083,-0.23805718080419647,0.0015288066889551644,0.2899999618530291,19715.785727591396,0.5026634910540431,-0.3933188914257979,0.06447417093176089,0.9486687562710379,-0.4361566455106103,-1.6430587041413869,-0.49390051333984,0.47251430639607434,19731.45,0,-0.9783629666773708,0,Full Recovery
2023-09-28,0.9259554965564964,58.38024998525087,3.57462544418512,-0.34360804131721157,0.2631619198663282,-0.7991939166498319,-0.08044612145088337,1.9072281613350617,1.032621103135073,1.269563537873708,0.38080253341443715,206.0420045536904,1.1891174164228246,-0.05007261720755274,0.40000057220458984,19715.834875084627,0.48927302617274887,0.21448959299592563,0.3256733058064176,0.7716657478075183,-1.3497425382274275,-1.761588347035381,0.11764061354810895,0.4738166057075893,19694.459765625,1,0.5877516917168757,0,Full Recovery
2023-09-29,0.07696970408133108,46.83048350772141,10.612592977073332,0.3339079023102709,-0.9783629666773708,-0.3449417659114995,-0.6444550643670999,1.401022079041625,1.0654516281119022,-0.2569381982289398,-2.1937672982547674,217.30522946736528,-0.9013932625960397,0.2631619198663282,1.22999954223633,19701.591608874656,0.5323140038829091,-0.7674889336934942,-0.09123359711789014,0.8420347505985661,-1.7903352251509852,-2.8828829353993224,-1.2154043315773966,0.49961348758712115,19650.7,0,0.0,0,Full Recovery
2023-10-02,2.072140534512612,52.81122002669179,-10.686426818810224,0.05241870530920956,0.5877516917168757,0.0015288066889551644,0.6401703970260852,1.0444911673085144,1.0981491908270689,2.0197218292034025,-0.29862112421890075,216.72339939254965,2.6598922262294877,-0.9783629666773708,-1.3699998855590838,19696.90339942098,0.5557917333880441,-0.1342427728303619,-0.035688859153770736,1.082658922353637,-1.8518524145164528,-2.743855167145892,-0.8863728159357764,0.5061167807806112,19643.51015625,0,-0.5578424654468894,0,Full Recovery
2023-10-03,0.0,52.81122002669179,0.0,0.0,0.0,-0.05007261720755274,0.0,1.0444911673085144,1.1223033779279508,0.0,0.0,216.72339939254965,0.0,0.5877516917168757,-1.3699998855590838,19696.90339942098,0.5625093502705063,-0.39636161984827334,-0.19016398433898685,1.101827920128418,-1.8518524145164528,-2.4586132466713595,0.0,0.5012097096213033,19643.51015625,0,-0.47443072713306833,0,Full Recovery
2023-10-04,-0.3593104113909007,52.81122002669179,2.969433696520829,0.141779060636249,-0.5578424654468894,0.2631619198663282,-0.4160634048106404,-0.23576309306331256,1.097150763681575,-0.5010894720271497,-0.21126838889433674,213.491856770557,-0.9171528768377901,0.0,-1.3699998855590838,19683.530375019312,0.5629316271574822,0.02663049774220827,0.3909207089570321,1.15860201784429,-2.3790456133917948,-3.002740523367209,0.3465740765525527,0.5130850250322992,19643.51015625,1,0.5641584105285702,1,Full Recovery
2023-10-05,-0.9269514641698562,47.43096869037781,-1.102630321132636,-0.5053199484910675,-0.47443072713306833,-0.9783629666773708,-0.9797506756241359,-0.892105037238855,0.933735288052576,-0.42163151567878865,0.2971569098834337,210.94107534698276,-1.4013821913029245,-0.5578424654468894,-0.13000011444091797,19665.202170156772,0.48476785730024624,-1.0296266165148782,-0.15547200218046786,1.0856729746867442,-2.696177328003402,-2.338030350211895,0.771587637016502,0.5191705437393481,19643.51015625,1,0.5512707366051472,1,Full Recovery
2023-10-06,-0.8677991044481526,53.47233578710687,-6.1749594892885895,0.0028975745771653294,0.5641584105285702,0.5877516917168757,0.5670559851057355,-0.9190465582535112,0.9506000704234976,-0.8706966790253179,0.9867513025949792,210.46615071738483,-0.30364069391958237,-0.47443072713306833,-0.7200002670288086,19656.35386125627,0.500013363993098,-0.4712769311404186,0.26432987664606333,0.9948972908403809,-2.2685820460114137,-0.9958268051419861,0.42259289206640904,0.5259976087265377,19643.51015625,0,-0.718194675884698,0,Full Recovery
2023-10-09,0.1613778973684976,58.51736169108662,-5.850086052983327,-0.21822654340064584,0.5512707366051472,0.0,0.3330441932045014,-0.8398064844310271,1.021072809186691,0.37960444076914346,0.6732953535051323,209.87299728839994,0.7126486339736449,0.5641584105285702,-0.6399993896484375,19656.142464126176,0.5304081174518118,0.6388017666261181,-0.2695024982784733,0.9706146175909611,-1.8462159271850243,-0.1054678069049686,0.122024616899985,0.5194616021282433,19643.51015625,1,0.9096802976240159,1,Full Recovery
2023-10-10,0.5555832674462913,50.75365744302113,10.679605897336675,-0.350549988977511,-0.718194675884698,-0.5578424654468894,-1.068744664862209,-2.4204417778987186,1.069992315338463,0.9061332564238023,-0.102494421445809,213.71821613953,-0.1626114084384067,0.5512707366051472,1.0999994277954084,19645.491141552015,0.5756766628586119,0.39231122258305273,-0.1205120358943601,1.1953828813241016,-1.8462159271850243,-0.824421221497873,0.615700254438889,0.5380194366811999,19535.28984375,1,0.6170692128707245,1,Full Recovery
2023-10-11,-0.8908070566210791,58.25427774860382,-1.1403435536549544,0.16957741830230244,0.9096802976240159,-0.47443072713306833,1.0792577159263184,-1.5172639758949336,1.169827817480897,-1.0603844749233815,0.8075213254424618,222.015687060509,0.018873241002936858,-0.718194675884698,-0.1299991607665998,19648.776953983346,0.6558711332958537,0.7372426710410274,0.17527728449713287,1.2432481186884525,0.20478900342268958,0.1278961368553322,-0.10215897218155412,0.5606561268060982,19567.509765625,0,-0.08757409120068171,1,Full Recovery
2023-10-12,-0.15436449801717878,62.46818847136349,-2.4844780414593592,-0.26371151340123244,0.6170692128707245,0.5641584105285702,0.353357699469492,-1.2887413583707041,1.1933964597061075,0.10934701538405367,-0.06570094985727248,221.82116185869106,0.4627047148535457,0.9096802976240159,-0.2800006866455078,19660.819372901246,0.6798757395866885,0.8031628431322657,-0.024023297651132314,1.0774171025358619,1.674932895721204,0.4813259708789319,-0.682770162727997,0.5696981367237999,19642.559765625,0,-0.21698099802970328,1,Full Recovery
2023-10-13,0.15083322819187117,61.51332634077728,-3.3666960260676726,0.2724494624387397,-0.08757409120068171,0.5512707366051472,0.18487537123805797,-1.5375718937931993,1.0369107586462687,-0.12161623424686852,-1.6726052023324667,218.63700694419876,0.06325913699118946,0.6170692128707245,-0.36999988555908203,19670.68460453819,0.5813708953625313,1.4434468234910902,-0.038792926875474976,1.1170635417791643,2.362693035540797,1.3852460639984354,-1.585031111131785,0.5606759216365396,19692.209765625,0,-0.09772027556287366,1,Full Recovery
2023-10-16,0.538652046394239,59.10478209435611,0.0,-0.480901487423413,-0.21698099802970328,-0.718194675884698,-0.6978824854531163,-2.1854753739015687,1.0522587314662657,1.019553533817652,-0.6114964058360317,215.82014039330534,0.32167104836453575,-0.08757409120068171,0.0,19676.637654664988,0.5679219343358307,0.310825999635167,0.053348368790429035,1.1464940240669637,2.294337713611805,0.5741331760620083,-0.39451540780632843,0.5397170080396827,19711.719921875,1,0.4041709427698992,1,Full Recovery
2023-10-17,-0.3637144134518655,58.00562484200532,4.237286385257333,-0.04238732107366694,-0.09772027556287366,0.9096802976240159,-0.1401075966365406,-1.9944607474595588,1.0666277083129114,-0.32132709237819856,-0.1809259305880606,213.3531216741976,-0.46143468901473916,-0.21698099802970328,0.4499998092651385,19680.720050615728,0.5698818241908093,-0.40178791927094615,0.02390645821652715,0.883218952348163,2.8027800776347034,0.4758518559773828,-0.08320565502518695,0.5342837239673162,19755.6,0,-0.7086812741337156,0,Full Recovery
2023-10-18,-0.09292153006938975,61.215143363328636,-3.3423658153493685,0.010973958716875565,0.4041709427698992,0.6170692128707245,0.41514490148677474,-1.9944607474595588,0.998042473166458,-0.10389548878626531,0.14015571284933248,211.32137211763765,0.31124941270050943,-0.09772027556287366,-0.3699998855590838,19690.407454273824,0.5362770748111477,0.08841062948368172,-0.09942306589478811,0.6260802514959818,2.8203577754101428,1.4478653267618213,-0.2640152299205667,0.5373289104720304,19779.930078125,0,-0.23588102112443998,0,Full Recovery
2023-10-19,1.4932592397635003,53.46763513708643,2.5233688091272466,-0.46404253777589943,-0.7086812741337156,-0.08757409120068171,-1.172723811909615,-1.157208923641817,1.0302625062578104,1.9573017775393997,-0.5920760804003278,214.9793076582028,0.7845779656297847,0.4041709427698992,0.2700004577636719,19688.977243540576,0.5703795760417583,-0.40479452339264865,0.07788081292052773,0.7258218029610829,3.274355644309157,1.2090903253379581,0.11660519373338785,0.5536254813450443,19751.880078125,0,-0.41808960845935994,0,Full Recovery
2023-10-20,-0.14177393833827434,51.16302537902321,-0.6381098158122156,-0.06989067213337696,-0.23588102112443998,-0.21698099802970328,-0.30577169325781695,-0.5959290203691459,1.0240910761625988,-0.07188326620489738,-0.2107139116353629,212.48166559544217,-0.3776549594627143,-0.7086812741337156,-0.07000064849853693,19684.2159083709,0.5573863517992562,-0.542530597894253,0.005167855426124746,0.7636182743844049,3.0775470268222804,0.4039201296957229,0.025167109489077077,0.5442742004797518,19718.019921875,0,-1.3350307425555652,0,Full Recovery
2023-10-23,-0.6704040848117598,47.28207262625493,-0.7339442798699691,0.3462130729030122,-0.41808960845935994,-0.09772027556287366,-0.07187653555634776,-0.6688926356786196,1.0036642736584127,-1.016617157714772,-0.2241631516872178,210.207644036883,-1.0884936932711198,-0.23588102112443998,-0.07999992370605113,19673.72957372306,0.5430290461306518,-1.357038131262145,-0.17569800466952223,0.7898250194284812,4.243278243885795,-0.564019687969064,0.19392645677214215,0.5410465035792437,19676.33984375,0,0.0,0,Full Recovery
2023-10-24,0.0409415533639268,37.53265890260795,0.8317944096702723,0.02713581692235234,-1.3350307425555652,0.4041709427698992,-1.3078949256332129,-1.9964917401028681,1.161402303716367,0.013805736441574457,-1.9731873281709444,229.82117691529845,-1.2940891891916384,-0.41808960845935994,0.09000015258788885,19644.694049743575,0.6510040248295996,-1.9792976351430847,0.04511241205373828,1.0655843171017039,2.567166001049448,-1.1818136410604585,-0.6381565856153792,0.5605327478947768,19586.33984375,0,-0.8277236732921023,0,Full Recovery
2023-10-25,0.0,37.53265890260795,0.0,0.0,0.0,-0.7086812741337156,0.0,-1.9964917401028681,0.9753819761789098,0.0,0.0,229.82117691529845,0.0,-1.3350307425555652,0.09000015258788885,19644.694049743575,0.5468389980527735,-1.7475387262105735,-0.15679930157291855,0.8596110253244664,2.567166001049448,-2.0726395451019064,0.0,0.5606408682037519,19586.33984375,0,-1.3853064912347501,0,Full Recovery
2023-10-26,0.07998618562876647,37.53265890260795,3.666366432621637,0.08800096678780456,-0.8277236732921023,-0.23588102112443998,-0.7397227065042977,-3.0142284826815136,0.8696328346790005,-0.008014781159038087,-1.0305247163532427,224.00213073302936,-0.7477374876633358,0.0,0.09000015258788885,19603.13682206699,0.4928648757367602,-2.151704050345815,-0.05010645209012621,0.8587746496005692,1.2406480568331268,-3.4788100373730257,-0.20280104306114044,0.5667505365430728,19586.33984375,1,1.0075700327460302,0,Full Recovery
2023-10-27,0.3609886165087617,29.752799482148973,3.713519956119171,0.09689697848727086,-1.3853064912347501,-0.41808960845935994,-1.2884095127474793,-3.4128053278602466,0.9558595998773807,0.2640916380214908,-0.9985084075760264,242.02673205195893,-1.0243178747259885,-0.8277236732921023,0.4199991226196289,19547.885946358325,0.578765081528219,-2.2015636547512596,0.22075174924984786,0.9174341690767739,1.8071144890984492,-4.732494695362233,0.3867980836587237,0.605491728604157,19586.33984375,1,0.49167407696648624,0,Full Recovery
2023-10-30,-0.3935147405032646,39.44780371811009,-6.990620007031012,0.1793973291161377,1.0075700327460302,-1.3350307425555652,1.186967361862168,-3.0096839224212135,1.176191091941025,-0.5729120696194023,1.237521189092483,247.7880011116975,0.6140552922427656,-1.3853064912347501,-0.8199996948242188,19510.801802183636,0.74637322528423,-1.216175917642326,0.13406548468273272,1.4903147706757685,0.09691652822769736,-3.5633586741528167,0.2299511563464529,0.6345679968846717,19586.33984375,0,-0.3202606982899536,0,Full Recovery
2023-10-31,-0.23995504602711826,43.580991234535176,5.316223023079436,0.10939281448318905,0.49167407696648624,0.0,0.6010668914496753,-3.0096839224212135,1.224230382154744,-0.3493478605103073,0.13497120005903085,240.27080148430406,0.251719030939368,1.0075700327460302,0.5799999237060547,19483.40169762374,0.7912779046720759,0.09805382562617648,0.15717289953356417,1.3954946793920469,0.931314578404896,-2.994410578762652,-0.3567028769074554,0.6463472203303271,19586.33984375,0,-0.4740624572936891,0,Full Recovery
2023-11-01,-0.302043784647299,41.580283044613104,2.959096252051574,-0.12863112639509566,-0.3202606982899536,-0.8277236732921023,-0.4488918246850493,-2.2999443928822916,1.1634236535798423,-0.1734126582522033,-0.19173656212264634,233.67416076556324,-0.6223044829372526,0.49167407696648624,0.3400001525878924,19453.490431827537,0.7517463235981607,1.1791200168370208,-0.14014245285512983,1.4054199853466915,0.931314578404896,-3.694320927870176,0.1285241361673073,0.6461501114995409,19049.430078125,1,0.7588523257266999,1,Full Recovery
2023-11-02,0.8254710512217045,38.753326532450295,1.8596810519664553,0.13564073331763238,-0.4740624572936891,-1.3853064912347501,-0.33842172397605674,-2.299582877906292,1.1951322278358667,0.6898303179040721,-0.7762685565156247,227.83647318432128,0.3514085939280154,-0.3202606982899536,0.22000026702880682,19419.094873219943,0.7437301682783414,-0.30502885915290046,-0.023173083977512388,1.3403830379770805,0.680798434467822,-3.466756979996133,-0.30220609922193553,0.6222994835521817,19022.830078125,1,0.5087980838331285,1,Full Recovery
2023-11-03,-0.08563541177886158,45.15127700568391,-8.049794619709893,-0.018236471076948924,0.7588523257266999,1.0075700327460302,0.740615854649751,-2.110433214381646,1.3030059612772429,-0.06739894070191266,0.7839893546597088,229.42705800974488,0.6732169139478383,-0.4740624572936891,-0.9700002670288068,19397.921178907356,0.8229497841222351,-0.03996881269361374,2.301712209887974,0.9395440258954463,0.03858121234796563,-2.504238221803956,0.025137028933008843,0.6315779117274767,19078.030078125,1,0.941990339899168,1,Full Recovery
2023-11-06,-0.18590499759232326,49.025357582130134,-1.8050524426198922,0.19104008954282659,0.5087980838331285,0.49167407696648624,0.6998381733759551,-2.151781568804534,1.3348304933396073,-0.37694508713514985,0.6448053845713675,224.63713126469534,0.32289308624080526,0.7588523257266999,-0.1999998092651385,19385.526988571626,0.8535719814029761,0.791421220001931,-2.2850212975397577,0.790129735556392,0.309837043577077,-1.5967679665379264,0.13600730073823897,0.6394609544272131,19114.7,0,-0.026019195847870602,1,Full Recovery
2023-11-07,0.3343551317382065,55.34588551755449,2.1139663586129176,-0.2467904241592711,0.941990339899168,-0.3202606982899536,0.6951999157398969,-0.5155689160400545,1.2120786452176122,0.5811455558974776,0.6270315737961996,231.78006584606885,1.2763454716373746,0.5087980838331285,0.22999954223632812,19387.469433862618,0.8070045397039649,2.225479290445964,-0.10666835297794552,0.8916521768142284,-0.5190320172774543,0.6742126622324207,-0.31495876610296847,0.6658021265920995,19168.869921875,1,0.18962926582819506,1,Full Recovery
2023-11-08,1.3493089253320822,55.14059231851808,0.7200713427382821,0.29768731655749336,-0.026019195847870602,-0.4740624572936891,0.27166812070962276,-1.4380525816214629,1.212509451713542,1.0516216087745889,0.02792885677080914,226.75165602492604,1.3232897294842116,0.941990339899168,0.07999992370605469,19388.893862372795,0.8072977490041319,1.429183326146899,0.07732286728385773,0.8511673940891832,-1.3446038118980597,0.6480180416715386,0.05394805261867974,0.6658073862780962,19234.28984375,0,-0.24789373698150818,1,Full Recovery
2023-11-09,1.28695331311659,56.40931322262324,-1.3404792149700473,-0.3708222422425633,0.18962926582819506,0.7588523257266999,-0.18119297641436827,-1.8567619906163735,1.1184507902930185,1.6577755553591533,-0.20786657705534894,222.44276855493558,1.476582578944785,-0.026019195847870602,-0.14999961853027344,19392.93876145629,0.7435240476739403,1.1070917961456095,0.01189016058500414,0.5936287815577875,-0.695511606121002,1.6805097900105759,-0.397495842883544,0.6647802961159358,19325.159765625,1,0.1549283945833313,1,Full Recovery
2023-11-10,0.21304632453736927,54.245384284960664,-0.5434820636233795,0.30504879306558763,-0.24789373698150818,0.5087980838331285,0.05715505608407945,-2.014242794533694,0.8372350907401581,-0.09200246852821836,-0.6452719037984944,218.6441337892774,-0.034847412444138914,0.18962926582819506,-0.06000041961669922,19393.113725885454,0.5378311615881134,-0.08473846381701344,-0.018021030524284498,0.6957464065566906,-1.7550624381721058,2.853283385700456,-0.39737816681698623,0.6423896554896188,19377.569921875,1,0.09369804014345284,1,Full Recovery
2023-11-13,0.004190053158903417,55.39421385212415,1.1839719477296118,0.15754584086793422,0.1549283945833313,0.941990339899168,0.3124742354512655,-1.649032122302041,0.7487455078807083,-0.1533557877090308,-0.25603622504380974,215.39204876320684,0.15911844774223471,-0.24789373698150818,0.13000011444091797,19395.501569106906,0.47400298474665786,0.0961028478608128,0.12220937684219724,0.6669409632320369,-0.9459418358812588,1.9850614097835617,-0.41096461962714104,0.6330628760811243,19416.519921875,0,0.0,1,Full Recovery
2023-11-14,-0.21840148083561717,56.113021792178856,0.7200713427382821,0.06866679919523833,0.09369804014345284,-0.026019195847870602,0.16236483933869117,-1.46058620624121,0.731160002222339,-0.2870682800308555,-0.010448012563624154,212.59784330311226,-0.12470344069216432,0.1549283945833313,0.07999992370605469,19399.060770006392,0.4631675095758619,0.00026117339984033094,-0.024604334465117006,0.2629751608453087,-1.584540473090279,1.5811711280480534,-0.104146052707077,0.6334694295297364,19422.880078125,1,1.1926753508604282,1,Full Recovery
2023-11-15,0.0,56.113021792178856,0.0,0.0,0.0,0.18962926582819506,0.0,-1.46058620624121,0.6981007490273476,0.0,0.0,212.59784330311226,0.0,0.09369804014345284,0.07999992370605469,19399.060770006392,0.43674465523547856,0.2487715995961537,-0.12160481722504057,0.26385056592294115,-1.584540473090279,1.9075409302413693,0.0,0.6256183735287173,19422.880078125,1,0.4561522280999375,1,Full Recovery
2023-11-16,-1.0694294063250176,56.113021792178856,-0.4468207232840138,-0.48536075227869624,1.1926753508604282,-0.24789373698150818,0.707314598581732,0.02211167378221024,0.7186868525571125,-0.5840686540463214,2.5901028047780272,210.20939841131107,0.1232459445354106,0.0,0.07999992370605469,19421.04158919955,0.47179524505479276,1.2874909044329197,-0.2596269778766813,0.7857910469669568,0.11672676422693762,3.6141628983244356,1.397427453917599,0.6564684511818469,19422.880078125,0,-0.16897597201204206,1,Full Recovery
2023-11-17,0.41293411283296333,60.075362414948195,4.578090300627391,-0.5469823052454137,0.4561522280999375,0.1549283945833313,-0.0908300771454762,0.7159345396018146,0.6920101627995555,0.959916418078377,2.68538805444527,208.53507758146918,0.8690863409329008,1.1926753508604282,0.5099992752075178,19446.534746944028,0.45243755184161605,1.6542679941473182,0.24656683857144923,0.6831672375556799,0.8833937476855569,3.3028848666588173,2.2292358263453327,0.6538018891833327,19422.880078125,0,-0.19157289123818977,1,Full Recovery
2023-11-20,1.1491012951753588,57.97761660858483,1.54506704780899,-1.1389526497908808,-0.16897597201204206,0.09369804014345284,-1.307928621802923,0.9678850454989396,0.7295267563005462,2.2880539449662396,-0.2540796074547491,207.03946827893955,0.9801253231633167,0.4561522280999375,0.1800003051757848,19467.665564300027,0.472403144871805,1.4824967067124772,-0.079223125448602,0.768491576577476,1.071914290274889,2.6062690818577705,-0.08510363544270705,0.647547387013499,19422.880078125,1,0.45394734754240496,1,Full Recovery
2023-11-21,0.20580934288170205,55.61074612463527,2.704984758139939,0.19386731388213452,-0.19157289123818977,0.0,0.002294422643944749,2.1380320769639694,0.668316944891749,0.011942028999567533,0.5959663440737728,205.69287250841413,0.014236451643512282,-0.16897597201204206,0.3199996948242152,19484.43107805558,0.42369553719258246,0.09428390195189706,0.20596170043096773,0.9290795095731735,1.4333389708661493,1.4540162530426226,0.7875392353119626,0.6339739555674129,19422.880078125,1,0.14380348265852216,1,Full Recovery
2023-11-22,0.5718826973751145,59.79150637081888,0.6584356067307784,-0.2148757858731809,0.45394734754240496,1.1926753508604282,0.23907156166922405,2.1380320769639694,0.6952165823671438,0.7867584832482954,-0.1775612088589007,204.64502336145884,1.0258300449175195,-0.19157289123818977,0.07999992370605646,19506.57695306072,0.42928540612293425,0.09208696392866145,0.036859325340610205,0.8993968110683086,1.4333389708661493,1.9410883202180207,-0.6315085564013057,0.6174844170024515,19729.969921875,0,-0.04971574875239915,1,Full Recovery
2023-11-23,0.4880459972326223,61.048735936027356,-2.943578660277024,-0.6921018211868746,0.14380348265852216,0.4561522280999375,-0.5482983385283524,3.606807836257464,0.7069893671110922,1.180147818419497,0.7384253941722818,203.77481972576433,0.6318494798911445,0.45394734754240496,-0.3599996566772461,19529.189742417333,0.42957295255375927,0.4056843519374409,0.02821116750191255,0.5376203722027636,1.379710643420684,1.8944614363411993,0.5946219115137596,0.6076087880053785,19757.25,0,-0.03686890844358803,1,Full Recovery
2023-11-24,-1.5206187447824315,60.34522149917952,-4.633531558867043,0.3440761868246045,-0.04971574875239915,-0.16897597201204206,0.29436043807220535,5.0100094128253,0.6772189208984694,-1.864694931607036,-0.5949748734074056,203.00751042899535,-1.5703344935348307,0.14380348265852216,-0.5500001907348615,19549.39790964568,0.41138063535238656,0.5483903727023565,0.24308220361821675,0.5732921811419677,1.225921532589358,2.096895651874431,-0.5452591246550065,0.6074559091451316,19764.61015625,0,0.0,1,Full Recovery
2023-11-27,0.9033157946055193,59.79517740118567,0.08834124692078671,0.47654893253858965,-0.03686890844358803,-0.19157289123818977,0.4396800240950016,3.924184429510813,0.6905923624861201,0.4267668620669296,-0.9746483193657784,202.3327746634625,0.8664468861619312,-0.04971574875239915,0.010000228881835938,19567.56837698674,0.41856385619199293,0.057112669722614307,-0.244529119812964,0.5707677381830449,0.559199599140503,1.901379469622233,-0.9377794109221904,0.6060939547841383,19777.18984375,1,0.4799264638990497,1,Full Recovery
2023-11-28,0.0,59.79517740118567,0.0,0.0,0.0,0.45394734754240496,0.0,3.924184429510813,0.6966047372468626,0.0,0.0,202.3327746634625,0.0,-0.03686890844358803,0.010000228881835938,19567.56837698674,0.4219769368134948,-0.08656632754210358,-0.03539891057038336,0.48945057131610464,0.559199599140503,1.805989252943574,0.0,0.6057623702238681,19777.18984375,1,1.040238911355451,1,Full Recovery
2023-11-29,-0.8196437556505898,59.79517740118567,7.502209948750704,-0.224386248867936,0.4799264638990497,0.14380348265852216,0.2555402150311137,4.245894179964593,0.7019419366090807,-0.5952575067826538,0.19762692922360436,201.81481750628217,-0.3397172917515401,0.0,0.010000228881835938,19593.187030087203,0.4265047924719193,0.442880611806884,0.06001722679387367,0.5278247350955478,0.8095569782157197,2.294583137202677,-0.28229953467544533,0.6076069403433441,19777.18984375,1,0.18187545137213768,1,Full Recovery
2023-11-30,-0.4754709145845526,69.60229604033702,4.351393429325068,0.5219424274818918,1.040238911355451,-0.04971574875239915,1.562181338837343,5.832010363648243,0.6283296232850464,-0.9974133420664444,1.5252903797655648,215.89062699502736,0.5647679967708985,0.4799264638990497,0.5299997329711932,19630.476850775187,0.3892939058251056,1.5251577570778885,0.06429174927737868,1.113022953786885,1.6867952827321897,2.1404867860585375,0.4850514684101137,0.6195695560666994,19777.18984375,1,0.6692941610506598,1,Full Recovery
2023-12-01,1.374092224427259,70.95040026188956,-0.1573600134039621,-0.3719269816932158,0.18187545137213768,-0.03686890844358803,-0.19005153032107813,5.2259829909973465,0.6154560728236239,1.746019206120475,-0.08035098796975726,213.94941058319003,1.5559676757993968,1.040238911355451,-0.020000457763671875,19667.7119278011,0.3797810079586271,1.709807096004834,-0.10525182651887066,1.0777579386825082,2.1722434797606605,1.8616112481474323,-0.26222643934189493,0.6170724844012033,19777.18984375,1,2.066816900376933,1,Full Recovery
2023-12-04,-0.5575291176923125,75.29954987804678,-2.4428642726008643,0.0780892461893945,0.6692941610506598,0.0,0.7473834072400543,5.394011639368279,0.6232753929435187,-0.635618363881707,0.05064114883475135,216.90142276584783,0.11176504335834725,0.18187545137213768,-0.3099994659423828,19712.170332454723,0.385375580563864,1.9014926657034081,0.02688086147668578,0.9744476532006343,2.186000683207512,2.7169319988494145,-0.6186530122159084,0.6183070675733531,19777.18984375,1,0.8135565760247543,1,Full Recovery
2023-12-05,-2.243044533352745,83.5464468462158,4.927299281408715,1.541859025875869,2.066816900376933,0.4799264638990497,3.6086759262528023,6.5684483946578665,1.0017113256170325,-3.784903559228614,0.2050743253630971,257.6258190012345,-0.17622763297581168,0.6692941610506598,0.6099996566772461,19784.365180513632,0.6537239935815111,2.936821070962048,-0.16088485296157362,1.2894200482536358,2.186000683207512,5.041133244896923,-1.861742575013836,0.6526071701132661,20214.830078125,1,0.39606432442005346,1,Full Recovery
2023-12-06,-0.8058540300565076,85.62327547739466,3.6181699408017076,0.4374321558392458,0.8135565760247543,1.040238911355451,1.250988731864,7.463404128125051,1.002686202436859,-1.2432861858957533,-0.5706329333714844,259.61895329065317,0.00770254596824671,2.066816900376933,0.4700002670288086,19863.67884191077,0.661068636249802,3.5858730737250877,0.238530320249275,1.2237902302165373,1.2237082198558014,5.417163872687225,-1.3841895093962386,0.6592976292512234,20407.91015625,0,-0.17455990623970186,1,Full Recovery
2023-12-07,-0.7663778215747263,86.52242963470853,2.080235751691273,-0.7740492512210428,0.39606432442005346,0.18187545137213768,-0.3779849268009894,7.684826387995991,1.0365493414219487,0.007671429646316508,1.6732308737726909,252.92002514356597,-0.3703134971546729,0.8135565760247543,0.2799997329711914,19943.23590686182,0.6493657364726005,3.304727254505435,-0.12131360389754375,1.2948498426440993,-0.4146982265216925,5.682708235591716,1.2771665493526374,0.6264687173291136,20576.130078125,1,0.3265370504707432,1,Full Recovery
2023-12-08,0.9454557699505428,84.01845993850529,-7.787479713597866,0.18918085623446101,-0.17455990623970186,0.6692941610506598,0.014620949994759158,7.763992043014611,1.2106905468814808,0.7562749137160818,-0.18472196954122388,247.06555564525684,0.770895863710841,0.39606432442005346,-1.0699996948242205,20014.192535288723,0.6633567839694094,1.0361660637699055,-0.031573987063826525,1.4631647431790007,-0.22578126648518104,5.550703921952338,-0.010162063301522029,0.547916051345265,20729.730078125,1,0.1320935183362959,1,Full Recovery
2023-12-11,-1.1308097555845609,84.8974128235734,-1.5785304503615816,0.5713899468651862,0.3265370504707432,2.066816900376933,0.8979269973359294,7.948638311790357,1.1950250689215607,-1.702199702449747,1.3084827634427754,242.08268208005595,-0.8042727051138177,-0.17455990623970186,-0.19999980926513494,20084.94867272104,0.637470765029745,0.548071135553907,0.07840113350505717,1.5094757993453758,-0.6567879204452898,5.934422942695172,0.9819457129720321,0.5334371482980872,20870.030078125,0,-0.43196070141755527,1,Full Recovery
2023-12-12,-0.894630505379912,85.25192555556414,2.3255810396395793,-0.021539584943708334,0.1320935183362959,0.8135565760247543,0.11055393339258757,7.990046908629123,1.1721143904609426,-0.8730909204362036,0.36340529926484066,237.8011239485481,-0.762536987043616,0.3265370504707432,0.28999996185302734,20152.51540876948,0.6253712443571496,0.28370065881835327,0.09022018502964357,0.6472402014805335,-3.1645583103305897,6.074355449089408,0.23131178092854476,0.5335411367093671,20932.08984375,1,0.09542158562574343,0,Full Recovery
2023-12-13,-0.044353918775807966,78.7346359620646,-0.391851017539091,-0.026039200831762255,-0.43196070141755527,0.39606432442005346,-0.4579999022493175,7.990046908629123,1.309509782945962,-0.01831471794404571,-0.06072510200885173,233.96950794290825,-0.47631462019336324,0.1320935183362959,-0.05000019073486328,20208.35874075878,0.7051196855026204,0.0251182346515888,-0.10380097573465807,0.5963311864493693,-2.058934984629879,5.111697068382792,0.37123559940870354,0.5384608000295991,20942.35,1,1.2250087289956912,1,Full Recovery
2023-12-14,1.0252624161595891,79.11285974563162,-5.035407878850484,-0.10667648351760928,0.09542158562574343,-0.17455990623970186,-0.011254897891865845,6.357671312698354,1.3239914774019492,1.1319388996771984,-1.2756054682534268,230.6753730296867,1.1206840017853326,-0.43196070141755527,-0.6400003433227521,20261.543249545168,0.6880788537653797,-0.20530287203275321,0.06299890726830792,0.5344681694781211,-1.8928638374798967,4.128807938298795,-1.3710270538791702,0.5197003646754498,20940.080078125,1,1.2932779200891975,1,Full Recovery
2023-12-15,-1.142618227176495,83.23841606395186,2.0712510879946633,0.13413376525761578,1.2250087289956912,0.3265370504707432,1.359142494253307,7.171695991079652,1.348905917590289,-1.2767519924341109,3.4980960564730657,248.22040402156156,0.08239050181919616,0.09542158562574343,0.25,20329.77702504182,0.7279838957146977,0.8839297466214369,-0.13274318876950186,1.0241055987411196,-0.43371591086313055,5.213038236746703,2.2730873274773744,0.5396847075000539,20996.38984375,0,-0.17710126840955187,1,Full Recovery
2023-12-18,-1.144106982997961,86.34288716005851,6.574678893514818,-0.4317020201871635,1.2932779200891975,0.1320935183362959,0.861575899902034,8.74147082923129,1.3569031529622553,-0.7124049628107976,4.555654502168549,265.9556066624363,0.1491709370912364,1.2250087289956912,0.8100004196166974,20413.249126196133,0.768590250109712,2.631969108592913,0.013566779655982408,1.2430132912882106,-0.24555583073320175,5.865185722690147,3.2623765820793516,0.5664297030308407,21093.83984375,1,0.1608374856572503,1,Full Recovery
2023-12-19,1.1187111015136697,84.01832220212087,5.864428769063568,-0.3958759175761384,-0.17710126840955187,-0.43196070141755527,-0.5729771859856903,8.757237689778608,1.0486750916966239,1.514587019089808,-0.2707987843638904,259.0530596282777,0.9416098331041178,1.2932779200891975,0.7699995040893537,20487.7232939316,0.591582167674729,2.352540172746842,-0.3060125746346398,1.317892240899129,0.9035009930165705,3.5377611894359617,-0.0936975159543385,0.5641234089128181,21178.15,0,-1.412146609423337,1,Full Recovery
2023-12-20,0.20102306522846725,84.42763025663977,-0.2158254229819967,-0.1541540251980722,0.1608374856572503,0.09542158562574343,0.006683460459178114,8.439900046410841,1.016540280476723,0.35517709042653944,-0.9543100044540509,253.11678449034048,0.36186055088571756,-0.17710126840955187,-0.02999973297118963,20559.23265063111,0.570360675388579,1.276515272357992,0.08368825889282228,1.1194761209380493,1.4271971075103362,2.8674041898662628,-1.1151474901113012,0.5610802505725058,21287.48984375,1,0.49597940765233606,1,Full Recovery
2023-12-21,-0.2350737062938868,67.94701424489675,4.181686578886912,0.5230936145110721,-1.412146609423337,1.2250087289956912,-0.889052994912265,6.755052191677824,1.207645435240924,-0.7581673208049589,-1.7087260397510295,273.8612093187117,-1.6472203157172238,0.1608374856572503,0.5799999237060547,20603.004335075104,0.7794033260925728,-1.4284615465138928,-0.023582760111917622,1.5175908883388314,1.9293844581746322,1.0146825095507461,-0.2965794303276925,0.6453908599557767,21332.25,1,0.44389265566107117,0,Full Recovery
2023-12-22,0.22915289055653876,70.12188749341652,-4.77508366429793,0.3362371654293206,0.49597940765233606,1.2932779200891975,0.8322165730816566,7.337899107413404,1.2240867254557433,-0.10708427487278183,0.30223610869211104,265.68644911788334,0.7251322982088748,-1.412146609423337,-0.6899995803833008,20651.3040718288,0.7816409714281978,-0.7638184777814416,0.21133080561515083,1.3582819888003943,0.11363896620835146,1.693210105716192,-0.19374329896022502,0.6385503208645401,21346.7203125,0,0.0,0,Full Recovery
2023-12-25,0.5180347498159765,71.96444998432327,-0.3633734731334881,-1.1719357039702283,0.44389265566107117,-0.17710126840955187,-0.7280430483091571,7.854128798291371,1.2299153070793865,1.6899704537862048,2.2721369631534483,258.72745642299833,0.9619274054770477,0.49597940765233606,-0.05000019073486328,20703.01491025815,0.7851123805634761,-0.48337639146878164,-0.16284591585961072,1.078327695015133,0.7195554696769024,1.8121643581658686,1.828244307492377,0.6383467023472117,21325.2703125,1,0.43068759341071683,0,Full Recovery
2023-12-26,0.0,71.96444998432327,0.0,0.0,0.0,0.1608374856572503,0.0,7.854128798291371,1.2305085232056898,0.0,0.0,258.72745642299833,0.0,0.44389265566107117,-0.05000019073486328,20703.01491025815,0.7871637988102995,0.9420736794775619,0.04017905283710821,1.0776598885844506,0.7195554696769024,1.6778545027842817,0.0,0.6397060921094226,21325.2703125,1,0.9952749920727699,1,Full Recovery
2023-12-27,0.5955806270973252,71.96444998432327,7.075129572063155,0.05992288466964979,0.43068759341071683,-1.412146609423337,0.4906104780803666,7.801276296638315,1.1938568613979565,0.5356577424276754,-0.4050518251281887,252.04695989095055,1.026268220508042,0.0,-0.05000019073486328,20761.733722853598,0.7607743391740163,0.8764920396677756,0.008779330831520937,1.1167773348203183,1.6543048666295856,2.558782041646368,-0.8357394185389055,0.6372408315045369,21325.2703125,1,0.5723881307796219,1,Full Recovery
2023-12-28,-0.4316580987309804,76.12394649959592,5.9945510636716826,0.17256029290471098,0.9952749920727699,0.49597940765233606,1.167835284977481,7.753303647937182,1.2596518347863364,-0.6042183916356914,0.6974548450456863,261.3305839888234,0.5636168933417895,0.43068759341071683,0.8800001144409197,20827.883076716294,0.7922900953300812,1.4302491113946436,0.01262204675294143,0.4888965495038725,1.5142896258434124,3.480780949481388,-0.2978201470270836,0.6289754623653648,21325.2703125,0,-0.21717930740454694,1,Full Recovery
2023-12-29,0.6578052850020333,78.15156089841784,-2.699229209302889,-0.10357857743994447,0.5723881307796219,0.44389265566107117,0.46880955333967744,8.173330036273164,1.169066451779199,0.7613838624419778,-0.13808109034442184,257.53220143614664,1.2301934157816552,0.9952749920727699,-0.4200000762939453,20898.313902052127,0.7367312491865862,2.0108238183284666,0.10145890978356942,0.4930487948449866,1.8539529529336018,2.8136168759477442,-0.7104692211240438,0.6301876578088869,21325.2703125,0,,0,Full Recovery
