Date,NIFTY 50,SENSEX,India VIX,NIFTY Bank,NIFTY IT,NIFTY Pharma,Gold ETF,USD/INR,COVID_Cases_7DMA,COVID_Deaths_7DMA,Vacc_Rate,Lockdown_Stringency,RBI_Repo_Rate,NIFTY_Return,NIFTY_LogReturn,NIFTY_Vol30,NIFTY_Drawdown,Regime
2018-01-03,10443.2001953125,33793.37890625,13.619999885559082,25318.3046875,11586.7001953125,9519.5498046875,26.46299934387207,63.459999084472656,0.0,0.0,0.0,0.0,6.0,0.009576525840304662,0.009576067320342099,,0.0,Pre-COVID
2018-01-04,10504.7998046875,33969.640625,13.420000076293945,25462.302734375,11590.7998046875,9633.599609375,26.39699935913086,63.41910171508789,0.0,0.0,0.0,0.0,6.0,0.5898537634340117,0.5881209368789884,,0.0,Pre-COVID
2018-01-05,10558.849609375,34153.8515625,13.109999656677246,25601.552734375,11633.5498046875,9701.0498046875,26.43950080871582,63.369598388671875,0.0,0.0,0.0,0.0,6.0,0.5145248428569005,0.5132056867763014,,0.0,Pre-COVID
2018-01-08,10623.599609375,34352.7890625,13.739999771118164,25675.80078125,11776.849609375,9838.25,26.470500946044922,63.26499938964844,0.0,0.0,0.0,0.0,6.0,0.6132296831134809,0.6113570815585058,,0.0,Pre-COVID
2018-01-09,10637.0,34443.19140625,13.850000381469727,25703.501953125,11790.849609375,9770.2001953125,26.538999557495117,63.45199966430664,0.0,0.0,0.0,0.0,6.0,0.12613794869653638,0.1260584616212523,,0.0,Pre-COVID
2018-01-10,10632.2001953125,34433.0703125,14.039999961853027,25617.00390625,12054.7001953125,9748.599609375,26.519500732421875,63.63610076904297,0.0,0.0,0.0,0.0,6.0,-0.04512366915013777,-0.04513385294137436,,-0.04512366915013777,Pre-COVID
2018-01-11,10651.2001953125,34503.48828125,14.010000228881836,25660.6015625,12103.099609375,9772.849609375,26.618000030517578,63.7599983215332,0.0,0.0,0.0,0.0,6.0,0.17870242895141608,0.17854294613236377,,0.0,Pre-COVID
2018-01-12,10681.25,34592.390625,13.729999542236328,25748.751953125,12099.2001953125,9741.849609375,26.782499313354492,63.67210006713867,0.0,0.0,0.0,0.0,6.0,0.282125996474325,0.28172876803263625,,0.0,Pre-COVID
2018-01-15,10741.5498046875,34843.51171875,14.3100004196167,26068.896484375,11992.7998046875,9659.75,26.948999404907227,63.5885009765625,0.0,0.0,0.0,0.0,6.0,0.5645388385020489,0.562951290083651,,0.0,Pre-COVID
2018-01-16,10700.4501953125,34771.05078125,14.09000015258789,25974.59765625,12430.9501953125,9623.4501953125,27.05150032043457,63.52119827270508,0.0,0.0,0.0,0.0,6.0,-0.3826227138756466,-0.383356587156863,,-0.3826227138756466,Pre-COVID
2018-01-17,10788.5498046875,35081.8203125,13.859999656677246,26288.794921875,12531.400390625,9744.2998046875,27.01449966430664,63.994300842285156,0.0,0.0,0.0,0.0,6.0,0.8233261943837888,0.819955353642979,,0.0,Pre-COVID
2018-01-18,10817.0,35260.2890625,13.960000038146973,26537.091796875,12570.7001953125,9626.4501953125,26.82900047302246,63.82500076293945,0.0,0.0,0.0,0.0,6.0,0.2637073177355065,0.2633602200690908,,0.0,Pre-COVID
2018-01-19,10894.7001953125,35511.578125,13.979999542236328,26909.1875,12633.849609375,9637.7998046875,26.94700050354004,63.86759948730469,0.0,0.0,0.0,0.0,6.0,0.7183155709762357,0.7157479729840962,,0.0,Pre-COVID
2018-01-22,10966.2001953125,35798.01171875,15.390000343322754,27040.884765625,12894.9501953125,9654.7998046875,26.900999069213867,63.83209991455078,0.0,0.0,0.0,0.0,6.0,0.6562824007838586,0.6541382438729125,,0.0,Pre-COVID
2018-01-23,11083.7001953125,36139.98046875,16.229999542236328,27390.28125,13048.900390625,9767.2998046875,26.995500564575195,63.88010025024414,0.0,0.0,0.0,0.0,6.0,1.0714741469905364,1.0657745398174343,,0.0,Pre-COVID
2018-01-24,11086.0,36161.640625,18.040000915527344,27398.232421875,13249.5498046875,9826.400390625,27.134000778198242,63.7504997253418,0.0,0.0,0.0,0.0,6.0,0.020749430668232094,0.0207472782716017,,0.0,Pre-COVID
2018-01-25,11069.650390625,36050.44140625,17.510000228881836,27445.33203125,13117.849609375,9729.150390625,27.33300018310547,63.57789993286133,0.0,0.0,0.0,0.0,6.0,-0.1474797886974577,-0.14758864718050038,,-0.1474797886974577,Pre-COVID
2018-01-26,,,,,,,,63.57310104370117,0.0,0.0,0.0,0.0,6.0,0.0,,,,Pre-COVID
2018-01-29,11130.400390625,36283.25,17.889999389648438,27498.12890625,13242.5,9622.349609375,27.14550018310547,63.56999969482422,0.0,0.0,0.0,0.0,6.0,0.5487978197707966,,,0.0,Pre-COVID
2018-01-30,11049.650390625,36033.73046875,16.420000076293945,27268.734375,13107.9501953125,9563.5498046875,27.147499084472656,63.66939926147461,0.0,0.0,0.0,0.0,6.0,-0.7254905229466369,-0.7281350035077295,,-0.7254905229466369,Pre-COVID
2018-01-31,11027.7001953125,35965.01953125,15.930000305175781,27379.130859375,12986.400390625,9384.75,27.089000701904297,63.769901275634766,0.0,0.0,0.0,0.0,6.0,-0.1986505865481769,-0.19884815852113905,,-0.9226999183156392,Pre-COVID
2018-02-01,11016.900390625,35906.66015625,14.109999656677246,27220.3828125,12964.599609375,9158.7001953125,27.142499923706055,63.665000915527344,0.0,0.0,0.0,0.0,6.0,-0.0979334267002474,-0.0979814128127614,,-1.019729713367723,Pre-COVID
2018-02-02,10760.599609375,35066.75,15.25,26450.84375,12983.599609375,9042.75,27.354999542236328,63.974998474121094,0.0,0.0,0.0,0.0,6.0,-2.326432772943132,-2.3539213933076866,,-3.3224391600636283,Pre-COVID
2018-02-05,10666.5498046875,34757.16015625,16.049999237060547,26098.447265625,12936.900390625,9069.5,27.184499740600586,64.13249969482422,0.0,0.0,0.0,0.0,6.0,-0.8740201113473289,-0.877862069830589,,-4.167420484964723,Pre-COVID
2018-02-06,10498.25,34195.94140625,20.020000457763672,25811.0,12562.349609375,8871.25,27.36549949645996,64.314697265625,0.0,0.0,0.0,0.0,6.0,-1.5778279553294694,-1.590408165467595,,-5.6794937148662905,Pre-COVID
2018-02-07,10476.7001953125,34082.7109375,19.469999313354492,25669.701171875,12450.0498046875,8935.7998046875,27.100500106811523,63.97999954223633,0.0,0.0,0.0,0.0,6.0,-0.20527044686019513,-0.20548141539544224,,-5.87310583959858,Pre-COVID
2018-02-08,10576.849609375,34413.16015625,17.770000457763672,25920.349609375,12588.349609375,9262.4501953125,26.78350067138672,64.19999694824219,0.0,0.0,0.0,0.0,6.0,0.9559251691416026,0.9513851145813865,,-4.973323167388022,Pre-COVID
2018-02-09,10454.9501953125,34005.76171875,19.229999542236328,25463.353515625,12492.7001953125,9222.5498046875,26.941499710083008,64.44049835205078,0.0,0.0,0.0,0.0,6.0,-1.1525115565078292,-1.1592044448500098,,-6.068516599649221,Pre-COVID
2018-02-12,10539.75,34300.46875,17.8799991607666,25701.30078125,12422.650390625,9339.9501953125,27.0,64.2113037109375,0.0,0.0,0.0,0.0,6.0,0.8110971654893273,0.8078254517088934,,-5.306641000286905,Pre-COVID
2018-02-13,,,,,,,,64.28350067138672,0.0,0.0,0.0,0.0,6.0,0.0,,0.7633360353732097,,Pre-COVID
2018-02-14,10500.900390625,34155.94921875,17.18000030517578,25340.955078125,12420.0,9249.2001953125,27.131000518798828,64.2500991821289,0.0,0.0,0.0,0.0,6.0,-0.3686008622120984,,0.7668649308883926,-5.655681538017443,Pre-COVID
2018-02-15,10545.5,34297.46875,16.31999969482422,25424.0546875,12456.5,9207.5,27.47249984741211,64.02519989013672,0.0,0.0,0.0,0.0,6.0,0.4247217640005241,0.42382236684079766,0.7632267182022243,-5.254980684411448,Pre-COVID
2018-02-16,10452.2998046875,34010.76171875,16.3799991607666,25163.607421875,12437.9501953125,9180.900390625,27.634000778198242,63.890899658203125,0.0,0.0,0.0,0.0,6.0,-0.883791146104973,-0.8877197442514924,0.7743313480357228,-6.092328776498068,Pre-COVID
2018-02-19,10378.400390625,33774.66015625,16.670000076293945,25058.259765625,12331.400390625,9027.900390625,27.568500518798828,64.37999725341797,0.0,0.0,0.0,0.0,6.0,-0.7070158285103822,-0.7095270288084443,0.773978595886962,-6.756270876233705,Pre-COVID
2018-02-20,10360.400390625,33703.58984375,16.8700008392334,24874.111328125,12372.0,9020.75,27.503000259399414,64.50499725341797,0.0,0.0,0.0,0.0,6.0,-0.1734371321447492,-0.1735877084674727,0.7732276185862974,-6.917990125930795,Pre-COVID
2018-02-21,10397.4501953125,33844.859375,15.920000076293945,24936.41015625,12660.0498046875,8843.400390625,27.31450080871582,64.86499786376953,0.0,0.0,0.0,0.0,6.0,0.3576097765586983,0.3569718731482044,0.7774263221592655,-6.58511975840379,Pre-COVID
2018-02-22,10382.7001953125,33819.5,14.829999923706055,24954.908203125,12730.25,8861.75,27.292499542236328,64.8949966430664,0.0,0.0,0.0,0.0,6.0,-0.1418617038112857,-0.1419624227920377,0.7760712416441061,-6.717639699127798,Pre-COVID
2018-02-23,10491.0498046875,34142.1484375,14.199999809265137,25302.205078125,12871.150390625,9095.400390625,27.315000534057617,64.95140075683594,0.0,0.0,0.0,0.0,6.0,1.0435590678416817,1.0381515779008084,0.8004631646483622,-5.7441831695112855,Pre-COVID
2018-02-26,10582.599609375,34445.75,13.699999809265137,25687.6015625,12713.150390625,9065.099609375,27.46150016784668,64.7030029296875,0.0,0.0,0.0,0.0,6.0,0.8726467454819975,0.8688611908417675,0.8106216904050011,-4.921662851512565,Pre-COVID
2018-02-27,10554.2998046875,34346.390625,13.920000076293945,25383.3046875,12746.7998046875,9023.4501953125,27.433500289916992,64.78040313720703,0.0,0.0,0.0,0.0,6.0,-0.26741826897078713,-0.2677764703635068,0.8092461409208844,-5.175919694881259,Pre-COVID
2018-02-28,10492.849609375,34184.0390625,13.8100004196167,25107.109375,12809.0,8960.25,27.302499771118164,64.91000366210938,0.0,0.0,0.0,0.0,6.0,-0.5822290104475547,-0.5839305714195007,0.7979904783970392,-5.728012999307741,Pre-COVID
2018-03-01,10458.349609375,34046.94140625,14.069999694824219,24902.26171875,12769.4501953125,8917.75,27.184999465942383,65.23999786376953,0.0,0.0,0.0,0.0,6.0,-0.32879533476946055,-0.3293370543887722,0.7962774777480625,-6.037974894560483,Pre-COVID
2018-03-02,,,,,,,,65.1500015258789,0.0,0.0,0.0,0.0,6.0,0.0,,0.7811914902007073,,Pre-COVID
2018-03-05,10358.849609375,33746.78125,15.399999618530273,24818.41015625,12857.650390625,8855.7998046875,27.399999618530273,65.18669891357422,0.0,0.0,0.0,0.0,6.0,-0.9513929416818057,,0.7803084671806293,-6.931922969274917,Pre-COVID
2018-03-06,10249.25,33317.19921875,16.25,24448.166015625,12706.099609375,8749.5498046875,27.298999786376953,65.00370025634766,0.0,0.0,0.0,0.0,6.0,-1.0580287725753812,-1.0636656924044892,0.7584522352824966,-7.916610002342617,Pre-COVID
2018-03-07,10154.2001953125,33033.08984375,15.699999809265137,24133.818359375,12677.150390625,8615.0,27.440500259399414,64.88999938964844,0.0,0.0,0.0,0.0,6.0,-0.9273830249774351,-0.9317099938461516,0.7661612450154113,-8.770575730004659,Pre-COVID
2018-03-08,10242.650390625,33351.5703125,14.59000015258789,24477.365234375,12682.400390625,8586.349609375,27.34749984741211,64.89119720458984,0.0,0.0,0.0,0.0,6.0,0.8710700361544088,0.8672981093711041,0.7947023527482242,-7.975903551032548,Pre-COVID
2018-03-09,10226.849609375,33307.140625,14.529999732971191,24296.166015625,12747.25,8515.7001953125,27.25200080871582,65.09040069580078,0.0,0.0,0.0,0.0,6.0,-0.1542645765246653,-0.15438368683495454,0.793490807564481,-8.117864133720198,Pre-COVID
2018-03-12,10421.400390625,33917.94140625,14.489999771118164,24663.912109375,12923.400390625,8600.7001953125,27.202499389648438,64.96489715576172,0.0,0.0,0.0,0.0,6.0,1.9023530088059015,1.8844845326350685,0.8753575819829651,-6.369941557512904,Pre-COVID
2018-03-13,10426.849609375,33856.78125,14.460000038146973,24738.36328125,12734.2001953125,8712.099609375,27.1560001373291,64.94550323486328,0.0,0.0,0.0,0.0,6.0,0.052288738036598836,0.052275072239545896,0.8712386630586482,-6.320983581530381,Pre-COVID
2018-03-14,10410.900390625,33835.73828125,14.359999656677246,24851.361328125,12786.9501953125,8701.5498046875,27.25950050354004,64.8281021118164,0.0,0.0,0.0,0.0,6.0,-0.1529629691374823,-0.15308007692338496,0.8712620826690418,-6.46427778650287,Pre-COVID
2018-03-15,10360.150390625,33685.5390625,14.329999923706055,24791.560546875,12762.2998046875,8670.5498046875,27.203500747680664,64.83679962158203,0.0,0.0,0.0,0.0,6.0,-0.4874698450260895,-0.48866185464449924,0.8727749159237618,-6.920236226621035,Pre-COVID
2018-03-16,10195.150390625,33176.0,15.220000267028809,24489.265625,12698.400390625,8546.7998046875,27.165000915527344,65.01439666748047,0.0,0.0,0.0,0.0,6.0,-1.592640973139836,-1.6054597867946299,0.8198311449903642,-8.402662682177631,Pre-COVID
2018-03-19,10094.25,32923.12109375,15.819999694824219,24244.818359375,12421.2998046875,8512.900390625,27.035499572753906,65.06500244140625,0.0,0.0,0.0,0.0,6.0,-0.9896900659531527,-0.9946200527824731,0.8234884345987665,-9.309192430289725,Pre-COVID
2018-03-20,10124.349609375,32996.76171875,15.609999656677246,24167.91796875,12609.099609375,8578.7001953125,27.158000946044922,65.21009826660156,0.0,0.0,0.0,0.0,6.0,0.2981856935879268,0.2977420018466655,0.7839929420652323,-9.038765416717487,Pre-COVID
2018-03-21,10155.25,33136.1796875,15.109999656677246,24255.318359375,12608.849609375,8525.4501953125,27.173999786376953,65.2323989868164,0.0,0.0,0.0,0.0,6.0,0.3052086486265315,0.3047438325629427,0.7875616340114213,-8.761143861871822,Pre-COVID
2018-03-22,10114.75,33006.26953125,15.25,24141.21875,12489.599609375,8474.0,27.35099983215332,65.06559753417969,0.0,0.0,0.0,0.0,6.0,-0.3988084980675044,-0.39960585982851976,0.7633464414202344,-9.125012173690262,Pre-COVID
2018-03-23,9998.0498046875,32596.5390625,15.550000190734863,23670.125,12541.099609375,8327.400390625,27.524999618530273,65.16000366210938,0.0,0.0,0.0,0.0,6.0,-1.1537625281148767,-1.1604700101594518,0.7634033525827528,-10.173493730659189,Pre-COVID
2018-03-26,10130.650390625,33066.41015625,15.199999809265137,24244.068359375,12462.400390625,8390.5,27.54400062561035,65.01499938964844,0.0,0.0,0.0,0.0,6.0,1.3262645068574441,1.317546616079525,0.7909720081821989,-8.982156660258845,Pre-COVID
2018-03-27,10184.150390625,33174.390625,15.550000190734863,24433.8671875,12518.2001953125,8452.5,27.590499877929688,64.69499969482422,0.0,0.0,0.0,0.0,6.0,0.5281003483202706,0.5267107884641591,0.7997662382956023,-8.501491112548065,Pre-COVID
2018-03-28,10113.7001953125,32968.6796875,15.760000228881836,24263.068359375,12511.5498046875,8358.0498046875,27.45800018310547,64.89550018310547,0.0,0.0,0.0,0.0,6.0,-0.6917631084606968,-0.694166881475983,0.8055077418629737,-9.134444041823098,Pre-COVID
2018-03-29,,,,,,,,65.14920043945312,0.0,0.0,0.0,0.0,6.0,0.0,,0.7992752163858208,,Pre-COVID
2018-03-30,,,,,,,,65.02999877929688,0.0,0.0,0.0,0.0,6.0,0.0,,0.7869621498280741,,Pre-COVID
2018-04-02,10211.7998046875,33255.359375,15.350000381469727,24328.216796875,12707.099609375,8620.849609375,27.452499389648438,65.10549926757812,0.0,0.0,0.0,0.0,6.0,0.9699675438319622,,0.8022626650139155,-8.253077640506323,Pre-COVID
2018-04-03,10245.0,33370.62890625,15.1899995803833,24510.314453125,12615.4501953125,8664.7001953125,27.51449966430664,65.13999938964844,0.0,0.0,0.0,0.0,6.0,0.32511600254110373,0.32458864317621045,0.8047948054023498,-7.954793714076647,Pre-COVID
2018-04-04,10128.400390625,33019.0703125,16.34000015258789,24129.21875,12490.849609375,8569.5,27.722000122070312,64.90499877929688,0.0,0.0,0.0,0.0,6.0,-1.138112341386044,-1.1446384030859533,0.8257425143130369,-9.002371566470979,Pre-COVID
2018-04-05,10325.150390625,33596.80078125,14.800000190734863,24759.513671875,12682.5498046875,8655.650390625,27.331499099731445,64.99500274658203,0.0,0.0,0.0,0.0,6.0,1.9425574859986305,1.9239306758980577,0.9046371762702594,-7.234690323254245,Pre-COVID
2018-04-06,10331.599609375,33626.96875,14.75,24872.861328125,12603.349609375,8772.400390625,27.23150062561035,64.86150360107422,0.0,0.0,0.0,0.0,6.0,0.06246125727966678,0.06244175835545499,0.8825292000905307,-7.176747944510787,Pre-COVID
2018-04-09,10379.349609375,33788.5390625,14.869999885559082,25093.509765625,12531.2001953125,8738.150390625,27.375499725341797,64.90450286865234,0.0,0.0,0.0,0.0,6.0,0.4621743176794313,0.4611095715747583,0.8708801595062736,-6.747742712675464,Pre-COVID
2018-04-10,10402.25,33880.25,14.5,25226.5078125,12576.5498046875,8719.599609375,27.527999877929688,64.87000274658203,0.0,0.0,0.0,0.0,6.0,0.2206341580816895,0.22039111834326383,0.8714488809601286,-6.5419963799174035,Pre-COVID
2018-04-11,10417.150390625,33940.44140625,14.720000267028809,25097.958984375,12759.099609375,8761.7998046875,27.765499114990234,64.92530059814453,0.0,0.0,0.0,0.0,6.0,0.14324199692374862,0.1431395034394698,0.8660673861274941,-6.408125269246934,Pre-COVID
2018-04-12,10458.650390625,34101.12890625,14.5600004196167,25194.806640625,13168.2001953125,8685.0498046875,27.858999252319336,65.19000244140625,0.0,0.0,0.0,0.0,6.0,0.3983815001590951,0.39759006232568583,0.8673169124122753,-6.035272554667548,Pre-COVID
2018-04-13,10480.599609375,34192.6484375,14.140000343322754,25200.306640625,13260.4501953125,8730.599609375,27.70050048828125,65.27570343017578,0.0,0.0,0.0,0.0,6.0,0.2098666456015641,0.20964673318500843,0.868131820602643,-5.838071933129374,Pre-COVID
2018-04-16,10528.349609375,34305.4296875,14.260000228881836,25320.5546875,13203.099609375,8867.2001953125,27.977500915527344,65.19560241699219,0.0,0.0,0.0,0.0,6.0,0.4556037037927396,0.45456897177942124,0.85222236494193,-5.409066701294051,Pre-COVID
2018-04-17,10548.7001953125,34395.05859375,14.039999961853027,25334.154296875,13162.2998046875,8827.75,28.016000747680664,65.4292984008789,0.0,0.0,0.0,0.0,6.0,0.1932932196645476,0.19310664870136762,0.825952913160447,-5.2262288408102435,Pre-COVID
2018-04-18,10526.2001953125,34331.6796875,14.109999656677246,25102.009765625,13124.0,8790.0,28.170499801635742,65.67500305175781,0.0,0.0,0.0,0.0,6.0,-0.2132964212026689,-0.21352422200410556,0.8053773163912334,-5.428377902931603,Pre-COVID
2018-04-19,10565.2998046875,34427.2890625,13.75,25125.857421875,13273.4501953125,8829.75,28.106000900268555,66.01000213623047,0.0,0.0,0.0,0.0,6.0,0.37145036812440413,0.37076219486611,0.7944696197640879,-5.077091264510825,Pre-COVID
2018-04-20,10564.0498046875,34415.578125,12.9399995803833,24943.560546875,13910.349609375,8819.7998046875,28.047000885009766,66.11479949951172,0.0,0.0,0.0,0.0,6.0,-0.011831183431687542,-0.011831883371402492,0.7932823799386209,-5.088321767962,Pre-COVID
2018-04-23,10584.7001953125,34450.76953125,13.149999618530273,24960.359375,14013.9501953125,8949.900390625,28.01300048828125,66.1968994140625,0.0,0.0,0.0,0.0,6.0,0.19547797489403163,0.195287165320684,0.7180304239296323,-4.9027903414160745,Pre-COVID
2018-04-24,10614.349609375,34616.640625,11.899999618530273,25041.80859375,13734.7998046875,8984.150390625,27.906999588012695,66.54499816894531,0.0,0.0,0.0,0.0,6.0,0.28011576629851653,0.2797241731914462,0.7192119088518397,-4.636408063852427,Pre-COVID
2018-04-25,10570.5498046875,34501.26953125,12.399999618530273,24814.111328125,13892.400390625,8901.150390625,28.029499053955078,66.41410064697266,0.0,0.0,0.0,0.0,6.0,-0.41264708907660097,-0.4135008266019891,0.7234377108004498,-5.029923150015836,Pre-COVID
2018-04-26,10617.7998046875,34713.6015625,12.039999961853027,25010.609375,14026.650390625,8896.599609375,27.95549964904785,66.90769958496094,0.0,0.0,0.0,0.0,6.0,0.44699661676110836,0.4460005540255803,0.7194589995021161,-4.605410119560993,Pre-COVID
2018-04-27,10692.2998046875,34969.69921875,12.020000457763672,25394.3046875,13794.900390625,8987.400390625,27.900999069213867,66.9000015258789,0.0,0.0,0.0,0.0,6.0,0.7016519558704637,0.6992018327494463,0.6540064082980949,-3.9360721138702814,Pre-COVID
2018-04-30,10739.349609375,35160.359375,12.359999656677246,25531.302734375,13986.25,9060.7001953125,27.749000549316406,66.61000061035156,0.0,0.0,0.0,0.0,6.0,0.4400344691688707,0.4390691482923282,0.618394583150202,-3.5133577187338005,Pre-COVID
2018-05-01,,,,,,,,66.44999694824219,0.0,0.0,0.0,0.0,6.0,0.0,,0.6192999364560804,,Pre-COVID
2018-05-02,10718.0498046875,35176.421875,12.84000015258789,25568.00390625,13754.2998046875,8961.0498046875,27.704500198364258,66.7886962890625,0.0,0.0,0.0,0.0,6.0,-0.19833421447520427,,0.6231231713459002,-3.7047237427758506,Pre-COVID
2018-05-03,10679.650390625,35103.140625,12.989999771118164,25604.953125,13473.9501953125,8966.2998046875,27.667499542236328,67.08000183105469,0.0,0.0,0.0,0.0,6.0,-0.3582686660562606,-0.3589119852419833,0.6218632461807845,-4.0497195444977985,Pre-COVID
2018-05-04,10618.25,34915.37890625,13.25,25645.1015625,13453.2998046875,8817.4501953125,27.749500274658203,66.66000366210938,0.0,0.0,0.0,0.0,6.0,-0.5749288448515077,-0.5765879228025448,0.586951487742105,-4.601365383552403,Pre-COVID
2018-05-07,10715.5,35208.140625,13.760000228881836,25851.75,13424.900390625,8774.400390625,27.91200065612793,66.81050109863281,0.0,0.0,0.0,0.0,6.0,0.915875968262192,0.9117072584576635,0.5641983142829848,-3.727632215050103,Pre-COVID
2018-05-08,10717.7998046875,35216.3203125,14.0600004196167,26090.197265625,13379.650390625,8753.25,27.78849983215332,67.1187973022461,0.0,0.0,0.0,0.0,6.0,0.021462411343375898,0.02146010849736417,0.5612666516698506,-3.706969843466079,Pre-COVID
2018-05-09,10741.7001953125,35319.3515625,14.270000457763672,26154.14453125,13453.400390625,8704.099609375,27.844999313354492,67.1624984741211,0.0,0.0,0.0,0.0,6.0,0.22299717349214543,0.2227489038162844,0.5370539169920661,-3.4922391079470705,Pre-COVID
2018-05-10,10716.5498046875,35246.26953125,14.430000305175781,26130.6953125,13427.2998046875,8544.9501953125,28.13599967956543,67.62000274658203,0.0,0.0,0.0,0.0,6.0,-0.23413789407356056,-0.2344124254457977,0.5417771426066311,-3.7182003469172664,Pre-COVID
2018-05-11,10806.5,35535.7890625,13.979999542236328,26412.84375,13478.599609375,8445.7001953125,28.16950035095215,67.38999938964844,0.0,0.0,0.0,0.0,6.0,0.839357787271755,0.8358547680564028,0.5529395447389334,-2.9100515638037394,Pre-COVID
2018-05-14,10806.599609375,35556.7109375,14.25,26474.841796875,13446.150390625,8462.0498046875,28.17300033569336,67.3822021484375,0.0,0.0,0.0,0.0,6.0,0.0009217542682682378,0.0009217500201396874,0.5358122820461508,-2.9091566330599727,Pre-COVID
2018-05-15,10801.849609375,35543.94140625,13.170000076293945,26473.69140625,13504.9501953125,8401.150390625,28.070499420166016,67.6780014038086,0.0,0.0,0.0,0.0,6.0,-0.04395462191344457,-0.04396428478900636,0.5368454130679629,-2.951832546174482,Pre-COVID
2018-05-16,10741.099609375,35387.87890625,13.4399995803833,26181.845703125,13525.599609375,8399.099609375,27.66900062561035,68.45999908447266,0.0,0.0,0.0,0.0,6.0,-0.5624036826737067,-0.5639911268794516,0.4969882214298474,-3.497635013902134,Pre-COVID
2018-05-17,10682.7001953125,35149.12109375,13.40999984741211,26073.498046875,13504.75,8403.0,27.56100082397461,68.05999755859375,0.0,0.0,0.0,0.0,6.0,-0.5437005165795927,-0.5451839472282671,0.3921350252040707,-4.022318870843067,Pre-COVID
2018-05-18,10596.400390625,34848.30078125,14.149999618530273,25875.298828125,13459.150390625,8211.849609375,27.70400047302246,68.13999938964844,0.0,0.0,0.0,0.0,6.0,-0.8078463600931896,-0.8111271197454395,0.42676473464911363,-4.79767107434681,Pre-COVID
2018-05-21,10516.7001953125,34616.12890625,14.40999984741211,25750.501953125,13483.849609375,7983.2001953125,27.61199951171875,67.9749984741211,0.0,0.0,0.0,0.0,6.0,-0.7521440524559053,-0.7549869197766206,0.44689643551869457,-5.513729729160621,Pre-COVID
2018-05-22,10536.7001953125,34651.23828125,13.600000381469727,25777.400390625,13484.5498046875,8118.89990234375,27.77400016784668,68.4000015258789,0.0,0.0,0.0,0.0,6.0,0.19017372016476575,0.18999311888009693,0.44651759719646916,-5.334041673941636,Pre-COVID
2018-05-23,10430.349609375,34344.91015625,14.15999984741211,25684.650390625,13464.349609375,8069.7001953125,27.882999420166016,68.43000030517578,0.0,0.0,0.0,0.0,6.0,-1.0093348388598211,-1.014463160082004,0.4855440874658669,-6.2895381718670595,Pre-COVID
2018-05-24,10513.849609375,34663.109375,13.149999618530273,26016.498046875,13775.7001953125,8207.0,27.908000946044922,68.6500015258789,0.0,0.0,0.0,0.0,6.0,0.8005484296034426,0.7973610404251362,0.502040847160165,-5.5393405413278085,Pre-COVID
2018-05-25,10605.150390625,34924.87109375,12.649999618530273,26273.24609375,13762.349609375,8297.25,27.80900001525879,68.26010131835938,0.0,0.0,0.0,0.0,6.0,0.8683858400313049,0.8646370571623485,0.5245748358216901,-4.71905755018851,Pre-COVID
2018-05-28,10688.650390625,35165.48046875,13.0600004196167,26613.94140625,13497.7001953125,8498.2001953125,27.621000289916992,67.7217025756836,0.0,0.0,0.0,0.0,6.0,0.7873532851907061,0.784269833741265,0.5369726754578389,-3.968859919649259,Pre-COVID
2018-05-29,10633.2998046875,34949.23828125,13.069999694824219,26254.49609375,13561.0498046875,8410.4501953125,27.909500122070312,67.40280151367188,0.0,0.0,0.0,0.0,6.0,-0.5178444790938985,-0.5191899405584954,0.5461284602752182,-4.466151876766277,Pre-COVID
2018-05-30,10614.349609375,34906.109375,13.40999984741211,26327.494140625,13557.7001953125,8321.099609375,27.743499755859375,68.12999725341797,0.0,0.0,0.0,0.0,6.0,-0.17821556488181178,-0.17837455774774605,0.5456311577726564,-4.636408063852427,Pre-COVID
2018-05-31,10736.150390625,35322.37890625,13.220000267028809,26955.88671875,13666.0,8220.25,27.781999588012695,67.43000030517578,0.0,0.0,0.0,0.0,6.0,1.1475105468772284,1.1409765823805855,0.579745255806825,-3.5421007885041766,Pre-COVID
2018-06-01,10696.2001953125,35227.26171875,13.569999694824219,26692.490234375,13558.5498046875,8213.2001953125,27.64550018310547,67.43499755859375,0.0,0.0,0.0,0.0,6.0,-0.37210912532843476,-0.3728031736138272,0.5848884359629003,-3.9010294335702578,Pre-COVID
2018-06-04,10628.5,35011.890625,13.880000114440918,26257.24609375,13595.099609375,8205.7998046875,27.52750015258789,66.92500305175781,0.0,0.0,0.0,0.0,6.0,-0.6329368754912523,-0.634948413268003,0.5968789732421801,-4.5092752552526765,Pre-COVID
2018-06-05,10593.150390625,34903.2109375,13.319999694824219,26250.6953125,13408.900390625,8117.75,27.428499221801758,67.05999755859375,0.0,0.0,0.0,0.0,6.0,-0.3325926459519235,-0.33314696471618543,0.597993392244773,-4.826870383319893,Pre-COVID
2018-06-06,10684.650390625,35178.87890625,12.550000190734863,26367.29296875,13528.7998046875,8233.650390625,27.437000274658203,67.08999633789062,0.0,0.0,0.0,0.0,6.25,0.86376570355291,0.860056590990892,0.6131995707899567,-4.0047975306930494,Pre-COVID
2018-06-07,10768.349609375,35463.078125,12.779999732971191,26517.4921875,13683.75,8252.150390625,27.541000366210938,66.8301010131836,0.0,0.0,0.0,0.0,6.25,0.7833594520176401,0.7803071219768875,0.6239244975638606,-3.252810038666276,Pre-COVID
2018-06-08,10767.650390625,35443.671875,12.699999809265137,26451.04296875,13769.7998046875,8603.9501953125,27.719499588012695,67.41000366210938,0.0,0.0,0.0,0.0,6.25,-0.006493276828523076,-0.00649348765086917,0.6116492148421535,-3.2590921015342778,Pre-COVID
2018-06-11,10786.9501953125,35483.46875,13.180000305175781,26453.244140625,13775.099609375,8647.150390625,27.56999969482422,67.51000213623047,0.0,0.0,0.0,0.0,6.25,0.17923877528847054,0.17907833428202438,0.6073887004055173,-3.085694883014123,Pre-COVID
2018-06-12,10842.849609375,35692.51953125,12.729999542236328,26606.791015625,13859.849609375,8870.4501953125,27.537500381469727,67.48999786376953,0.0,0.0,0.0,0.0,6.25,0.5182133323169635,0.5168752278609609,0.6142328582766357,-2.5834720329755645,Pre-COVID
2018-06-13,10856.7001953125,35739.16015625,12.640000343322754,26642.490234375,14034.150390625,8948.9501953125,27.58300018310547,67.91000366210938,0.0,0.0,0.0,0.0,6.25,0.12773935299743577,0.1276578356983104,0.6128670348220427,-2.4590327904379317,Pre-COVID
2018-06-14,10808.0498046875,35599.8203125,12.100000381469727,26561.94140625,13825.400390625,9112.4501953125,27.72599983215332,67.77999877929688,0.0,0.0,0.0,0.0,6.25,-0.44811397339686865,-0.4491210136474933,0.615119299491637,-2.8961274942904347,Pre-COVID
2018-06-15,10817.7001953125,35622.140625,12.069999694824219,26417.09375,14121.5,9316.25,27.749500274658203,68.12999725341797,0.0,0.0,0.0,0.0,6.25,0.0892889170515776,0.08924907821071906,0.6040137588465975,-2.809424498114943,Pre-COVID
2018-06-18,10799.849609375,35548.26171875,12.380000114440918,26408.994140625,14024.2001953125,9319.2998046875,27.45199966430664,68.05000305175781,0.0,0.0,0.0,0.0,6.25,-0.165012762557748,-0.16514905857463397,0.5833183930873596,-2.9698013516963773,Pre-COVID
2018-06-19,10710.4501953125,35286.73828125,12.920000076293945,26265.4453125,13849.4501953125,9253.9501953125,27.550500869750977,68.01000213623047,0.0,0.0,0.0,0.0,6.25,-0.8277838793689818,-0.831229035595547,0.603880079827125,-3.7730016942267297,Pre-COVID
2018-06-20,10772.0498046875,35547.328125,12.170000076293945,26557.390625,13810.900390625,9291.349609375,27.40250015258789,68.05000305175781,0.0,0.0,0.0,0.0,6.25,0.5751355755517995,0.5734879851344152,0.6117457610499909,-3.219565993684592,Pre-COVID
2018-06-21,10741.099609375,35432.390625,12.449999809265137,26496.640625,13771.7001953125,9198.7998046875,27.225000381469727,68.3499984741211,0.0,0.0,0.0,0.0,6.25,-0.28731945983977436,-0.2877330145384961,0.6125577699099121,-3.497635013902134,Pre-COVID
2018-06-22,10821.849609375,35689.6015625,12.020000457763672,26766.5390625,13777.099609375,9360.900390625,27.229999542236328,67.83000183105469,0.0,0.0,0.0,0.0,6.25,0.7517852262492797,0.7489734048953369,0.608662774327397,-2.772144490955497,Pre-COVID
2018-06-25,10762.4501953125,35470.3515625,12.579999923706055,26609.390625,13865.2001953125,9286.7998046875,27.339000701904297,67.85489654541016,0.0,0.0,0.0,0.0,6.25,-0.5488841206131911,-0.5503960244404886,0.6170566256513126,-3.3058127506573776,Pre-COVID
2018-06-26,10769.150390625,35490.0390625,12.800000190734863,26601.390625,13943.5,9247.75,27.155000686645508,68.33999633789062,0.0,0.0,0.0,0.0,6.25,0.06225529680423669,0.06223592623338975,0.61717049306069,-3.245615497392851,Pre-COVID
2018-06-27,10671.400390625,35217.109375,13.510000228881836,26423.09375,14018.400390625,9263.4501953125,27.31450080871582,68.36499786376953,0.0,0.0,0.0,0.0,6.25,-0.9076853461448153,-0.9118299083682797,0.6309269498637508,-4.12384086727563,Pre-COVID
2018-06-28,10589.099609375,35037.640625,13.949999809265137,26324.29296875,13873.7998046875,9149.400390625,27.257999420166016,69.23999786376953,0.0,0.0,0.0,0.0,6.25,-0.7712275637441368,-0.7742169031781291,0.6387610002087442,-4.8632642335664,Pre-COVID
2018-06-29,10714.2998046875,35423.48046875,12.9399995803833,26363.892578125,13989.5,9173.150390625,27.13050079345703,68.79669952392578,0.0,0.0,0.0,0.0,6.25,1.1823497741172861,1.1754146307527904,0.657966068174957,-3.7384152531294013,Pre-COVID
2018-07-02,10657.2998046875,35264.41015625,13.369999885559082,26229.99609375,14072.2998046875,9133.900390625,27.144500732421875,68.43499755859375,0.0,0.0,0.0,0.0,6.25,-0.5319993003655044,-0.5334194556937323,0.650018185952031,-4.250526210503502,Pre-COVID
2018-07-03,10699.900390625,35378.6015625,13.0,26203.794921875,14222.5498046875,9325.2998046875,27.201000213623047,68.6948013305664,0.0,0.0,0.0,0.0,6.25,0.39973151471972557,0.3989347109783859,0.6527376911129255,-3.867785388588585,Pre-COVID
2018-07-04,10769.900390625,35645.3984375,12.65999984741211,26433.642578125,14126.150390625,9399.599609375,27.25200080871582,68.83000183105469,0.0,0.0,0.0,0.0,6.25,0.6542116977213297,0.6520810207044188,0.6296022878154621,-3.238877195322143,Pre-COVID
2018-07-05,10749.75,35574.55078125,12.579999923706055,26502.9921875,13970.5,9274.25,27.256000518798828,68.9800033569336,0.0,0.0,0.0,0.0,6.25,-0.18709913642785958,-0.18727438548922296,0.6178943405663507,-3.419916420487601,Pre-COVID
2018-07-06,10772.650390625,35657.859375,12.4399995803833,26493.541015625,14015.9501953125,9189.900390625,27.326499938964844,69.06999969482422,0.0,0.0,0.0,0.0,6.25,0.21303184376380013,0.2128052526818883,0.6002406707915753,-3.21417008772954,Pre-COVID
2018-07-09,10852.900390625,35934.71875,12.390000343322754,26752.990234375,14108.849609375,9307.599609375,27.35650062561035,68.75499725341797,0.0,0.0,0.0,0.0,6.25,0.7449420253147654,0.7421810355794803,0.5985012870050366,-2.493171766163371,Pre-COVID
2018-07-10,10947.25,36239.62109375,12.399999618530273,26894.23828125,14222.75,9276.099609375,27.23699951171875,68.65979766845703,0.0,0.0,0.0,0.0,6.25,0.8693492612951825,0.8655921796766377,0.6064455222528156,-1.6454968752001475,Pre-COVID
2018-07-11,10948.2998046875,36265.9296875,12.779999732971191,26815.88671875,14536.4501953125,9228.7001953125,27.211999893188477,68.9000015258789,0.0,0.0,0.0,0.0,6.25,0.009589665783638068,0.009589206004582808,0.6044532636376438,-1.6360650070673222,Pre-COVID
2018-07-12,11023.2001953125,36548.41015625,12.510000228881836,27026.236328125,14515.650390625,9244.099609375,26.957500457763672,68.72000122070312,0.0,0.0,0.0,0.0,6.25,0.6841280560560881,0.6817985187144955,0.5824153490076979,-0.9631297307399089,Pre-COVID
2018-07-13,11018.900390625,36541.62890625,12.300000190734863,26935.63671875,14534.900390625,9164.0,26.863500595092773,68.54000091552734,0.0,0.0,0.0,0.0,6.25,-0.03900686380828855,-0.039014473464332455,0.5764537337936773,-1.0017609078458278,Pre-COVID
2018-07-16,10936.849609375,36323.76953125,12.949999809265137,26679.490234375,14617.0498046875,8786.400390625,27.00149917602539,68.48670196533203,0.0,0.0,0.0,0.0,6.25,-0.744636745421623,-0.7474230051277427,0.5816928539104234,-1.7389381734463472,Pre-COVID
2018-07-17,11008.0498046875,36519.9609375,12.829999923706055,27007.78515625,14618.25,8926.099609375,26.865999221801758,68.72000122070312,0.0,0.0,0.0,0.0,6.25,0.6510119262449043,0.6489019959189796,0.5843577005956831,-1.099246942100618,Pre-COVID
2018-07-18,10980.4501953125,36373.44140625,13.680000305175781,26880.587890625,14631.7001953125,8885.650390625,26.56800079345703,68.35600280761719,0.0,0.0,0.0,0.0,6.25,-0.2507220612614547,-0.251036895370613,0.5713692667787661,-1.347212948770482,Pre-COVID
2018-07-19,10957.099609375,36351.23046875,13.59000015258789,26789.33984375,14489.849609375,8749.900390625,26.602500915527344,68.6155014038086,0.0,0.0,0.0,0.0,6.25,-0.21265599790679657,-0.21288243184788302,0.558646089840095,-1.5570040175371336,Pre-COVID
2018-07-20,11010.2001953125,36496.37109375,13.539999961853027,26872.88671875,14701.400390625,8895.25,26.642000198364258,68.93509674072266,0.0,0.0,0.0,0.0,6.25,0.484622644956767,0.48345212961502687,0.563819062362677,-1.0799269666322386,Pre-COVID
2018-07-23,11084.75,36718.6015625,13.010000228881836,27007.8359375,14683.2001953125,8937.400390625,26.827999114990234,68.7332992553711,0.0,0.0,0.0,0.0,6.25,0.6770976309698584,0.6748156201300246,0.5741995150431742,-0.4101414955696492,Pre-COVID
2018-07-24,11134.2998046875,36825.1015625,12.470000267028809,26974.0859375,14663.900390625,9049.0498046875,26.73150062561035,69.19999694824219,0.0,0.0,0.0,0.0,6.25,0.447008770495505,0.44601265367422166,0.5725234640530484,0.0,Pre-COVID
2018-07-25,11132.0,36858.23046875,12.210000038146973,27030.986328125,14575.349609375,8969.25,26.750999450683594,68.80999755859375,0.0,0.0,0.0,0.0,6.25,-0.02065513528324292,-0.020657268750096134,0.5728274656827643,-0.02065513528324292,Pre-COVID
2018-07-26,11167.2998046875,36984.640625,12.029999732971191,27406.08203125,14468.099609375,8994.650390625,26.666000366210938,68.83999633789062,0.0,0.0,0.0,0.0,6.25,0.3171020902578148,0.31660038191820944,0.5652527831737393,0.0,Pre-COVID
2018-07-27,11278.349609375,37336.8515625,12.3100004196167,27634.080078125,14517.900390625,9039.0,26.54050064086914,68.73999786376953,0.0,0.0,0.0,0.0,6.25,0.9944194803553685,0.989507665693427,0.5877833098636946,0.0,Pre-COVID
2018-07-30,11319.5498046875,37494.3984375,12.59000015258789,27842.275390625,14420.5498046875,9115.5498046875,26.603500366210938,68.61499786376953,0.0,0.0,0.0,0.0,6.25,0.3653034064332594,0.36463779405013436,0.5862424344894657,0.0,Pre-COVID
2018-07-31,11356.5,37606.578125,12.479999542236328,27763.828125,14587.7998046875,9179.400390625,26.503999710083008,68.68499755859375,0.0,0.0,0.0,0.0,6.25,0.3264281349528497,0.32589651490718063,0.5564011758005388,0.0,Pre-COVID
2018-08-01,11346.2001953125,37521.62109375,12.529999732971191,27596.279296875,14679.349609375,9301.7001953125,26.520999908447266,68.4968032836914,0.0,0.0,0.0,0.0,6.5,-0.09069523785937283,-0.09073639087465626,0.5540690901931226,-0.09069523785937283,Pre-COVID
2018-08-02,11244.7001953125,37165.16015625,12.5600004196167,27355.630859375,14552.599609375,9424.650390625,26.44849967956543,68.30709838867188,0.0,0.0,0.0,0.0,6.5,-0.8945726168478219,-0.8985979419681003,0.5819232633819265,-0.984456519944521,Pre-COVID
2018-08-03,11360.7998046875,37556.16015625,12.079999923706055,27695.177734375,14649.099609375,9500.75,26.340999603271484,68.6155014038086,0.0,0.0,0.0,0.0,6.5,1.0324829240302646,1.0271892255968624,0.5939898024274544,0.0,Pre-COVID
2018-08-06,11387.099609375,37691.890625,12.5600004196167,27898.17578125,14605.5498046875,9408.599609375,26.359500885009766,68.50499725341797,0.0,0.0,0.0,0.0,6.5,0.23149606664707445,0.23122852731850252,0.5785890453721496,0.0,Pre-COVID
2018-08-07,11389.4501953125,37665.80078125,12.579999923706055,27875.576171875,14613.75,9371.0498046875,26.38450050354004,68.80999755859375,0.0,0.0,0.0,0.0,6.5,0.020642534254866618,0.020640403976921497,0.5789552585713845,0.0,Pre-COVID
2018-08-08,11450.0,37887.55859375,12.539999961853027,28062.123046875,14608.2001953125,9307.25,26.344499588012695,68.59600067138672,0.0,0.0,0.0,0.0,6.5,0.5316306199962151,0.5302224530419491,0.5435402816614098,0.0,Pre-COVID
2018-08-09,11470.7001953125,38024.37109375,12.680000305175781,28319.669921875,14603.349609375,9249.9501953125,26.331499099731445,68.45500183105469,0.0,0.0,0.0,0.0,6.5,0.1807877319869089,0.18062450766348273,0.5093989122995536,0.0,Pre-COVID
2018-08-10,11429.5,37869.23046875,12.850000381469727,28123.923828125,14679.2998046875,9138.25,26.37299919128418,69.0999984741211,0.0,0.0,0.0,0.0,6.5,-0.3591776841080363,-0.3598242758917501,0.4914364456584779,-0.3591776841080363,Pre-COVID
2018-08-13,11355.75,37644.8984375,13.399999618530273,27794.078125,14880.25,9186.599609375,26.56399917602539,69.08499908447266,0.0,0.0,0.0,0.0,6.5,-0.6452600726191027,-0.6473508743511776,0.497781342007829,-1.002120126541839,Pre-COVID
2018-08-14,11435.099609375,37852.0,13.279999732971191,28021.373046875,15009.25,9481.150390625,26.440000534057617,69.9490966796875,0.0,0.0,0.0,0.0,6.5,0.6987615029830696,0.696331478277028,0.504596319445569,-0.31036105321667895,Pre-COVID
2018-08-15,,,,,,,,69.94999694824219,0.0,0.0,0.0,0.0,6.5,0.0,,0.49942746718004916,,Pre-COVID
2018-08-16,11385.0498046875,37663.55859375,13.649999618530273,27826.2265625,15044.349609375,9595.349609375,26.288999557495117,70.66000366210938,0.0,0.0,0.0,0.0,6.5,-0.4376857779749166,,0.5081644103647376,-0.7466884250012962,Pre-COVID
2018-08-17,11470.75,37947.87890625,13.15999984741211,28128.224609375,15126.400390625,9693.849609375,26.21150016784668,70.00499725341797,0.0,0.0,0.0,0.0,6.5,0.7527432622843166,0.7499242877784468,0.5183558506382665,0.0,Pre-COVID
2018-08-20,11551.75,38278.75,13.029999732971191,28273.921875,14996.099609375,9799.150390625,26.21649932861328,69.78500366210938,0.0,0.0,0.0,0.0,6.5,0.7061438877143944,0.7036623669863274,0.5170239698493818,0.0,Pre-COVID
2018-08-21,11570.900390625,38285.75,12.899999618530273,28257.572265625,15134.650390625,9950.5,26.38249969482422,69.73999786376953,0.0,0.0,0.0,0.0,6.5,0.165779129785526,0.1656418678663017,0.5017947732770339,0.0,Pre-COVID
2018-08-22,,,,,,,,69.80999755859375,0.0,0.0,0.0,0.0,6.5,0.0,,0.501914112672971,,Pre-COVID
2018-08-23,11582.75,38336.76171875,12.760000228881836,28027.57421875,15321.9501953125,10076.7998046875,26.35099983215332,69.79000091552734,0.0,0.0,0.0,0.0,6.5,0.10240870610727093,,0.4931566697823627,0.0,Pre-COVID
2018-08-24,11557.099609375,38251.80078125,12.40999984741211,27834.375,15260.0498046875,10061.099609375,26.420000076293945,70.2750015258789,0.0,0.0,0.0,0.0,6.5,-0.22145337355118366,-0.22169894415104055,0.4968874035139691,-0.22145337355118366,Pre-COVID
2018-08-27,11691.9501953125,38694.109375,12.239999771118164,28263.87109375,15514.9501953125,10094.2001953125,26.688499450683594,69.76499938964844,0.0,0.0,0.0,0.0,6.5,1.1668203138797129,1.1600654595540068,0.4993955467555239,0.0,Pre-COVID
2018-08-28,11738.5,38896.62890625,12.430000305175781,28269.322265625,15583.0498046875,10050.099609375,26.940500259399414,69.94499969482422,0.0,0.0,0.0,0.0,6.5,0.39813550271674547,0.39734504070277965,0.49404490701613946,0.0,Pre-COVID
2018-08-29,11691.900390625,38722.9296875,12.4399995803833,28223.771484375,15524.9501953125,10008.900390625,26.903499603271484,70.54000091552734,0.0,0.0,0.0,0.0,6.5,-0.39698095476423667,-0.39777101577748375,0.4994965213117251,-0.39698095476423667,Pre-COVID
2018-08-30,11676.7998046875,38690.1015625,12.40999984741211,28102.923828125,15529.849609375,10120.5498046875,26.983999252319336,70.91000366210938,0.0,0.0,0.0,0.0,6.5,-0.12915424723947133,-0.12923772322029556,0.4972838797577628,-0.525622484239896,Pre-COVID
2018-08-31,11680.5,38645.0703125,12.600000381469727,28061.423828125,15811.400390625,10390.9501953125,27.047500610351562,71.40499877929688,0.0,0.0,0.0,0.0,6.5,0.031688436681198695,0.03168341695652239,0.49564069697088636,-0.49410060910678455,Pre-COVID
2018-09-03,11582.349609375,38312.51953125,13.390000343322754,27819.17578125,15724.7001953125,10359.900390625,26.88249969482422,70.99500274658203,0.0,0.0,0.0,0.0,6.5,-0.840292715423141,-0.8438430776075216,0.5218348583407011,-1.3302414331047396,Pre-COVID
2018-09-04,11520.2998046875,38157.921875,13.779999732971191,27430.431640625,16048.7001953125,10205.5498046875,26.93400001525879,71.06999969482422,0.0,0.0,0.0,0.0,6.5,-0.535727264157837,-0.5371674285373426,0.5331273619270127,-1.8588422312263098,Pre-COVID
2018-09-05,11476.9501953125,38018.30859375,13.649999618530273,27375.732421875,16039.900390625,10303.400390625,26.988500595092773,71.75,0.0,0.0,0.0,0.0,6.5,-0.37628889968090995,-0.3769986473883496,0.5401561677260025,-2.2281365139285247,Pre-COVID
2018-09-06,11536.900390625,38242.80859375,13.720000267028809,27468.380859375,16081.650390625,10583.150390625,27.24449920654297,71.88999938964844,0.0,0.0,0.0,0.0,6.5,0.5223530144531363,0.5209934834070753,0.5442435373197988,-1.7174222377220216,Pre-COVID
2018-09-07,11589.099609375,38389.8203125,13.890000343322754,27481.12890625,16104.7998046875,10661.25,27.09149932861328,71.93890380859375,0.0,0.0,0.0,0.0,6.5,0.45245444601755835,0.4514339479237918,0.5224327297241527,-1.2727383449759322,Pre-COVID
2018-09-10,11438.099609375,37922.171875,15.199999809265137,27201.43359375,16105.2998046875,10446.5,27.183000564575195,72.09500122070312,0.0,0.0,0.0,0.0,6.5,-1.3029485041085365,-1.3115113390097495,0.5781487640507286,-2.559103723857392,Pre-COVID
2018-09-11,11287.5,37413.12890625,15.329999923706055,26807.1875,15993.2001953125,10279.0498046875,27.297500610351562,72.44499969482422,0.0,0.0,0.0,0.0,6.5,-1.3166488710376734,-1.3253935347788788,0.6256003027932644,-3.842058184606212,Pre-COVID
2018-09-12,11369.900390625,37717.9609375,14.25,26818.88671875,16054.0498046875,10391.599609375,27.2810001373291,72.98999786376953,0.0,0.0,0.0,0.0,6.5,0.7300145348837273,0.7273628261968242,0.6401070095997241,-3.1400912329088038,Pre-COVID
2018-09-13,,,,,,,,71.92520141601562,0.0,0.0,0.0,0.0,6.5,0.0,,0.6169850204645151,,Pre-COVID
2018-09-14,11515.2001953125,38090.640625,13.84000015258789,27163.533203125,16072.5,10652.849609375,27.18549919128418,72.02749633789062,0.0,0.0,0.0,0.0,6.5,1.2779338401883056,,0.6320602475585765,-1.9022856811986233,Pre-COVID
2018-09-17,11377.75,37585.51171875,14.5,26819.98828125,16119.7998046875,10504.150390625,27.316499710083008,72.09500122070312,0.0,0.0,0.0,0.0,6.5,-1.1936413868727347,-1.20082248727221,0.6701204950143357,-3.073220598884019,Pre-COVID
2018-09-18,11278.900390625,37290.671875,14.420000076293945,26441.142578125,16031.0,10465.400390625,27.464000701904297,72.53479766845703,0.0,0.0,0.0,0.0,6.5,-0.8687975159851424,-0.8725935642451746,0.6885714835530079,-3.915318050645311,Pre-COVID
2018-09-19,11234.349609375,37121.21875,14.010000228881836,26277.044921875,16063.9501953125,10456.9501953125,27.49850082397461,73.12000274658203,0.0,0.0,0.0,0.0,6.5,-0.3949922395540484,-0.3957743942134398,0.6832620497835599,-4.294845087745458,Pre-COVID
2018-09-20,,,,,,,,72.34500122070312,0.0,0.0,0.0,0.0,6.5,0.0,,0.6818508682512079,,Pre-COVID
2018-09-21,11143.099609375,36841.6015625,15.539999961853027,25596.603515625,15833.5,10252.349609375,27.398000717163086,71.72000122070312,0.0,0.0,0.0,0.0,6.5,-0.812241056873042,,0.6934610011336093,-5.072201649486729,Pre-COVID
2018-09-24,10967.400390625,36305.01953125,17.43000030517578,24970.05859375,16175.2998046875,9994.75,27.3439998626709,72.2300033569336,0.0,0.0,0.0,0.0,6.5,-1.5767535507102526,-1.5893165427847329,0.7389049032484445,-6.56897908058951,Pre-COVID
2018-09-25,11067.4501953125,36652.05859375,16.68000030517578,25330.0546875,16234.900390625,10245.150390625,27.347999572753906,73.30000305175781,0.0,0.0,0.0,0.0,6.5,0.9122472156029238,0.9081113743931286,0.7479675508724599,-5.7166571937428134,Pre-COVID
2018-09-26,11053.7998046875,36542.26953125,17.09000015258789,25376.005859375,15932.4501953125,10289.2998046875,27.296499252319336,73.08999633789062,0.0,0.0,0.0,0.0,6.5,-0.12333817079910325,-0.1234142949208208,0.7477028183727936,-5.832944544128294,Pre-COVID
2018-09-27,10977.5498046875,36324.171875,16.920000076293945,25041.859375,16018.0,10092.4501953125,27.24850082397461,72.7699966430664,0.0,0.0,0.0,0.0,6.5,-0.6898080420062014,-0.6921982157626523,0.7529085664780659,-6.482516465583332,Pre-COVID
2018-09-28,10930.4501953125,36227.140625,17.0,25119.55859375,15838.0498046875,9972.4501953125,27.027999877929688,72.94999694824219,0.0,0.0,0.0,0.0,6.5,-0.4290539347394984,-0.4299770124143364,0.7364797678257003,-6.883756908357119,Pre-COVID
2018-10-01,11008.2998046875,36526.140625,16.84000015258789,25366.705078125,16213.599609375,10034.400390625,27.16699981689453,72.50499725341797,0.0,0.0,0.0,0.0,6.5,0.7122269255513958,0.7097025685968255,0.7367267046374506,-6.220557952996552,Pre-COVID
2018-10-02,,,,,,,,73.75499725341797,0.0,0.0,0.0,0.0,6.5,0.0,,0.7348347087505023,,Pre-COVID
2018-10-03,10858.25,35975.62890625,18.1200008392334,25069.609375,15909.7998046875,9950.900390625,27.993499755859375,73.27999877929688,0.0,0.0,0.0,0.0,6.5,-1.363060666494631,,0.7658677560977016,-7.498828640797372,Pre-COVID
2018-10-04,10599.25,35169.16015625,18.920000076293945,24819.01171875,15441.099609375,9630.75,27.787500381469727,73.8499984741211,0.0,0.0,0.0,0.0,6.5,-2.3852830796859514,-2.414191581845832,0.8599085936323616,-9.70524342973974,Pre-COVID
2018-10-05,10316.4501953125,34376.98828125,19.729999542236328,24443.166015625,15591.650390625,9547.349609375,27.881500244140625,74.22000122070312,0.0,0.0,0.0,0.0,6.5,-2.6681114672028716,-2.7043516339215605,0.962870000879009,-12.114408184073778,Pre-COVID
2018-10-08,10348.0498046875,34474.37890625,20.149999618530273,24618.0625,15305.2001953125,9505.7998046875,27.736000061035156,73.76300048828125,0.0,0.0,0.0,0.0,6.5,0.3063031253653259,0.3058349730753957,0.9275781053647328,-11.845211869595772,Pre-COVID
2018-10-09,10301.0498046875,34299.46875,19.760000228881836,24527.365234375,15369.7998046875,9638.75,27.661500930786133,73.88999938964844,0.0,0.0,0.0,0.0,6.5,-0.4541918611438267,-0.45522644623356334,0.915196195247673,-12.24560374249265,Pre-COVID
2018-10-10,10460.099609375,34760.890625,17.90999984741211,25321.404296875,15143.2001953125,9771.349609375,27.72450065612793,74.55000305175781,0.0,0.0,0.0,0.0,6.5,1.5440154906845027,1.5322168649223669,0.9836870765963481,-10.89066227052008,Pre-COVID
2018-10-11,10234.650390625,34001.1484375,20.549999237060547,24783.662109375,14683.0,9488.650390625,27.968000411987305,74.5999984741211,0.0,0.0,0.0,0.0,6.5,-2.1553257346415555,-2.178892116573151,1.0350997840971894,-12.811258758572219,Pre-COVID
2018-10-12,10472.5,34733.578125,18.6299991607666,25395.5546875,14539.2001953125,9525.599609375,28.142000198364258,74.16000366210938,0.0,0.0,0.0,0.0,6.5,2.323964183406524,2.2973713528550763,1.1489484132118633,-10.785023640158453,Pre-COVID
2018-10-15,10512.5,34865.1015625,18.889999389648438,25387.755859375,14797.2001953125,9774.099609375,28.50149917602539,73.6760025024414,0.0,0.0,0.0,0.0,6.5,0.3819527333492445,0.3812251460013522,1.1528774546924434,-10.444264599395147,Pre-COVID
2018-10-16,10584.75,35162.48046875,17.3700008392334,25589.353515625,14887.349609375,9836.75,28.29450035095215,74.08000183105469,0.0,0.0,0.0,0.0,6.5,0.6872770511296089,0.6849260681022563,1.1663872468303886,-9.828768582016444,Pre-COVID
2018-10-17,10453.0498046875,34779.578125,17.979999542236328,25188.306640625,14949.599609375,9686.400390625,28.351999282836914,73.45549774169922,0.0,0.0,0.0,0.0,6.5,-1.2442447418455793,-1.2520502809902525,1.1796670730660601,-10.950719387592112,Pre-COVID
2018-10-18,,,,,,,,73.91999816894531,0.0,0.0,0.0,0.0,6.5,0.0,,1.1708678069724594,,Pre-COVID
2018-10-19,10303.5498046875,34315.62890625,19.790000915527344,25085.509765625,14476.849609375,9650.2998046875,28.565500259399414,74.16000366210938,0.0,0.0,0.0,0.0,6.5,-1.4302046081609565,,1.1783748425683858,-12.224306302444942,Pre-COVID
2018-10-22,10245.25,34134.37890625,21.360000610351562,25078.30859375,14421.4501953125,9646.650390625,28.357999801635742,73.46499633789062,0.0,0.0,0.0,0.0,6.5,-0.5658225154691499,-0.5674293551714025,1.1661838246870428,-12.720960940494951,Pre-COVID
2018-10-23,10146.7998046875,33847.23046875,19.040000915527344,24972.158203125,14014.7001953125,9368.25,28.491500854492188,73.8594970703125,0.0,0.0,0.0,0.0,6.5,-0.9609350217173795,-0.9655817945697833,1.1578991090434225,-13.559655793436132,Pre-COVID
2018-10-24,10224.75,34033.9609375,18.8799991607666,25063.908203125,14049.150390625,9334.400390625,28.350500106811523,73.22129821777344,0.0,0.0,0.0,0.0,6.5,0.7682244334463961,0.7652886157385113,1.1591461290602498,-12.895599948886138,Pre-COVID
2018-10-25,10124.900390625,33690.08984375,18.959999084472656,24817.16015625,14070.7998046875,9142.7001953125,28.368999481201172,73.22049713134766,0.0,0.0,0.0,0.0,6.5,-0.9765481735494741,-0.9813476770964884,1.162779804229948,-13.74621637666652,Pre-COVID
2018-10-26,10030.0,33349.30859375,19.229999542236328,24420.767578125,13798.599609375,9115.099609375,28.50200080871582,73.22019958496094,0.0,0.0,0.0,0.0,6.5,-0.9372970297354399,-0.9417173007402645,1.1235891985909134,-14.554670528602465,Pre-COVID
2018-10-29,10250.849609375,34067.3984375,19.829999923706055,24959.408203125,14132.650390625,9590.400390625,28.350500106811523,73.125,0.0,0.0,0.0,0.0,6.5,2.2018904224825553,2.1779988895005156,1.2138209667145732,-12.6732580025131,Pre-COVID
2018-10-30,10198.400390625,33891.12890625,20.5,24807.4609375,14355.849609375,9535.2998046875,28.240999221801758,73.5905990600586,0.0,0.0,0.0,0.0,6.5,-0.5116572845048073,-0.51297073253929,1.2102011345635175,-13.120071639263964,Pre-COVID
2018-10-31,10386.599609375,34442.05078125,19.799999237060547,25152.95703125,14940.099609375,9757.5,28.370500564575195,73.6500015258789,0.0,0.0,0.0,0.0,6.5,1.8453797805683791,1.8285592676591407,1.2734004741759597,-11.516807007922647,Pre-COVID
2018-11-01,10380.4501953125,34431.96875,19.190000534057617,25323.35546875,14622.0,9609.150390625,28.431499481201172,74.06999969482422,0.0,0.0,0.0,0.0,6.5,-0.059205267303741316,-0.05922280054286613,1.273040127033452,-11.569193718852489,Pre-COVID
2018-11-02,10553.0,35011.6484375,18.229999542236328,25701.3515625,14396.7001953125,9547.849609375,28.204999923706055,73.30999755859375,0.0,0.0,0.0,0.0,6.5,1.662257430466929,1.6485931474334168,1.3151785155469475,-10.099246070622314,Pre-COVID
2018-11-05,10524.0,34950.921875,19.479999542236328,25731.900390625,14471.75,9460.5,28.44099998474121,72.90499877929688,0.0,0.0,0.0,0.0,6.5,-0.27480337344830685,-0.2751816510906828,1.288464116772353,-10.3462963751757,Pre-COVID
2018-11-06,10530.0,34991.91015625,18.510000228881836,25597.703125,14577.2998046875,9454.9501953125,28.3174991607666,72.86000061035156,0.0,0.0,0.0,0.0,6.5,0.057012542759404816,0.05699629678378128,1.2740016750099628,-10.295182519061207,Pre-COVID
2018-11-07,10598.400390625,35237.6796875,17.719999313354492,25769.400390625,14683.099609375,9502.099609375,28.30299949645996,73.2300033569336,0.0,0.0,0.0,0.0,6.5,0.6495763592117676,0.6474757039787639,1.282512479643661,-9.712481231630953,Pre-COVID
2018-11-08,,,,,,,,72.37999725341797,0.0,0.0,0.0,0.0,6.5,0.0,,1.2783471848683057,,Pre-COVID
2018-11-09,10585.2001953125,35158.55078125,17.770000457763672,25770.701171875,14553.25,9643.900390625,28.00749969482422,72.9000015258789,0.0,0.0,0.0,0.0,6.5,-0.12454893970770264,,1.2769279633711927,-9.824933378945355,Pre-COVID
2018-11-12,10482.2001953125,34812.98828125,19.3700008392334,25539.453125,14650.5,9557.5,27.70400047302246,72.47000122070312,0.0,0.0,0.0,0.0,6.5,-0.9730567027500525,-0.9778218363147999,1.2770776005246585,-10.702387908910849,Pre-COVID
2018-11-13,10582.5,35144.48828125,18.700000762939453,25768.30078125,14698.2001953125,9422.5498046875,27.690000534057617,73.18000030517578,0.0,0.0,0.0,0.0,6.5,0.9568583199961456,0.9523094254035388,1.2929381721682247,-9.847936278059377,Pre-COVID
2018-11-14,10576.2998046875,35141.98828125,18.829999923706055,25929.849609375,14338.5,9216.150390625,27.700000762939453,72.55000305175781,0.0,0.0,0.0,0.0,6.5,-0.05858913595558901,-0.058606306096734895,1.271565620458639,-9.900755593240195,Pre-COVID
2018-11-15,10616.7001953125,35260.5390625,18.450000762939453,26154.4453125,14354.150390625,9218.5498046875,27.614999771118164,72.4000015258789,0.0,0.0,0.0,0.0,6.5,0.3819898392734222,0.38126211073087707,1.1967259599734812,-9.55658563434425,Pre-COVID
2018-11-16,10682.2001953125,35457.16015625,18.350000381469727,26245.24609375,14473.150390625,9301.349609375,27.511499404907227,71.8917007446289,0.0,0.0,0.0,0.0,6.5,0.6169525256907837,0.6150571652505878,1.0883873420224175,-8.998592705094344,Pre-COVID
2018-11-19,10763.400390625,35774.87890625,19.260000228881836,26300.392578125,14599.7998046875,9399.25,27.533000946044922,71.7750015258789,0.0,0.0,0.0,0.0,6.5,0.7601448561892044,0.757270313114419,1.0941774212986923,-8.30685018848234,Pre-COVID
2018-11-20,10656.2001953125,35474.51171875,19.329999923706055,26113.046875,14285.099609375,9218.7001953125,27.5310001373291,71.69000244140625,0.0,0.0,0.0,0.0,6.5,-0.9959695953136949,-1.0009625523730634,1.1086473479236376,-9.220086081590495,Pre-COVID
2018-11-21,10600.0498046875,35199.80078125,19.559999465942383,26261.74609375,13879.150390625,9375.099609375,27.513500213623047,71.41500091552734,0.0,0.0,0.0,0.0,6.5,-0.526926949530282,-0.5283201056794732,1.080985555847418,-9.698429912786988,Pre-COVID
2018-11-22,10526.75,34981.01953125,19.15999984741211,25999.146484375,13835.7001953125,9302.2998046875,27.50200080871582,71.29499816894531,0.0,0.0,0.0,0.0,6.5,-0.6915043423200262,-0.6939063131569403,1.0086260060146035,-10.32286919112323,Pre-COVID
2018-11-23,,,,,,,,70.83499908447266,0.0,0.0,0.0,0.0,6.5,0.0,,0.9169018481112681,,Pre-COVID
2018-11-26,10628.599609375,35354.078125,20.399999618530273,26365.29296875,14025.400390625,9180.5,27.292999267578125,70.66999816894531,0.0,0.0,0.0,0.0,6.5,0.9675313783931383,,0.930969932677467,-9.45521481130468,Pre-COVID
2018-11-27,10685.599609375,35513.140625,18.31999969482422,26442.79296875,14225.349609375,9058.4501953125,27.24799919128418,70.80999755859375,0.0,0.0,0.0,0.0,6.5,0.536288900653692,0.5348559924642655,0.9277570283900897,-8.969633178216974,Pre-COVID
2018-11-28,10728.849609375,35716.94921875,17.959999084472656,26457.642578125,14632.900390625,9014.7998046875,27.010499954223633,70.87999725341797,0.0,0.0,0.0,0.0,6.5,0.40475033298135177,0.40393342237814217,0.8976667648459389,-8.601187465391657,Pre-COVID
2018-11-29,10858.7001953125,36170.41015625,18.700000762939453,26939.287109375,14465.2998046875,9090.650390625,27.111000061035156,70.5999984741211,0.0,0.0,0.0,0.0,6.5,1.2102936537020215,1.203028163822991,0.9203585478272162,-7.494993437726283,Pre-COVID
2018-11-30,10876.75,36194.30078125,19.15999984741211,26862.63671875,14638.0498046875,9275.7001953125,26.98550033569336,69.91999816894531,0.0,0.0,0.0,0.0,6.5,0.1662243580064171,0.1660863582254459,0.8718478661974182,-7.341227584444354,Pre-COVID
2018-12-03,10883.75,36241.0,18.219999313354492,26857.23828125,14740.400390625,9053.400390625,27.263500213623047,69.76000213623047,0.0,0.0,0.0,0.0,6.5,0.0643574597191332,0.06433675918710725,0.8606719061066884,-7.281594752310772,Pre-COVID
2018-12-04,10869.5,36134.30859375,18.110000610351562,26693.490234375,14999.900390625,9064.400390625,27.545499801635742,70.48500061035156,0.0,0.0,0.0,0.0,6.5,-0.13092913747559942,-0.13101492455916805,0.8348431016618343,-7.402990160582701,Pre-COVID
2018-12-05,10782.900390625,35884.41015625,18.389999389648438,26519.291015625,15012.9501953125,8812.2001953125,27.387500762939453,70.62999725341797,0.0,0.0,0.0,0.0,6.5,-0.7967211865771207,-0.7999119688821785,0.8490159926733781,-8.140730156110232,Pre-COVID
2018-12-06,10601.150390625,35312.12890625,19.309999465942383,26197.99609375,14693.75,8686.5,27.631999969482422,70.87000274658203,0.0,0.0,0.0,0.0,6.5,-1.6855390796155278,-1.6999059579474705,0.8911638247385743,-9.689054047578482,Pre-COVID
2018-12-07,10693.7001953125,35673.25,18.59000015258789,26593.9921875,14662.900390625,8682.599609375,27.526500701904297,70.75,0.0,0.0,0.0,0.0,6.5,0.8730166187373989,0.8692278636606364,0.8756553023876639,-8.900624480874896,Pre-COVID
2018-12-10,10488.4501953125,34959.71875,20.440000534057617,26102.34765625,14419.2001953125,8535.2998046875,28.10099983215332,71.36499786376953,0.0,0.0,0.0,0.0,6.5,-1.9193543511718203,-1.9380130942287621,0.8768792668060875,-10.64914430879158,Pre-COVID
2018-12-11,10549.150390625,35150.01171875,17.950000762939453,26163.095703125,14579.599609375,8746.599609375,28.18199920654297,72.7300033569336,0.0,0.0,0.0,0.0,6.5,0.5787336945131116,0.5770654643792864,0.8740979009516593,-10.132040800570774,Pre-COVID
2018-12-12,10737.599609375,35779.0703125,15.8100004196167,26643.5390625,14738.5498046875,8801.5,28.045499801635742,72.62000274658203,0.0,0.0,0.0,0.0,6.5,1.786392380162427,1.7706239057753168,0.8701320408618056,-8.526646425224694,Pre-COVID
2018-12-13,10791.5498046875,35929.640625,15.550000190734863,26816.037109375,14841.0,8810.7998046875,27.933000564575195,72.1500015258789,0.0,0.0,0.0,0.0,6.5,0.5024418610784842,0.5011838341027756,0.8723050128874614,-8.067046005132683,Pre-COVID
2018-12-14,10805.4501953125,35962.9296875,15.15999984741211,26825.6875,14851.400390625,8726.400390625,27.865999221801758,71.5469970703125,0.0,0.0,0.0,0.0,6.5,0.1288081033454791,0.12872521687673252,0.8231620152754012,-7.948628910742428,Pre-COVID
2018-12-17,10888.349609375,36270.0703125,14.539999961853027,27015.486328125,14873.0498046875,8771.2998046875,27.82200050354004,71.91000366210938,0.0,0.0,0.0,0.0,6.5,0.7672000015183311,0.7642719885813293,0.8295415253641768,-7.242410790347997,Pre-COVID
2018-12-18,10908.7001953125,36347.078125,14.579999923706055,27174.3828125,14730.900390625,8840.400390625,27.716999053955078,71.58999633789062,0.0,0.0,0.0,0.0,6.5,0.18690239262686426,0.18672794743268972,0.829557425371245,-7.069044636772159,Pre-COVID
2018-12-19,10967.2998046875,36484.328125,14.65999984741211,27298.083984375,14591.7998046875,8823.4501953125,27.57349967956543,70.56999969482422,0.0,0.0,0.0,0.0,6.5,0.5371823253533137,0.5357446474361821,0.8273396022683782,-6.569835969778937,Pre-COVID
2018-12-20,10951.7001953125,36431.671875,14.329999923706055,27274.783203125,14542.150390625,8853.7998046875,27.58449935913086,70.68550109863281,0.0,0.0,0.0,0.0,6.5,-0.1422374664029169,-0.14233871991216723,0.8284425976920728,-6.702728667951607,Pre-COVID
2018-12-21,10754.0,35742.0703125,15.989999771118164,26869.337890625,14207.849609375,8774.0498046875,27.732500076293945,70.30000305175781,0.0,0.0,0.0,0.0,6.5,-1.8052009440243655,-1.821693480035375,0.8988702953690202,-8.38693189078673,Pre-COVID
2018-12-24,10663.5,35470.1484375,15.75,26714.439453125,14247.75,8726.349609375,27.87700080871582,70.13999938964844,0.0,0.0,0.0,0.0,6.5,-0.8415473312255894,-0.8451083331975899,0.8939827151637926,-9.157899220513698,Pre-COVID
2018-12-25,,,,,,,,70.23999786376953,0.0,0.0,0.0,0.0,6.5,0.0,,0.8778438751828088,,Pre-COVID
2018-12-26,10729.849609375,35649.94140625,15.920000076293945,26986.486328125,14158.900390625,8684.849609375,27.98550033569336,70.23999786376953,0.0,0.0,0.0,0.0,6.5,0.6222123071693231,,0.8842735687599923,-8.59266848937258,Pre-COVID
2018-12-27,10779.7998046875,35807.28125,16.06999969482422,26878.23828125,14354.5,8665.75,28.045499801635742,70.1500015258789,0.0,0.0,0.0,0.0,6.5,0.4655255863871277,0.46444536719637464,0.885479710216116,-8.167143973356906,Pre-COVID
2018-12-28,10859.900390625,36076.71875,15.270000457763672,27124.935546875,14385.7998046875,8814.2001953125,28.149499893188477,69.98999786376953,0.0,0.0,0.0,0.0,6.5,0.7430619064249022,0.7403148015077441,0.8885353284560037,-7.484769002640879,Pre-COVID
2018-12-31,10862.5498046875,36068.328125,16.0,27159.8828125,14440.2998046875,8868.7001953125,28.02050018310547,69.92250061035156,0.0,0.0,0.0,0.0,6.5,0.024396301689710853,0.02439332627594762,0.8786091375800025,-7.462198707777823,Pre-COVID
2019-01-01,,,15.329999923706055,27392.08203125,14450.900390625,8881.9501953125,28.17799949645996,69.70999908447266,0.0,0.0,0.0,0.0,6.5,0.0,,0.8568848253122529,,Pre-COVID
2019-01-02,10792.5,35891.51953125,16.389999389648438,27174.3828125,14447.099609375,8839.9501953125,28.28849983215332,69.70999908447266,0.0,0.0,0.0,0.0,6.5,-0.6448744166611009,,0.8599713211693791,-8.058951314052054,Pre-COVID
2019-01-03,10672.25,35513.7109375,16.790000915527344,26959.537109375,14322.150390625,8722.2998046875,28.470500946044922,69.95999908447266,0.0,0.0,0.0,0.0,6.5,-1.1141996757007222,-1.1204533761500677,0.8760811395934476,-9.083358180346723,Pre-COVID
2019-01-04,10727.349609375,35695.1015625,16.15999984741211,27194.68359375,14146.150390625,8788.0498046875,28.29800033569336,70.30000305175781,0.0,0.0,0.0,0.0,6.5,0.5162885930801941,0.5149603931252372,0.8801369939921644,-8.613965929420287,Pre-COVID
2019-01-07,10771.7998046875,35850.16015625,16.299999237060547,27304.234375,14291.5,8732.650390625,28.22450065612793,69.5250015258789,0.0,0.0,0.0,0.0,6.5,0.4143632577580325,0.41350713736187994,0.8662994151143685,-8.235295781509567,Pre-COVID
2019-01-08,10802.150390625,35980.9296875,15.699999809265137,27509.1796875,14285.7001953125,8864.75,28.163999557495117,69.80999755859375,0.0,0.0,0.0,0.0,6.5,0.28175965472634346,0.28136345625500236,0.8625934555455991,-7.976739867742899,Pre-COVID
2019-01-09,10855.150390625,36212.91015625,15.270000457763672,27720.078125,14326.099609375,8906.7001953125,28.336000442504883,70.33000183105469,0.0,0.0,0.0,0.0,6.5,0.4906430486840696,0.4894433183399924,0.8639880541645741,-7.525234138731529,Pre-COVID
2019-01-10,10821.599609375,36106.5,15.350000381469727,27528.23046875,14323.25,8934.7998046875,28.57900047302246,70.55049896240234,0.0,0.0,0.0,0.0,6.5,-0.30907707440862575,-0.3095557040757343,0.837301198865363,-7.811052439621758,Pre-COVID
2019-01-11,10794.9501953125,36009.83984375,15.350000381469727,27453.58203125,14307.099609375,8902.4501953125,28.534000396728516,70.72000122070312,0.0,0.0,0.0,0.0,6.5,-0.24626132017869784,-0.24656504210332242,0.8377281219415296,-8.038078158942795,Pre-COVID
2019-01-14,10737.599609375,35853.55859375,16.15999984741211,27247.93359375,14223.599609375,8949.2998046875,28.610000610351562,70.37000274658203,0.0,0.0,0.0,0.0,6.5,-0.5312723532749919,-0.5326886232360374,0.8426606113798933,-8.526646425224694,Pre-COVID
2019-01-15,10886.7998046875,36318.328125,15.579999923706055,27400.431640625,14658.5,9027.5,28.621000289916992,71.08499908447266,0.0,0.0,0.0,0.0,6.5,1.3895116296032572,1.3799464213669708,0.8819121484716976,-7.255613539315076,Pre-COVID
2019-01-16,10890.2998046875,36321.2890625,16.079999923706055,27483.37890625,14707.7998046875,9054.2001953125,28.713499069213867,71.09249877929688,0.0,0.0,0.0,0.0,6.5,0.03214902508350548,0.0321438583917674,0.8686817485091238,-7.22579712324829,Pre-COVID
2019-01-17,10905.2001953125,36374.078125,16.239999771118164,27528.4296875,14800.25,8930.5,28.812999725341797,71.36499786376953,0.0,0.0,0.0,0.0,6.5,0.1368225934293088,0.1367290766106507,0.8055164427188362,-7.098861052838945,Pre-COVID
2019-01-18,10906.9501953125,36386.609375,16.6200008392334,27456.380859375,14893.0,8689.599609375,28.648000717163086,71.03019714355469,0.0,0.0,0.0,0.0,6.5,0.01604738994844812,0.01604610249256087,0.7921485815364526,-7.083952844805552,Pre-COVID
2019-01-21,10961.849609375,36578.9609375,18.149999618530273,27533.279296875,14966.400390625,8734.7001953125,28.582500457763672,71.2300033569336,0.0,0.0,0.0,0.0,6.5,0.5033434010370152,0.5020808629692447,0.7006773303080687,-6.616266052945441,Pre-COVID
2019-01-22,10922.75,36444.640625,17.989999771118164,27481.9296875,14962.599609375,8892.599609375,28.726999282836914,71.5,0.0,0.0,0.0,0.0,6.5,-0.3566880660501037,-0.3573257146616415,0.7017364469679924,-6.949354687566556,Pre-COVID
2019-01-23,10831.5,36108.46875,18.09000015258789,27250.43359375,14888.75,8946.2001953125,28.73150062561035,71.2302017211914,0.0,0.0,0.0,0.0,6.5,-0.8354123274816327,-0.8389214537151498,0.6480558148188124,-7.726711249307838,Pre-COVID
2019-01-24,10849.7998046875,36195.1015625,17.43000030517578,27266.083984375,14971.900390625,8894.5,28.58650016784668,71.15730285644531,0.0,0.0,0.0,0.0,6.5,0.1689498655541799,0.16880730581589695,0.6425279096487801,-7.570815652021123,Pre-COVID
2019-01-25,10780.5498046875,36025.5390625,17.690000534057617,27114.986328125,15039.2998046875,8891.0,28.66950035095215,70.98999786376953,0.0,0.0,0.0,0.0,6.5,-0.6382606245884936,-0.6403062164968701,0.653219982485992,-8.16075474134259,Pre-COVID
2019-01-28,10661.5498046875,35656.69921875,18.899999618530273,26652.740234375,15120.150390625,8663.900390625,28.982500076293945,70.9749984741211,0.0,0.0,0.0,0.0,6.5,-1.1038398055380982,-1.1099773244971003,0.6660829395138345,-9.174512887613407,Pre-COVID
2019-01-29,10652.2001953125,35592.5,18.43000030517578,26573.091796875,15231.2998046875,8756.900390625,29.16699981689453,71.09010314941406,0.0,0.0,0.0,0.0,6.5,-0.08769465552643796,-0.08773312978436731,0.6643439194335953,-9.25416198566682,Pre-COVID
2019-01-30,10651.7998046875,35591.25,17.850000381469727,26825.1875,15255.2001953125,8734.599609375,29.236000061035156,71.62000274658203,0.0,0.0,0.0,0.0,6.5,-0.003758759858607519,-0.003758830501756102,0.6543611650804321,-9.25757290379946,Pre-COVID
2019-01-31,10830.9501953125,36256.69140625,17.1200008392334,27295.1328125,15499.2998046875,8825.349609375,29.348499298095703,71.12000274658203,0.0,0.0,0.0,0.0,6.5,1.6818790618479573,1.6678920874278536,0.7301927100608826,-7.7313950222558265,Pre-COVID
2019-02-01,10893.650390625,36469.4296875,15.720000267028809,27085.634765625,15724.2998046875,8969.5498046875,29.467500686645508,71.19999694824219,0.0,0.0,0.0,0.0,6.5,0.5788983808607595,0.5772292029816439,0.6568749772738011,-7.1972535619968525,Pre-COVID
2019-02-04,10912.25,36582.73828125,15.720000267028809,27186.283203125,15754.7998046875,8811.900390625,29.465499877929688,71.45169830322266,0.0,0.0,0.0,0.0,6.5,0.17073807867935553,0.17059248691862575,0.6354076536833182,-7.038803935766924,Pre-COVID
2019-02-05,10934.349609375,36616.80859375,15.779999732971191,27271.3828125,15738.7001953125,8800.599609375,29.5049991607666,71.68499755859375,0.0,0.0,0.0,0.0,6.5,0.20252110586724825,0.20231630833451036,0.6356169179791252,-6.85053789347021,Pre-COVID
2019-02-06,11062.4501953125,36975.23046875,15.630000114440918,27402.03125,16055.599609375,8906.900390625,29.639999389648438,71.7699966430664,0.0,0.0,0.0,0.0,6.5,1.171542803311021,1.1647333726075786,0.6590883378635041,-5.759252073838228,Pre-COVID
2019-02-07,11069.400390625,36971.08984375,15.4399995803833,27386.83203125,16085.849609375,9056.150390625,29.29400062561035,71.54049682617188,0.0,0.0,0.0,0.0,6.25,0.06282690714798367,0.06280717930916961,0.6555607450761505,-5.700043526643094,Pre-COVID
2019-02-08,10943.599609375,36546.48046875,15.569999694824219,27294.083984375,16019.7998046875,8984.849609375,29.214000701904297,71.58000183105469,0.0,0.0,0.0,0.0,6.25,-1.1364733121095205,-1.1429805188104512,0.680386135638632,-6.771737365293696,Pre-COVID
2019-02-11,10888.7998046875,36395.03125,15.84000015258789,27227.484375,16099.0498046875,8838.0,29.301000595092773,71.1500015258789,0.0,0.0,0.0,0.0,6.25,-0.5007475295473629,-0.5020054711538445,0.6871987690574164,-7.238575587276907,Pre-COVID
2019-02-12,10831.400390625,36153.62109375,15.75,27010.435546875,15938.650390625,8904.9501953125,29.20549964904785,71.2300033569336,0.0,0.0,0.0,0.0,6.25,-0.5271417887377283,-0.5285360831624847,0.6941758383655601,-7.727559819184737,Pre-COVID
2019-02-13,,,,,,,,70.80999755859375,0.0,0.0,0.0,0.0,6.25,0.0,,0.6836551040076917,,Pre-COVID
2019-02-14,10746.0498046875,35876.21875,15.770000457763672,26970.28515625,15861.650390625,8920.900390625,29.20549964904785,70.86509704589844,0.0,0.0,0.0,0.0,6.25,-0.7879921603800577,,0.6674912482584484,-8.454659414000943,Pre-COVID
2019-02-15,10724.400390625,35808.94921875,16.459999084472656,26793.939453125,15815.599609375,8643.2998046875,29.466999053955078,71.01000213623047,0.0,0.0,0.0,0.0,6.25,-0.2014639281967212,-0.20166713974639475,0.6621208593709471,-8.639090253226566,Pre-COVID
2019-02-18,10640.9501953125,35498.44140625,18.0,26653.939453125,15659.0,8573.9501953125,29.69499969482422,71.31999969482422,0.0,0.0,0.0,0.0,6.25,-0.778133902809619,-0.7811771620307167,0.6721803377899778,-9.350000465881504,Pre-COVID
2019-02-19,10604.349609375,35352.609375,18.469999313354492,26684.5390625,15333.5,8552.7001953125,29.771499633789062,71.69999694824219,0.0,0.0,0.0,0.0,6.25,-0.34395975233135756,-0.3445526538395949,0.6716061107827107,-9.661799979767427,Pre-COVID
2019-02-20,10735.4501953125,35756.26171875,17.059999465942383,26955.1875,15609.4501953125,8606.349609375,29.920499801635742,71.5999984741211,0.0,0.0,0.0,0.0,6.25,1.236290680397767,1.228711014362708,0.7056016596100896,-8.54495723207821,Pre-COVID
2019-02-21,10789.849609375,35898.3515625,16.049999237060547,27052.0859375,15588.900390625,8706.349609375,29.68600082397461,71.30000305175781,0.0,0.0,0.0,0.0,6.25,0.5067269008080633,0.5054473607434973,0.7103611732827007,-8.081529928227626,Pre-COVID
2019-02-22,10791.650390625,35871.48046875,15.449999809265137,26867.23828125,15684.7001953125,8772.599609375,29.5049991607666,71.18499755859375,0.0,0.0,0.0,0.0,6.25,0.016689586186968697,0.01668819363047236,0.7089326019123895,-8.066189115943267,Pre-COVID
2019-02-25,10880.099609375,36213.37890625,15.359999656677246,27158.93359375,16003.7001953125,8816.2001953125,29.569000244140625,71.03099822998047,0.0,0.0,0.0,0.0,6.25,0.8196078963680797,0.8162673513503154,0.7167903507118931,-7.312692342505434,Pre-COVID
2019-02-26,10835.2998046875,35973.7109375,17.110000610351562,26952.63671875,15989.599609375,8829.4501953125,29.536500930786133,71.08999633789062,0.0,0.0,0.0,0.0,6.25,-0.4117591409631749,-0.41260920318907485,0.6746081807365252,-7.694340804297828,Pre-COVID
2019-02-27,10806.650390625,35905.4296875,18.899999618530273,26798.990234375,15902.099609375,8866.2001953125,29.59600067138672,70.94000244140625,0.0,0.0,0.0,0.0,6.25,-0.2644081343287419,-0.26475831003447126,0.6760856954998352,-7.938404475657023,Pre-COVID
2019-02-28,10792.5,35867.44140625,18.280000686645508,26789.58984375,15732.0,8884.849609375,29.502500534057617,71.19000244140625,0.0,0.0,0.0,0.0,6.25,-0.13094150466157473,-0.1310273079593882,0.6756635889088659,-8.058951314052054,Pre-COVID
2019-03-01,10863.5,36063.80859375,16.270000457763672,27043.5859375,15848.2998046875,8972.650390625,29.073999404907227,70.81600189208984,0.0,0.0,0.0,0.0,6.25,0.6578642575862936,0.6557097745663337,0.6873118589425419,-7.454104016697194,Pre-COVID
2019-03-04,,,,,,,,70.98999786376953,0.0,0.0,0.0,0.0,6.25,0.0,,0.680431661636632,,Pre-COVID
2019-03-05,10987.4501953125,36442.5390625,15.65999984741211,27553.73046875,15664.099609375,9054.650390625,28.475500106811523,70.9000015258789,0.0,0.0,0.0,0.0,6.25,1.1409784628572783,,0.7097778429639946,-6.398175275269413,Pre-COVID
2019-03-06,11053.0,36636.1015625,15.609999656677246,27625.330078125,15735.0498046875,9155.0,28.520999908447266,70.74250030517578,0.0,0.0,0.0,0.0,6.25,0.5965879573721855,0.59481541776258,0.6981763828828779,-5.839758061081057,Pre-COVID
2019-03-07,11058.2001953125,36725.421875,15.289999961853027,27764.27734375,15582.099609375,9045.650390625,28.324499130249023,70.36499786376953,0.0,0.0,0.0,0.0,6.25,0.047047817900125466,0.047036753884395606,0.6979344308943706,-5.795457721919329,Pre-COVID
2019-03-08,11035.400390625,36671.4296875,14.9399995803833,27761.478515625,15408.7001953125,9021.849609375,28.4685001373291,70.48750305175781,0.0,0.0,0.0,0.0,6.25,-0.20618006804727917,-0.20639291176077681,0.687281529025398,-5.989688711291907,Pre-COVID
2019-03-11,11168.0498046875,37054.1015625,14.899999618530273,27966.326171875,15388.5,9155.0498046875,28.50200080871582,69.98690032958984,0.0,0.0,0.0,0.0,6.25,1.2020353532001593,1.194868284879883,0.6791905765793077,-4.859651533948117,Pre-COVID
2019-03-12,11301.2001953125,37535.66015625,15.100000381469727,28443.369140625,15384.5498046875,9274.7998046875,28.35849952697754,69.79010009765625,0.0,0.0,0.0,0.0,6.25,1.1922438828049886,1.1851926453906936,0.703067338741122,-3.7253465492822713,Pre-COVID
2019-03-13,11341.7001953125,37752.171875,15.279999732971191,28883.96484375,15342.900390625,9100.25,28.595500946044922,69.84500122070312,0.0,0.0,0.0,0.0,6.25,0.358369016565141,0.35772840485137175,0.7025618991103632,-3.3803280205094377,Pre-COVID
2019-03-14,11343.25,37754.890625,15.149999618530273,28922.763671875,15260.4501953125,9184.900390625,28.359500885009766,69.72630310058594,0.0,0.0,0.0,0.0,6.25,0.013664659273393553,0.013663725743869716,0.645929554601834,-3.3671252715423594,Pre-COVID
2019-03-15,11426.849609375,38024.3203125,15.869999885559082,29381.107421875,15546.599609375,9221.75,28.349000930786133,69.3373031616211,0.0,0.0,0.0,0.0,6.25,0.7369987382364052,0.7342961729934112,0.6501286540933258,-2.654942204072075,Pre-COVID
2019-03-18,11462.2001953125,38095.0703125,16.899999618530273,29595.755859375,15359.4501953125,9204.9501953125,28.114500045776367,68.9530029296875,0.0,0.0,0.0,0.0,6.25,0.30936423551506387,0.30888668901587507,0.6506893483699738,-2.3537914102099933,Pre-COVID
2019-03-19,11532.400390625,38363.46875,16.489999771118164,29767.50390625,15495.5498046875,9244.599609375,28.345500946044922,68.61799621582031,0.0,0.0,0.0,0.0,6.25,0.6124495656707252,0.6105817158639563,0.6557655504191859,-1.755757629807897,Pre-COVID
2019-03-20,11521.0498046875,38386.75,16.030000686645508,29831.8515625,15599.25,9264.5,28.132999420166016,69.31749725341797,0.0,0.0,0.0,0.0,6.25,-0.09842344657688962,-0.09847191425605331,0.6300179898375874,-1.8524529992119954,Pre-COVID
2019-03-21,,,,,,,,68.82499694824219,0.0,0.0,0.0,0.0,6.25,0.0,,0.6303787560340507,,Pre-COVID
2019-03-22,11456.900390625,38164.609375,16.270000457763672,29582.15625,15551.099609375,9199.349609375,28.391000747680664,68.93000030517578,0.0,0.0,0.0,0.0,6.25,-0.5568018119008533,,0.5981099384767757,-2.3989403192486214,Pre-COVID
2019-03-25,11354.25,37808.91015625,16.670000076293945,29280.859375,15416.849609375,9170.150390625,28.39349937438965,69.1604995727539,0.0,0.0,0.0,0.0,6.25,-0.8959700017030503,-0.900007950222714,0.6170945592154252,-3.273416535332452,Pre-COVID
2019-03-26,11483.25,38233.41015625,16.489999771118164,29881.802734375,15356.599609375,9245.0,28.34600067138672,68.92340087890625,0.0,0.0,0.0,0.0,6.25,1.1361384503600025,1.1297328693216404,0.6295458570405927,-2.174468628870807,Pre-COVID
2019-03-27,11445.0498046875,38132.87890625,17.049999237060547,30019.451171875,15339.400390625,9148.7998046875,28.381999969482422,69.42749786376953,0.0,0.0,0.0,0.0,6.25,-0.33266013813597617,-0.3332146821462826,0.6360299193777791,-2.49989517666227,Pre-COVID
2019-03-28,11570.0,38545.71875,16.649999618530273,30420.197265625,15566.75,9199.400390625,28.25149917602539,69.37000274658203,0.0,0.0,0.0,0.0,6.25,1.0917400749215211,1.0858236155870984,0.6293433527882902,-1.4354474592153998,Pre-COVID
2019-03-29,,,,,,,,69.5,0.0,0.0,0.0,0.0,6.25,0.0,,0.6254395020297701,,Pre-COVID
2019-04-01,11669.150390625,38871.87109375,18.010000228881836,30326.1484375,15840.650390625,9375.400390625,28.092500686645508,69.43000030517578,0.0,0.0,0.0,0.0,6.25,0.8569610252809001,,0.6031334867485515,-0.5907876591983663,Pre-COVID
2019-04-02,11713.2001953125,39056.6484375,18.079999923706055,30353.896484375,15988.400390625,9296.9501953125,27.996000289916992,69.19529724121094,0.0,0.0,0.0,0.0,6.25,0.37748939051200914,0.37677868730356695,0.590421281431308,-0.21552842942028638,Pre-COVID
2019-04-03,11643.9501953125,38877.12109375,18.780000686645508,30092.951171875,15962.9501953125,9180.2998046875,27.882999420166016,68.91020202636719,0.0,0.0,0.0,0.0,6.25,-0.5912133221091298,-0.5929679070481917,0.5883619835511362,-0.8054675187417426,Pre-COVID
2019-04-04,11598.0,38684.71875,18.649999618530273,29904.552734375,15744.7998046875,9263.400390625,28.039499282836914,68.8499984741211,0.0,0.0,0.0,0.0,6.0,-0.3946272059030087,-0.395407913661549,0.5989248095117131,-1.1969161306810916,Pre-COVID
2019-04-05,11665.9501953125,38862.23046875,18.389999389648438,30084.30078125,15923.0498046875,9271.5498046875,28.03499984741211,68.97039794921875,0.0,0.0,0.0,0.0,6.0,0.5858785593421345,0.5841689650914403,0.6005291717713367,-0.6180500463219274,Pre-COVID
2019-04-08,11604.5,38700.53125,20.149999618530273,29844.953125,16028.25,9243.900390625,28.297500610351562,69.16000366210938,0.0,0.0,0.0,0.0,6.0,-0.5267483083991831,-0.5281405184150887,0.6076670786067286,-1.1415427865570593,Pre-COVID
2019-04-09,11671.9501953125,38939.21875,20.280000686645508,30113.5,16121.599609375,9333.2998046875,28.2549991607666,69.55249786376953,0.0,0.0,0.0,0.0,6.0,0.5812417192683883,0.5795590267793093,0.5992306648873267,-0.5669361902074344,Pre-COVID
2019-04-10,11584.2998046875,38585.3515625,21.1299991607666,29803.154296875,15999.150390625,9407.900390625,28.27899932861328,69.26180267333984,0.0,0.0,0.0,0.0,6.0,-0.7509489773200095,-0.7537827950835446,0.6198611309900643,-1.313627766005021,Pre-COVID
2019-04-11,11596.7001953125,38607.01171875,20.959999084472656,29785.75390625,15874.75,9391.150390625,28.21649932861328,69.14019775390625,0.0,0.0,0.0,0.0,6.0,0.10704480058416621,0.1069875484907893,0.6165469084325814,-1.2079891356433947,Pre-COVID
2019-04-12,11643.4501953125,38767.109375,21.0,29938.203125,15911.099609375,9426.4501953125,28.173999786376953,69.43000030517578,0.0,0.0,0.0,0.0,6.0,0.40313191867198395,0.4023215192085498,0.6123574899580154,-0.8097270067512929,Pre-COVID
2019-04-15,11690.349609375,38905.83984375,21.389999389648438,30103.900390625,16113.7001953125,9417.75,28.019500732421875,69.16100311279297,0.0,0.0,0.0,0.0,6.0,0.40279653604204935,0.40198748262654665,0.6114834230290171,-0.4101920230438316,Pre-COVID
2019-04-16,11787.150390625,39275.640625,21.690000534057617,30530.994140625,16084.900390625,9417.7998046875,28.039499282836914,69.80999755859375,0.0,0.0,0.0,0.0,6.0,0.8280400884877803,0.8246306446581041,0.5982259693665302,0.0,Pre-COVID
2019-04-17,,,,,,,,69.88500213623047,0.0,0.0,0.0,0.0,6.0,0.0,,0.5957431799144978,,Pre-COVID
2019-04-18,11752.7998046875,39140.28125,22.739999771118164,30223.048828125,16079.2998046875,9409.900390625,27.930500030517578,69.4010009765625,0.0,0.0,0.0,0.0,6.0,-0.29142400664389223,,0.6022288533025388,-0.29142400664389223,Pre-COVID
2019-04-19,,,,,,,,69.38099670410156,0.0,0.0,0.0,0.0,6.0,0.0,,0.5985395727789171,,Pre-COVID
2019-04-22,11594.4501953125,38645.1796875,24.049999237060547,29687.603515625,16150.599609375,9285.4501953125,28.000499725341797,69.36000061035156,0.0,0.0,0.0,0.0,6.0,-1.3473352052831178,,0.6330932117954564,-1.6348327536888418,Pre-COVID
2019-04-23,11575.9501953125,38564.87890625,24.649999618530273,29479.357421875,16166.2998046875,9388.7998046875,27.96649932861328,70.0625,0.0,0.0,0.0,0.0,6.0,-0.15955909670886115,-0.1596865278055509,0.6019974896343243,-1.7917833260232219,Pre-COVID
2019-04-24,11726.150390625,39054.6796875,23.709999084472656,29860.453125,16370.349609375,9459.0,27.957000732421875,69.75800323486328,0.0,0.0,0.0,0.0,6.0,1.2975193636658888,1.289173694761699,0.6400865076684853,-0.517512697967415,Pre-COVID
2019-04-25,11641.7998046875,38730.859375,23.229999542236328,29561.005859375,16352.7998046875,9442.5498046875,28.194499969482422,70.0958023071289,0.0,0.0,0.0,0.0,6.0,-0.7193374050953438,-0.7219371112150696,0.6577613992973026,-1.2331274406501613,Pre-COVID
2019-04-26,11754.650390625,39067.328125,21.719999313354492,30013.150390625,16504.44921875,9461.7001953125,28.1564998626709,70.16000366210938,0.0,0.0,0.0,0.0,6.0,0.9693568677590747,0.964688746996101,0.6669618645196908,-0.2757239784252574,Pre-COVID
2019-04-29,,,,,,,,69.84200286865234,0.0,0.0,0.0,0.0,6.0,0.0,,0.6659475516883582,,Pre-COVID
2019-04-30,11748.150390625,39031.55078125,21.829999923706055,29764.455078125,16705.400390625,9402.5,28.15250015258789,69.81179809570312,0.0,0.0,0.0,0.0,6.0,-0.05529726349993158,,0.6588721292868162,-0.33086877411031557,Pre-COVID
2019-05-01,,,,,,,,69.55599975585938,0.0,0.0,0.0,0.0,6.0,0.0,,0.6582807663006457,,Pre-COVID
2019-05-02,11724.75,38981.4296875,22.979999542236328,29708.25390625,16403.69921875,9291.2998046875,27.811500549316406,69.63289642333984,0.0,0.0,0.0,0.0,6.0,-0.1991836148409698,,0.6599840023351741,-0.5293933525666317,Pre-COVID
2019-05-03,11712.25,38963.26171875,24.030000686645508,29953.802734375,16092.9501953125,9220.4501953125,27.7810001373291,69.42440032958984,0.0,0.0,0.0,0.0,6.0,-0.10661208128105448,-0.10666895238500143,0.650513321332985,-0.6354410365763452,Pre-COVID
2019-05-06,11598.25,38600.33984375,26.43000030517578,29618.10546875,16111.349609375,9189.75,28.00749969482422,69.16799926757812,0.0,0.0,0.0,0.0,6.0,-0.973339879186319,-0.9781077957029449,0.6546380622175324,-1.602595914744953,Pre-COVID
2019-05-07,11497.900390625,38276.62890625,26.479999542236328,29287.859375,16135.75,9148.2001953125,28.022499084472656,69.40029907226562,0.0,0.0,0.0,0.0,6.0,-0.8652133673183404,-0.8689780690377915,0.6444543176157488,-2.4539434079848266,Pre-COVID
2019-05-08,11359.4501953125,37789.12890625,26.3700008392334,28994.0625,16061.599609375,9003.349609375,28.062999725341797,69.91000366210938,0.0,0.0,0.0,0.0,6.0,-1.2041345863927244,-1.21144301503351,0.6789745432032273,-3.6285292130715074,Pre-COVID
2019-05-09,11301.7998046875,37558.91015625,25.489999771118164,28884.263671875,16132.849609375,8976.900390625,28.114999771118164,70.01000213623047,0.0,0.0,0.0,0.0,6.0,-0.5075103956069027,-0.5088026035289156,0.6506416399102621,-4.117624445714441,Pre-COVID
2019-05-10,11278.900390625,37462.98828125,26.34000015258789,29040.162109375,15949.599609375,8944.599609375,28.109500885009766,70.41000366210938,0.0,0.0,0.0,0.0,6.0,-0.20261741013145596,-0.20282295690185756,0.6508760255470668,-4.311898831835048,Pre-COVID
2019-05-13,11148.2001953125,37090.8203125,27.3799991607666,28659.615234375,15955.2998046875,8553.5,28.261499404907227,69.92250061035156,0.0,0.0,0.0,0.0,6.0,-1.1588026384304118,-1.1655690801341048,0.6545468354397633,-5.420735072835702,Pre-COVID
2019-05-14,11222.0498046875,37318.53125,27.1299991607666,28828.86328125,15762.75,8683.900390625,28.554000854492188,70.61699676513672,0.0,0.0,0.0,0.0,6.0,0.6624352638199937,0.6602508032110875,0.6644583343013148,-4.794208669696431,Pre-COVID
2019-05-15,11157.0,37114.87890625,28.65999984741211,28616.1171875,15776.7998046875,8595.75,28.570999145507812,70.30699920654297,0.0,0.0,0.0,0.0,6.0,-0.5796606308085428,-0.5813471837233283,0.6641914373739289,-5.346079160287931,Pre-COVID
2019-05-16,11257.099609375,37393.48046875,28.3700008392334,28854.96484375,15934.0,8577.349609375,28.36750030517578,70.20919799804688,0.0,0.0,0.0,0.0,6.0,0.8971910851931497,0.893190238330833,0.6885538103302403,-4.496852620728243,Pre-COVID
2019-05-17,11407.150390625,37930.76953125,28.079999923706055,29449.80859375,15843.400390625,8448.9501953125,28.26449966430664,70.23500061035156,0.0,0.0,0.0,0.0,6.0,1.3329435330307948,1.3241380029110124,0.7265660806209331,-3.223849593895367,Pre-COVID
2019-05-20,11828.25,39352.671875,23.68000030517578,30759.341796875,15968.2001953125,8505.9501953125,27.895000457763672,70.28150177001953,0.0,0.0,0.0,0.0,6.0,3.6915407876193296,3.625035203017847,0.9943817162905516,0.0,Pre-COVID
2019-05-21,11709.099609375,38969.80078125,25.649999618530273,30308.048828125,15766.9501953125,8488.25,27.92449951171875,70.12750244140625,0.0,0.0,0.0,0.0,6.0,-1.0073374389702572,-1.0124454145348287,1.008330268681882,-1.0073374389702572,Pre-COVID
2019-05-22,11737.900390625,39110.2109375,27.6299991607666,30526.4453125,15666.150390625,8510.849609375,27.895000457763672,,0.0,0.0,0.0,0.0,6.0,0.24596922232125173,0.24566721316128273,0.9985817379923043,-0.7638459567138045,Pre-COVID
2019-05-23,11657.0498046875,38811.390625,19.40999984741211,30408.74609375,15538.849609375,8497.599609375,28.014999389648438,69.97250366210938,0.0,0.0,0.0,0.0,6.0,-0.6887993870017373,-0.6911825598039294,1.0075091702141963,-1.447383977448058,Pre-COVID
2019-05-24,11844.099609375,39434.71875,16.469999313354492,31212.1875,15569.849609375,8608.4501953125,27.99250030517578,69.94499969482422,0.0,0.0,0.0,0.0,6.0,1.6046067214389392,1.591868987483049,1.0463079632312566,0.0,Pre-COVID
2019-05-27,11924.75,39683.2890625,16.190000534057617,31647.283203125,15556.650390625,8525.0,28.09600067138672,69.36000061035156,0.0,0.0,0.0,0.0,6.0,0.6809330661248669,0.6786251877367341,1.050653193338973,0.0,Pre-COVID
2019-05-28,11928.75,39749.73046875,15.920000076293945,31597.533203125,15762.0498046875,8513.849609375,28.10099983215332,69.72000122070312,0.0,0.0,0.0,0.0,6.0,0.03354368016101894,0.03353805552639636,1.0408932755529163,0.0,Pre-COVID
2019-05-29,11861.099609375,39502.05078125,16.40999984741211,31295.1875,15865.599609375,8484.650390625,28.20199966430664,69.875,0.0,0.0,0.0,0.0,6.0,-0.5671205333752538,-0.5687347678687315,1.0468713073978002,-0.5671205333752538,Pre-COVID
2019-05-30,11945.900390625,39831.96875,15.609999656677246,31536.732421875,15997.349609375,8474.7001953125,28.040000915527344,69.81500244140625,0.0,0.0,0.0,0.0,6.0,0.7149487319284775,0.7124050901094894,1.052455167340383,0.0,Pre-COVID
2019-05-31,11922.7998046875,39714.19921875,16.06999969482422,31375.03515625,16160.650390625,8455.099609375,28.381999969482422,69.9800033569336,0.0,0.0,0.0,0.0,6.0,-0.19337668306382838,-0.1935638971628022,1.0534247528908236,-0.19337668306382838,Pre-COVID
2019-06-03,12088.5498046875,40267.62109375,15.970000267028809,31653.283203125,16360.5498046875,8536.599609375,28.534500122070312,69.5696029663086,0.0,0.0,0.0,0.0,6.0,1.3901936014629301,1.3806190447529239,1.0464670280580646,0.0,Pre-COVID
2019-06-04,12021.650390625,40083.5390625,15.630000114440918,31588.68359375,16105.2001953125,8432.9501953125,28.644500732421875,69.16190338134766,0.0,0.0,0.0,0.0,6.0,-0.5534114111566901,-0.5549484053303385,1.052863362745183,-0.5534114111566901,Pre-COVID
2019-06-05,,,,,,,,69.55999755859375,0.0,0.0,0.0,0.0,6.0,0.0,,1.0297004426593508,,Pre-COVID
2019-06-06,11843.75,39529.71875,15.529999732971191,30857.041015625,16012.099609375,8279.099609375,28.951499938964844,69.625,0.0,0.0,0.0,0.0,5.75,-1.4798333410505293,,1.0592016024470492,-2.025055185631741,Pre-COVID
2019-06-07,11870.650390625,39615.8984375,14.859999656677246,31066.189453125,16109.849609375,8179.60009765625,28.9064998626709,69.36000061035156,0.0,0.0,0.0,0.0,5.75,0.22712730870713127,0.22686976453037896,1.0458786037406138,-1.8025273302675782,Pre-COVID
2019-06-10,11922.7001953125,39784.51953125,14.979999542236328,31033.638671875,16362.400390625,8246.7001953125,28.795499801635742,69.34500122070312,0.0,0.0,0.0,0.0,5.75,0.43847475053773177,0.4375162508348263,1.0483904053071007,-1.3719562069446023,Pre-COVID
2019-06-11,11965.599609375,39950.4609375,14.489999771118164,31265.0859375,16448.099609375,8243.5,28.600500106811523,69.52349853515625,0.0,0.0,0.0,0.0,5.75,0.35981290613484873,0.3591671280959742,1.0496560089136762,-1.017079776308849,Pre-COVID
2019-06-12,11906.2001953125,39756.80859375,14.119999885559082,30965.33984375,16425.94921875,8179.14990234375,28.783000946044922,69.3864974975586,0.0,0.0,0.0,0.0,5.75,-0.49641819885031246,-0.49765444699523914,1.0546403335911205,-1.5084490060527478,Pre-COVID
2019-06-13,11914.0498046875,39741.359375,13.65999984741211,30975.740234375,16316.599609375,8148.5498046875,28.826000213623047,69.69999694824219,0.0,0.0,0.0,0.0,5.75,0.06592875347493088,0.06590703001973486,1.053591619561636,-1.4435147542043114,Pre-COVID
2019-06-14,11823.2998046875,39452.0703125,13.899999618530273,30613.994140625,16268.2001953125,8083.5498046875,29.242000579833984,69.80000305175781,0.0,0.0,0.0,0.0,5.75,-0.7617057296864349,-0.764621523730026,1.0638747727320086,-2.1942251492991005,Pre-COVID
2019-06-17,11672.150390625,38960.7890625,14.649999618530273,30272.8984375,16228.2001953125,7975.25,28.9375,69.77050018310547,0.0,0.0,0.0,0.0,5.75,-1.2784029548381648,-1.2866448437943827,1.075260653329127,-3.4445770649928154,Pre-COVID
2019-06-18,11691.5,39046.33984375,14.600000381469727,30350.646484375,16322.5,7916.9501953125,29.047500610351562,70.11250305175781,0.0,0.0,0.0,0.0,5.75,0.1657758744313398,0.16563861789982873,1.0621669313622577,-3.284511468311435,Pre-COVID
2019-06-19,11691.4501953125,39112.73828125,14.729999542236328,30361.74609375,16282.7001953125,7790.5,29.017000198364258,69.76499938964844,0.0,0.0,0.0,0.0,5.75,-0.0004259905700743083,-0.0004259914774167141,1.0351159440954487,-3.2849234671723737,Pre-COVID
2019-06-20,11831.75,39601.62890625,14.0,30780.7421875,16316.9501953125,8029.0,29.759000778198242,69.87000274658203,0.0,0.0,0.0,0.0,5.75,1.2000205478679637,1.1928773907426744,1.047364092810674,-2.1243226758922096,Pre-COVID
2019-06-21,11724.099609375,39194.48828125,14.609999656677246,30627.994140625,16189.400390625,7911.5498046875,29.764999389648438,69.77999877929688,0.0,0.0,0.0,0.0,5.75,-0.9098433505187353,-0.9140077037704798,1.0635969155292333,-3.0148380178007694,Pre-COVID
2019-06-24,11699.650390625,39122.9609375,15.220000267028809,30601.6953125,16187.400390625,7902.0,30.006999969482422,69.56990051269531,0.0,0.0,0.0,0.0,5.75,-0.2085381356743965,-0.20875587921609645,1.0375829686663178,-3.2170890664792506,Pre-COVID
2019-06-25,11796.4501953125,39434.94140625,15.010000228881836,30846.69140625,16214.4501953125,7947.2001953125,30.41699981689453,69.60250091552734,0.0,0.0,0.0,0.0,5.75,0.8273734808782462,0.823969509310694,1.040735183005011,-2.416332927393283,Pre-COVID
2019-06-26,11847.5498046875,39592.078125,14.75,31161.98828125,16101.75,8086.2998046875,29.84749984741211,69.63749694824219,0.0,0.0,0.0,0.0,5.75,0.4331778503613437,0.4322423357661431,1.0319108589064108,-1.9936220960643958,Pre-COVID
2019-06-27,11841.5498046875,39586.41015625,14.649999618530273,31269.13671875,15991.7998046875,8088.0,29.78350067138672,69.60250091552734,0.0,0.0,0.0,0.0,5.75,-0.05064338279993086,-0.05065621089227406,1.0244855056119146,-2.0432558411946355,Pre-COVID
2019-06-28,11788.849609375,39394.640625,14.949999809265137,31104.837890625,15936.4501953125,8065.14990234375,29.97949981689453,69.32499694824219,0.0,0.0,0.0,0.0,5.75,-0.44504474652159454,-0.4460380187531091,1.0063903464775261,-2.4792071849369934,Pre-COVID
2019-07-01,11865.599609375,39686.5,14.600000381469727,31371.833984375,15916.7001953125,8178.7998046875,29.586000442504883,68.94049835205078,0.0,0.0,0.0,0.0,5.75,0.6510389269786421,0.6489288220080565,0.7556006345089786,-1.84430886181276,Pre-COVID
2019-07-02,11910.2998046875,39816.48046875,14.25,31282.9375,16074.099609375,8101.64990234375,29.628000259399414,69.1675033569336,0.0,0.0,0.0,0.0,5.75,0.3767209141051886,0.3760130979735517,0.7330533064305502,-1.474535844910707,Pre-COVID
2019-07-03,11916.75,39839.25,13.699999809265137,31381.935546875,15927.650390625,8092.2001953125,30.15049934387207,69.0824966430664,0.0,0.0,0.0,0.0,5.75,0.054156447933917384,0.05414178862205623,0.7322059589256268,-1.4211779532138924,Pre-COVID
2019-07-04,11946.75,39908.05859375,13.529999732971191,31471.484375,15942.400390625,8046.7998046875,29.94499969482422,69.00749969482422,0.0,0.0,0.0,0.0,5.75,0.25174649128327786,0.2514301406271272,0.7193716318305803,-1.1730092275627269,Pre-COVID
2019-07-05,11811.150390625,39513.390625,13.069999694824219,31475.435546875,15550.0498046875,7926.5,30.246000289916992,68.73999786376953,0.0,0.0,0.0,0.0,5.75,-1.1350334557515662,-1.1415241213692495,0.6931426767617406,-2.2947286361423958,Pre-COVID
2019-07-08,11558.599609375,38720.5703125,13.850000381469727,30603.494140625,15376.0,7801.75,30.293500900268555,68.44000244140625,0.0,0.0,0.0,0.0,5.75,-2.138240331360608,-2.1614318798492884,0.7820659218853859,-4.383902154309727,Pre-COVID
2019-07-09,11555.900390625,38730.8203125,13.6899995803833,30568.794921875,15254.5,8012.0498046875,30.02199935913086,68.8499984741211,0.0,0.0,0.0,0.0,5.75,-0.023352472109261502,-0.02335519922360358,0.7817975067191574,-4.4062308768911045,Pre-COVID
2019-07-10,11498.900390625,38557.0390625,13.640000343322754,30521.744140625,15168.599609375,8009.5,30.16200065612793,68.76499938964844,0.0,0.0,0.0,0.0,5.75,-0.4932545113165099,-0.49447502653284114,0.7803999107804379,-4.8777514556283315,Pre-COVID
2019-07-11,11582.900390625,38823.109375,12.470000267028809,30716.193359375,15214.2998046875,8110.0498046875,30.587499618530273,68.36759948730469,0.0,0.0,0.0,0.0,5.75,0.7305046321514741,0.7278493704286908,0.7809652842432392,-4.182879023805053,Pre-COVID
2019-07-12,11552.5,38736.23046875,12.0,30601.09375,15227.400390625,8144.2998046875,30.327999114990234,68.66999816894531,0.0,0.0,0.0,0.0,5.75,-0.26245922523520093,-0.2628042532973005,0.7813523212631897,-4.434359897161855,Pre-COVID
2019-07-15,11588.349609375,38896.7109375,12.020000457763672,30445.595703125,15662.0498046875,8231.849609375,30.514999389648438,68.55030059814453,0.0,0.0,0.0,0.0,5.75,0.31031905972733753,0.3098385639232596,0.7336493205229487,-4.1378015013723175,Pre-COVID
2019-07-16,11662.599609375,39131.0390625,11.5600004196167,30570.4453125,15580.4501953125,8347.9501953125,30.546499252319336,68.74749755859375,0.0,0.0,0.0,0.0,5.75,0.6407297199588324,0.6386857732255645,0.7426808836799019,-3.5235839053856743,Pre-COVID
2019-07-17,11687.5,39215.640625,11.800000190734863,30735.142578125,15676.0,8330.75,30.486499786376953,68.8949966430664,0.0,0.0,0.0,0.0,5.75,0.21350634900458854,0.213278748103271,0.7446760716853605,-3.3176006317315876,Pre-COVID
2019-07-18,11596.900390625,38897.4609375,11.75,30430.24609375,15498.5,8223.150390625,30.962499618530273,68.78600311279297,0.0,0.0,0.0,0.0,5.75,-0.7751838235294128,-0.7782039913567366,0.7096562575123784,-4.067066951834509,Pre-COVID
2019-07-19,11419.25,38337.01171875,12.520000457763672,29770.00390625,15383.650390625,8040.10009765625,31.183500289916992,68.8499984741211,0.0,0.0,0.0,0.0,5.75,-1.531878214359883,-1.5437326885714044,0.7556311212468114,-5.536642653595802,Pre-COVID
2019-07-22,11346.2001953125,38031.12890625,13.010000228881836,29284.609375,15448.25,8120.85009765625,30.864500045776367,68.83000183105469,0.0,0.0,0.0,0.0,5.75,-0.6397075524881224,-0.641762449493666,0.7534767059713803,-6.14093188487459,Pre-COVID
2019-07-23,11331.0498046875,37982.73828125,13.430000305175781,29127.76171875,15493.400390625,8063.64990234375,30.78350067138672,69.16000366210938,0.0,0.0,0.0,0.0,5.75,-0.13352832106081625,-0.1336175495625011,0.7470445167167754,-6.266260322692052,Pre-COVID
2019-07-24,11271.2998046875,37847.6484375,12.760000228881836,28951.9140625,15380.75,7920.64990234375,30.826000213623047,69.0199966430664,0.0,0.0,0.0,0.0,5.75,-0.5273121293252303,-0.5287073265915101,0.7475186565626972,-6.7605297012806265,Pre-COVID
2019-07-25,11252.150390625,37830.98046875,12.640000343322754,29042.712890625,15474.650390625,8094.35009765625,30.835500717163086,69.18499755859375,0.0,0.0,0.0,0.0,5.75,-0.16989534831232112,-0.1700398341321937,0.746084233527699,-6.9189392241092,Pre-COVID
2019-07-26,11284.2998046875,37882.7890625,12.130000114440918,29324.958984375,15348.0498046875,8178.89990234375,30.684499740600586,69.15049743652344,0.0,0.0,0.0,0.0,5.75,0.28571795564771296,0.2853105577183542,0.7427945314089294,-6.65298992016512,Pre-COVID
2019-07-29,11189.2001953125,37686.37109375,13.0600004196167,29295.560546875,15400.849609375,8039.7998046875,30.66900062561035,68.87000274658203,0.0,0.0,0.0,0.0,5.75,-0.8427603929443195,-0.8463316975262767,0.7240509977339902,-7.4396815491157176,Pre-COVID
2019-07-30,11085.400390625,37397.23828125,13.609999656677246,28791.265625,15501.650390625,7877.75,30.789499282836914,68.94999694824219,0.0,0.0,0.0,0.0,5.75,-0.9276785013729971,-0.9320082365343962,0.7356499113172935,-8.298343724186964,Pre-COVID
2019-07-31,11118.0,37481.12109375,13.59000015258789,28875.6640625,15620.2001953125,7987.5,30.6564998626709,69.07749938964844,0.0,0.0,0.0,0.0,5.75,0.294076968140633,0.2936454076975709,0.740007178892104,-8.028670273676298,Pre-COVID
2019-08-01,10980.0,37018.3203125,14.5600004196167,28366.919921875,15332.099609375,7878.75,30.45549964904785,69.40499877929688,0.0,0.0,0.0,0.0,5.75,-1.2412304371289817,-1.2489980449893174,0.7186628578149666,-9.17024641167169,Pre-COVID
2019-08-02,10997.349609375,37118.21875,15.1899995803833,28204.62109375,15422.099609375,7868.2001953125,31.270000457763672,69.29720306396484,0.0,0.0,0.0,0.0,5.75,0.15801101434427256,0.15788630828991979,0.7110653277606357,-9.026725396700375,Pre-COVID
2019-08-05,10862.599609375,36699.83984375,16.59000015258789,27647.728515625,15518.5498046875,7807.9501953125,31.97100067138672,69.65689849853516,0.0,0.0,0.0,0.0,5.75,-1.225295228271439,-1.2328638591802652,0.7347976642782085,-10.141416589416885,Pre-COVID
2019-08-06,10948.25,36976.8515625,16.1200008392334,28021.7734375,15514.7998046875,7818.5,32.17100143432617,71.5199966430664,0.0,0.0,0.0,0.0,5.75,0.7884888857643269,0.7853965566277007,0.7328734756935023,-9.432891646319174,Pre-COVID
2019-08-07,10855.5,36690.5,16.739999771118164,27701.728515625,15583.349609375,7879.75,32.6510009765625,71.2300033569336,0.0,0.0,0.0,0.0,5.4,-0.847167355513434,-0.8507762146602829,0.7292406428207127,-10.20014662312404,Pre-COVID
2019-08-08,11032.4501953125,37327.359375,16.09000015258789,28110.123046875,15867.9501953125,7964.7998046875,32.60449981689453,71.16510009765625,0.0,0.0,0.0,0.0,5.4,1.6300510829763803,1.6169083798241606,0.8084047892976302,-8.736363140643078,Pre-COVID
2019-08-09,11109.650390625,37581.91015625,15.850000381469727,28431.5703125,15821.349609375,7924.0498046875,32.72549819946289,70.47090148925781,0.0,0.0,0.0,0.0,5.4,0.6997556657477588,0.6973187375465333,0.8248759717347847,-8.097740670952259,Pre-COVID
2019-08-12,,,,,,,,71.03500366210938,0.0,0.0,0.0,0.0,5.4,0.0,,0.810304545642676,,Pre-COVID
2019-08-13,10925.849609375,36958.16015625,17.780000686645508,27728.77734375,15424.400390625,7851.9501953125,33.30550003051758,71.58000183105469,0.0,0.0,0.0,0.0,5.4,-1.654424529912324,,0.8432574949807315,-9.618194192835661,Pre-COVID
2019-08-14,11029.400390625,37311.53125,16.360000610351562,28018.873046875,15466.25,7744.2998046875,32.777000427246094,71.08000183105469,0.0,0.0,0.0,0.0,5.4,0.9477595331455646,0.9432964697282421,0.8709321412481283,-8.76159201206914,Pre-COVID
2019-08-15,,,,,,,,71.63520050048828,0.0,0.0,0.0,0.0,5.4,0.0,,0.8670962840990153,,Pre-COVID
2019-08-16,11047.7998046875,37350.328125,16.649999618530273,28216.671875,15365.349609375,7684.2998046875,32.90299987792969,71.72000122070312,0.0,0.0,0.0,0.0,5.4,0.16682152620135504,,0.8543973907915304,-8.60938670738185,Pre-COVID
2019-08-19,11053.900390625,37402.48828125,16.75,28185.771484375,15415.150390625,7741.35009765625,32.94300079345703,71.13200378417969,0.0,0.0,0.0,0.0,5.4,0.055219917498061655,0.05520467691192048,0.7746154219148158,-8.558920886120692,Pre-COVID
2019-08-20,11017.0,37328.01171875,16.6299991607666,27982.123046875,15597.75,7749.7001953125,33.18550109863281,71.99500274658203,0.0,0.0,0.0,0.0,5.4,-0.33382235519596737,-0.3343807851424488,0.774996886116215,-8.864171650035246,Pre-COVID
2019-08-21,10918.7001953125,37060.37109375,17.020000457763672,27718.728515625,15578.150390625,7677.25,32.949501037597656,71.80999755859375,0.0,0.0,0.0,0.0,5.4,-0.8922556475220111,-0.8962600859057328,0.7843487693261295,-9.677336225403765,Pre-COVID
2019-08-22,10741.349609375,36472.9296875,17.850000381469727,27033.884765625,15632.0,7670.85009765625,33.199501037597656,71.43779754638672,0.0,0.0,0.0,0.0,5.4,-1.6242829527789215,-1.6376190359974212,0.8086312770925035,-11.144431855590364,Pre-COVID
2019-08-23,10829.349609375,36701.16015625,17.350000381469727,26958.337890625,15816.599609375,7780.5498046875,33.09149932861328,71.92040252685547,0.0,0.0,0.0,0.0,5.4,0.8192639025843995,0.8159261534645986,0.8317488244472045,-10.416470260346934,Pre-COVID
2019-08-26,11057.849609375,37494.12109375,16.65999984741211,27951.025390625,15890.2001953125,7824.2998046875,33.96049880981445,71.50250244140625,0.0,0.0,0.0,0.0,5.4,2.1100066785376237,2.0880542984677,0.9298297325297581,-8.526251799970519,Pre-COVID
2019-08-27,11105.349609375,37641.26953125,16.010000228881836,28125.82421875,15675.2998046875,7812.10009765625,33.94900131225586,72.16000366210938,0.0,0.0,0.0,0.0,5.4,0.42955910667956676,0.4286391351556263,0.9244059193394839,-8.13331798435616,Pre-COVID
2019-08-28,11046.099609375,37451.83984375,16.84000015258789,27803.978515625,15879.900390625,7738.64990234375,34.21149826049805,71.53500366210938,0.0,0.0,0.0,0.0,5.4,-0.5335266523260329,-0.5349549884040612,0.924088750178755,-8.62345121751722,Pre-COVID
2019-08-29,10948.2998046875,37068.9296875,16.43000030517578,27304.8828125,15884.5498046875,7912.5,34.22249984741211,72.08499908447266,0.0,0.0,0.0,0.0,5.4,-0.8853786236410199,-0.88932138970113,0.9267355491056926,-9.432479647458225,Pre-COVID
2019-08-30,11023.25,37332.7890625,16.280000686645508,27427.53125,16010.400390625,8072.0498046875,33.79949951171875,71.6801986694336,0.0,0.0,0.0,0.0,5.4,0.6845829640179435,0.682250334649108,0.9039340203621823,-8.81246983219125,Pre-COVID
2019-09-02,,,,,,,,71.72989654541016,0.0,0.0,0.0,0.0,5.4,0.0,,0.8986257741441149,,Pre-COVID
2019-09-03,10797.900390625,36562.91015625,18.059999465942383,26823.837890625,15984.900390625,7976.4501953125,34.45199966430664,71.96209716796875,0.0,0.0,0.0,0.0,5.4,-2.044311880570615,,0.9667798784431774,-10.676627345010669,Pre-COVID
2019-09-04,10844.650390625,36724.73828125,17.239999771118164,27123.53515625,16032.5,7967.64990234375,34.576499938964844,72.45999908447266,0.0,0.0,0.0,0.0,5.4,0.43295454031591074,0.4320199886309888,0.9699537150223793,-10.289897747537601,Pre-COVID
2019-09-05,10847.900390625,36644.421875,17.270000457763672,26919.38671875,16030.9501953125,8071.75,34.513999938964844,71.95570373535156,0.0,0.0,0.0,0.0,5.4,0.029968693161475102,0.029964203445609783,0.970313872573569,-10.26301280225872,Pre-COVID
2019-09-06,10946.2001953125,36981.76953125,16.270000457763672,27247.583984375,16034.5498046875,8068.75,33.52450180053711,72.22000122070312,0.0,0.0,0.0,0.0,5.4,0.9061643373168504,0.9020833036724151,0.9856911172670219,-9.4498482268902,Pre-COVID
2019-09-09,11003.0498046875,37145.44921875,15.850000381469727,27504.330078125,15919.400390625,8077.89990234375,33.6870002746582,71.66999816894531,0.0,0.0,0.0,0.0,5.4,0.5193547382711383,0.5180107429441778,0.9815004994455652,-8.979571723144842,Pre-COVID
2019-09-10,,,,,,,,72.09249877929688,0.0,0.0,0.0,0.0,5.4,0.0,,0.967448775282693,,Pre-COVID
2019-09-11,11035.7001953125,37270.8203125,15.369999885559082,27775.876953125,15701.7998046875,8082.89990234375,33.33150100708008,71.85900115966797,0.0,0.0,0.0,0.0,5.4,0.29673946046386845,,0.9674787331288364,-8.709478195364206,Pre-COVID
2019-09-12,10982.7998046875,37104.28125,14.899999618530273,27818.17578125,15583.25,8102.14990234375,33.14799880981445,71.56009674072266,0.0,0.0,0.0,0.0,5.4,-0.479356902496042,-0.48050950254965596,0.9440384580230545,-9.147085612959383,Pre-COVID
2019-09-13,11075.900390625,37384.98828125,14.119999885559082,28098.423828125,15722.900390625,8033.0498046875,33.12350082397461,71.28500366210938,0.0,0.0,0.0,0.0,5.4,0.8476944640087414,0.8441217109748282,0.9562082349756715,-8.376930487309831,Pre-COVID
2019-09-16,11003.5,37123.30859375,14.949999809265137,27854.67578125,15743.150390625,8070.64990234375,33.25,71.02069854736328,0.0,0.0,0.0,0.0,5.4,-0.6536749886833726,-0.655820799836375,0.9358484583683738,-8.975847576578266,Pre-COVID
2019-09-17,10817.599609375,36481.08984375,16.020000457763672,27131.435546875,15625.650390625,7933.85009765625,33.36399841308594,71.74909973144531,0.0,0.0,0.0,0.0,5.4,-1.689465993774708,-1.7039002763312223,0.9766305961894812,-10.513669677893633,Pre-COVID
2019-09-18,10840.650390625,36563.87890625,15.350000381469727,27172.333984375,15702.2998046875,7923.4501953125,33.11949920654297,71.70999908447266,0.0,0.0,0.0,0.0,5.4,0.21308591630644358,0.2128592102631135,0.9653604638794385,-10.322986910957754,Pre-COVID
2019-09-19,10704.7998046875,36093.46875,15.550000190734863,26757.33984375,15522.4501953125,7799.60009765625,32.79800033569336,71.5425033569336,0.0,0.0,0.0,0.0,5.4,-1.2531589991591652,-1.2610772583449696,0.9406831049723325,-11.446782470660233,Pre-COVID
2019-09-20,11274.2001953125,38014.62109375,15.399999618530273,28981.21484375,15491.099609375,7983.5498046875,32.81800079345703,71.71749877929688,0.0,0.0,0.0,0.0,5.4,5.319112930777714,5.182472599514427,1.3600462895791199,-6.7365368264374,Pre-COVID
2019-09-23,11600.2001953125,39090.03125,16.790000915527344,30565.84375,15040.650390625,7857.25,33.08250045776367,71.19159698486328,0.0,0.0,0.0,0.0,5.4,2.8915576657539077,2.8505409421526315,1.4549566676792818,-4.039770007694687,Pre-COVID
2019-09-24,11588.2001953125,39097.140625,16.729999542236328,30182.748046875,15338.650390625,7891.9501953125,33.08649826049805,70.78959655761719,0.0,0.0,0.0,0.0,5.4,-0.10344649056013289,-0.10350003337080292,1.4154945951078781,-4.139037497955156,Pre-COVID
2019-09-25,11440.2001953125,38593.51953125,16.170000076293945,29585.70703125,15379.900390625,7789.7001953125,33.345001220703125,71.28500366210938,0.0,0.0,0.0,0.0,5.4,-1.2771612287114875,-1.285387045749521,1.4334580076776162,-5.36333654450093,Pre-COVID
2019-09-26,11571.2001953125,38989.73828125,16.34000015258789,30002.25,15312.900390625,7857.2998046875,32.98649978637695,71.30999755859375,0.0,0.0,0.0,0.0,5.4,1.145084856589107,1.1385783826013007,1.4450278081648629,-4.279666442490814,Pre-COVID
2019-09-27,11512.400390625,38822.5703125,16.110000610351562,29876.302734375,15236.400390625,7695.2998046875,33.02149963378906,71.21499633789062,0.0,0.0,0.0,0.0,5.4,-0.5081564893442914,-0.5094519950938459,1.4503226162324372,-4.766075529085301,Pre-COVID
2019-09-30,11474.4501953125,38667.328125,15.869999885559082,29102.8125,15540.150390625,7547.75,32.97249984741211,70.49870300292969,0.0,0.0,0.0,0.0,5.4,-0.3296462425282254,-0.3301907727659163,1.4528661637074525,-5.080010582715843,Pre-COVID
2019-10-01,11359.900390625,38305.41015625,16.760000228881836,28725.166015625,15300.25,7466.4501953125,32.640499114990234,70.92250061035156,0.0,0.0,0.0,0.0,5.4,-0.9983032105041145,-1.0033196712540131,1.4652655653378965,-6.027599884478752,Pre-COVID
2019-10-02,,,,,,,,71.0999984741211,0.0,0.0,0.0,0.0,5.4,0.0,,1.453174834214887,,Pre-COVID
2019-10-03,11314.0,38106.87109375,17.700000762939453,28413.76953125,15277.9501953125,7461.75,33.354000091552734,71.1416015625,0.0,0.0,0.0,0.0,5.4,-0.4040562773145462,,1.4186948618750685,-6.407301266088661,Pre-COVID
2019-10-04,11174.75,37673.30859375,17.579999923706055,27731.52734375,15340.2998046875,7396.89990234375,33.640499114990234,71.0199966430664,0.0,0.0,0.0,0.0,5.15,-1.2307760296977222,-1.2384128036227409,1.4362473066759724,-7.559217767652838,Pre-COVID
2019-10-07,11126.400390625,37531.98046875,17.829999923706055,27767.228515625,15246.75,7148.9501953125,33.60350036621094,70.81500244140625,0.0,0.0,0.0,0.0,5.15,-0.43266837625002275,-0.4336070945390455,1.3886646884623648,-7.9591797991303554,Pre-COVID
2019-10-08,,,,,,,,71.36000061035156,0.0,0.0,0.0,0.0,5.15,0.0,,1.386613260619914,,Pre-COVID
2019-10-09,11313.2998046875,38177.94921875,17.15999984741211,28785.515625,15128.75,7235.60009765625,33.72249984741211,71.20999908447266,0.0,0.0,0.0,0.0,5.15,1.679783285706482,,1.41498842115951,-6.413093485368993,Pre-COVID
2019-10-10,11234.5498046875,37880.3984375,17.229999542236328,28013.123046875,15093.7998046875,7235.60009765625,33.827999114990234,71.41000366210938,0.0,0.0,0.0,0.0,5.15,-0.6960833829169011,-0.6985173448092334,1.4109087339964421,-7.064536390203314,Pre-COVID
2019-10-11,11305.0498046875,38127.078125,17.139999389648438,28042.173828125,15321.900390625,7278.4501953125,33.6614990234375,70.9800033569336,0.0,0.0,0.0,0.0,5.15,0.6275284833450412,0.6255677219734018,1.4101255799391375,-6.481339884923065,Pre-COVID
2019-10-14,11341.150390625,38214.46875,17.43000030517578,28181.62109375,15277.75,7361.7001953125,33.746498107910156,70.91400146484375,0.0,0.0,0.0,0.0,5.15,0.3193315072573366,0.31882272704231174,1.4105996378443972,-6.18270533801073,Pre-COVID
2019-10-15,11428.2998046875,38506.08984375,16.850000381469727,28554.767578125,15208.400390625,7420.64990234375,33.92499923706055,71.45249938964844,0.0,0.0,0.0,0.0,5.15,0.7684353972992053,0.7654979710518188,1.3552572373042968,-5.46178003703951,Pre-COVID
2019-10-16,11464.0,38598.98828125,16.360000610351562,28538.46875,15344.9501953125,7475.35009765625,33.734500885009766,71.76000213623047,0.0,0.0,0.0,0.0,5.15,0.3123841334461419,0.31189722795879393,1.3547152071738744,-5.166457637832799,Pre-COVID
2019-10-17,11586.349609375,39052.05859375,15.880000114440918,28989.111328125,15281.900390625,7533.4501953125,33.787498474121094,71.62000274658203,0.0,0.0,0.0,0.0,5.15,1.0672506051552677,1.0615956850818442,1.3635921367922457,-4.154346083082395,Pre-COVID
2019-10-18,11661.849609375,39298.37890625,15.930000305175781,29119.912109375,15410.099609375,7608.14990234375,33.76300048828125,71.42250061035156,0.0,0.0,0.0,0.0,5.15,0.6516288783389612,0.6495149556810502,1.3600179354618664,-3.5297881235269557,Pre-COVID
2019-10-21,,,,,,,,71.02999877929688,0.0,0.0,0.0,0.0,5.15,0.0,,1.359382656604752,,Pre-COVID
2019-10-22,11588.349609375,38963.83984375,16.809999465942383,29410.80859375,14688.650390625,7746.14990234375,33.665000915527344,71.1050033569336,0.0,0.0,0.0,0.0,5.15,-0.6302602285396697,,1.3674708774150834,-4.1378015013723175,Pre-COVID
2019-10-23,11604.099609375,39058.828125,16.540000915527344,29459.2578125,14833.349609375,7761.85009765625,33.792999267578125,71.07499694824219,0.0,0.0,0.0,0.0,5.15,0.1359123648397631,0.13582008758651654,1.3673198983729113,-4.007512920405453,Pre-COVID
2019-10-24,11582.599609375,39020.390625,16.239999771118164,29107.611328125,14781.5,7728.14990234375,33.701499938964844,70.71499633789062,0.0,0.0,0.0,0.0,5.15,-0.18527934715960592,-0.18545120164874979,1.3635052224667685,-4.18536717378879,Pre-COVID
2019-10-25,11583.900390625,39058.05859375,15.319999694824219,29395.607421875,14898.849609375,7736.5498046875,34.28150177001953,71.19000244140625,0.0,0.0,0.0,0.0,5.15,0.011230477560042473,0.011229846989121649,1.3580539029016006,-4.174606732950014,Pre-COVID
2019-10-27,,,,,,,34.13399887084961,,0.0,0.0,0.0,0.0,5.15,0.0,,1.3497951612543337,,Pre-COVID
2019-10-28,,,,,,,,70.83000183105469,0.0,0.0,0.0,0.0,5.15,0.0,,1.3035545679010214,,Pre-COVID
2019-10-29,11786.849609375,39831.83984375,16.420000076293945,29872.703125,15181.400390625,7824.60009765625,33.71049880981445,70.73500061035156,0.0,0.0,0.0,0.0,5.15,1.7519938181983052,,1.3325602035606918,-2.4957517666470808,Pre-COVID
2019-10-30,11844.099609375,40051.87109375,16.65999984741211,29987.15234375,15395.650390625,7819.35009765625,33.65999984741211,70.88459777832031,0.0,0.0,0.0,0.0,5.15,0.4857107869982835,0.4845350178432992,1.300660489235696,-2.022163115196096,Pre-COVID
2019-10-31,11877.4501953125,40129.05078125,16.280000686645508,30065.900390625,15559.400390625,7878.14990234375,34.06549835205078,70.98999786376953,0.0,0.0,0.0,0.0,5.15,0.2815797488827432,0.28118405572833055,0.8998703670369251,-1.7462773681351185,Pre-COVID
2019-11-01,11890.599609375,40165.03125,15.729999542236328,30330.19921875,15471.2001953125,7949.4501953125,34.18000030517578,70.97000122070312,0.0,0.0,0.0,0.0,5.15,0.11070906504571099,0.11064782775295007,0.7396505394604426,-1.637501590436774,Pre-COVID
2019-11-04,11941.2998046875,40301.9609375,15.930000305175781,30332.74609375,15591.2998046875,7966.85009765625,34.1870002746582,70.51210021972656,0.0,0.0,0.0,0.0,5.15,0.42638888683566023,0.4254824252091804,0.7413172148374396,-1.2180948284044923,Pre-COVID
2019-11-05,11917.2001953125,40248.23046875,15.920000076293945,30219.498046875,15533.4501953125,7879.5498046875,34.09149932861328,71.0,0.0,0.0,0.0,0.0,5.15,-0.2018173043904281,-0.20202122992972993,0.6969648862760502,-1.4174538066473175,Pre-COVID
2019-11-06,11966.0498046875,40469.78125,15.779999732971191,30609.244140625,15561.2998046875,7926.35009765625,33.86199951171875,70.8949966430664,0.0,0.0,0.0,0.0,5.15,0.4099084396871566,0.40907060383537674,0.6728635986590485,-1.0133556297422741,Pre-COVID
2019-11-07,12012.0498046875,40653.73828125,15.210000038146973,30632.794921875,15624.400390625,7966.0,33.7869987487793,71.0,0.0,0.0,0.0,0.0,5.15,0.3844209304726398,0.3836839214212366,0.6640769367909028,-0.6328302504104877,Pre-COVID
2019-11-08,11908.150390625,40323.609375,15.859999656677246,30749.04296875,15383.2998046875,7787.39990234375,33.50450134277344,71.37650299072266,0.0,0.0,0.0,0.0,5.15,-0.8649599006986697,-0.8687223905779384,0.6841276084053145,-1.4923164232036101,Pre-COVID
2019-11-11,11913.4501953125,40345.078125,16.25,31115.189453125,15308.5498046875,7784.89990234375,33.553001403808594,71.37650299072266,0.0,0.0,0.0,0.0,5.15,0.04450569159482054,0.04449579074941643,0.6507084394793051,-1.4484748973537132,Pre-COVID
2019-11-12,,,,,,,,71.5739974975586,0.0,0.0,0.0,0.0,5.15,0.0,,0.6507084394793051,,Pre-COVID
2019-11-13,11840.4501953125,40116.05859375,16.459999084472656,30541.1953125,15240.9501953125,7660.4501953125,33.82550048828125,71.77999877929688,0.0,0.0,0.0,0.0,5.15,-0.6127528029514329,,0.658029335036867,-2.052352129771562,Pre-COVID
2019-11-14,11872.099609375,40286.48046875,15.649999618530273,30749.591796875,15388.75,7591.4501953125,33.84149932861328,72.1415023803711,0.0,0.0,0.0,0.0,5.15,0.2672990768123773,0.2669424681631218,0.6039550306464974,-1.7905389712549957,Pre-COVID
2019-11-15,11895.4501953125,40356.69140625,15.029999732971191,31008.0390625,15310.650390625,7720.60009765625,33.53850173950195,71.95580291748047,0.0,0.0,0.0,0.0,5.15,0.1966845520657623,0.19649138125061882,0.5918970332923118,-1.5973761327444214,Pre-COVID
2019-11-18,11884.5,40284.19140625,15.760000228881836,30991.740234375,15295.25,7816.5498046875,33.43000030517578,71.70580291748047,0.0,0.0,0.0,0.0,5.15,-0.09205364347466549,-0.09209603886071213,0.5933390155189027,-1.687959333288902,Pre-COVID
2019-11-19,11940.099609375,40469.69921875,15.40999984741211,31235.88671875,15304.849609375,7851.4501953125,33.708499908447266,71.93509674072266,0.0,0.0,0.0,0.0,5.15,0.46783297046573136,0.4667420332106962,0.5283342518453271,-1.2280231931123486,Pre-COVID
2019-11-20,11999.099609375,40651.640625,15.15999984741211,31353.484375,15318.5,8107.60009765625,33.85300064086914,71.85099792480469,0.0,0.0,0.0,0.0,5.15,0.4941332311304558,0.49291639974579793,0.50432387593006,-0.7399580326650446,Pre-COVID
2019-11-21,11968.400390625,40575.171875,14.979999542236328,31349.583984375,15293.9501953125,8068.9501953125,33.702999114990234,71.76820373535156,0.0,0.0,0.0,0.0,5.15,-0.2558460196964596,-0.25617386493080496,0.5055521687902882,-0.9939108991875112,Pre-COVID
2019-11-22,11914.400390625,40359.41015625,14.869999885559082,31111.23828125,14995.900390625,8067.2001953125,33.707000732421875,71.7405014038086,0.0,0.0,0.0,0.0,5.15,-0.45118811401312353,-0.4522090396049399,0.5182461029293667,-1.4406146053596247,Pre-COVID
2019-11-25,12073.75,40889.23046875,15.0,31555.533203125,15100.599609375,8211.5498046875,33.38850021362305,71.78260040283203,0.0,0.0,0.0,0.0,5.15,1.3374538722098483,1.3285889135891809,0.5504733993634778,-0.12242828897276459,Pre-COVID
2019-11-26,12037.7001953125,40821.30078125,14.84000015258789,31717.98046875,14922.150390625,8177.85009765625,33.32149887084961,71.67949676513672,0.0,0.0,0.0,0.0,5.15,-0.29858001604721185,-0.2990266554493549,0.5568537811994573,-0.42064275861511957,Pre-COVID
2019-11-27,12100.7001953125,41020.609375,14.619999885559082,31875.578125,15022.150390625,8246.099609375,33.2869987487793,71.42839813232422,0.0,0.0,0.0,0.0,5.15,0.5233557820665036,0.5219910352766259,0.534865235579199,0.0,Pre-COVID
2019-11-28,12151.150390625,41130.171875,13.989999771118164,32122.576171875,15121.7998046875,8273.650390625,33.33649826049805,71.22810363769531,0.0,0.0,0.0,0.0,5.15,0.4169196368656758,0.4160529350791835,0.5289015861214572,0.0,Pre-COVID
2019-11-29,12056.0498046875,40793.80859375,13.899999618530273,31945.728515625,14998.0498046875,8189.9501953125,33.41350173950195,71.54740142822266,0.0,0.0,0.0,0.0,5.15,-0.7826467690735917,-0.785725523266999,0.5546416178394495,-0.7826467690735917,Pre-COVID
2019-12-02,12048.2001953125,40802.171875,14.199999809265137,31871.078125,14852.0,8128.9501953125,33.40850067138672,71.7229995727539,0.0,0.0,0.0,0.0,5.15,-0.06510929783939412,-0.0651305031476376,0.5378937815850195,-0.8472464910970867,Pre-COVID
2019-12-03,11994.2001953125,40675.44921875,14.5600004196167,31612.982421875,14920.75,8044.85009765625,33.484500885009766,71.625,0.0,0.0,0.0,0.0,5.15,-0.4481997238144242,-0.4492071500914214,0.5481902285489447,-1.2916488584783892,Pre-COVID
2019-12-04,12043.2001953125,40850.2890625,13.319999694824219,31978.9296875,15175.150390625,8121.5,33.756500244140625,71.95999908447266,0.0,0.0,0.0,0.0,5.15,0.4085307832292884,0.40769856204158444,0.547816792234683,-0.8883948584472057,Pre-COVID
2019-12-05,12018.400390625,40779.58984375,14.3100004196167,31712.580078125,15367.5,8051.85009765625,33.66550064086914,71.4801025390625,0.0,0.0,0.0,0.0,5.15,-0.20592371035360602,-0.20613602474655762,0.5508870381113686,-1.0924891531457037,Pre-COVID
2019-12-06,11921.5,40445.1484375,13.640000343322754,31341.185546875,15289.599609375,7957.5498046875,33.62200164794922,71.38500213623047,0.0,0.0,0.0,0.0,5.15,-0.8062669529681155,-0.8095348621998211,0.5762428809689103,-1.889947727107244,Pre-COVID
2019-12-09,11937.5,40487.4296875,14.600000381469727,31316.287109375,15157.150390625,7960.35009765625,33.23550033569336,71.28679656982422,0.0,0.0,0.0,0.0,5.15,0.1342112989137334,0.13412131605239933,0.5759815318119733,-1.758272951586859,Pre-COVID
2019-12-10,11856.7998046875,40239.87890625,14.289999961853027,31159.98828125,14946.5498046875,7940.5,33.20650100708008,70.96019744873047,0.0,0.0,0.0,0.0,5.15,-0.6760225785340301,-0.6783179618895445,0.5019485458968974,-2.4224092079759063,Pre-COVID
2019-12-11,11910.150390625,40412.5703125,13.380000114440918,31256.38671875,15130.2998046875,7967.85009765625,33.27199935913086,71.01000213623047,0.0,0.0,0.0,0.0,5.15,0.44995771891509495,0.44894843560396736,0.5008482402862227,-1.9833513062758157,Pre-COVID
2019-12-12,11971.7998046875,40581.7109375,13.350000381469727,31665.08203125,14972.650390625,8045.35009765625,33.287498474121094,70.72930145263672,0.0,0.0,0.0,0.0,5.15,0.5176207859728388,0.5162857346029799,0.5069204782279761,-1.475996758923126,Pre-COVID
2019-12-13,12086.7001953125,41009.7109375,13.300000190734863,32013.876953125,15200.5498046875,8045.0498046875,33.22050094604492,70.55989837646484,0.0,0.0,0.0,0.0,5.15,0.9597587037832866,0.9551822783961174,0.5346617995716064,-0.5304040625011552,Pre-COVID
2019-12-16,12053.9501953125,40938.71875,13.420000076293945,31973.828125,15348.75,8025.85009765625,33.44300079345703,70.68900299072266,0.0,0.0,0.0,0.0,5.15,-0.27095898360001147,-0.2713267419203363,0.5331567522501678,-0.7999258686444466,Pre-COVID
2019-12-17,12165.0,41352.171875,12.520000457763672,32139.876953125,15637.150390625,7999.60009765625,33.50299835205078,70.92050170898438,0.0,0.0,0.0,0.0,5.15,0.9212731336046609,0.9170552980705609,0.5551017871076045,0.0,Pre-COVID
2019-12-18,12221.650390625,41558.5703125,12.34000015258789,32243.875,15710.650390625,8091.10009765625,33.59600067138672,71.21499633789062,0.0,0.0,0.0,0.0,5.15,0.46568344122481786,0.4646024904610523,0.5563710398087476,0.0,Pre-COVID
2019-12-19,12259.7001953125,41673.921875,12.119999885559082,32241.07421875,15812.9501953125,8073.0498046875,0.33550000190734863,70.98989868164062,0.0,0.0,0.0,0.0,5.15,0.3113311498149862,0.3108475179285728,0.5551142644418509,0.0,Pre-COVID
2019-12-20,12271.7998046875,41681.5390625,12.329999923706055,32384.572265625,15844.5498046875,8049.4501953125,0.33649998903274536,71.22270202636719,0.0,0.0,0.0,0.0,5.15,0.09869417018555371,0.09864549951019103,0.5263085240653103,0.0,Pre-COVID
2019-12-23,12262.75,41642.66015625,11.960000038146973,32339.07421875,15865.5,8051.5,33.650001525878906,71.02400207519531,0.0,0.0,0.0,0.0,5.15,-0.07374472230261553,-0.07377192709850935,0.5271933656887773,-0.07374472230261553,Pre-COVID
2019-12-24,12214.5498046875,41461.26171875,11.630000114440918,32280.375,15778.2001953125,8073.7998046875,33.75,71.21070098876953,0.0,0.0,0.0,0.0,5.15,-0.39306187692401684,-0.3938363953434116,0.5345386738380031,-0.46651673683701933,Pre-COVID
2019-12-25,,,,,,,,71.45999908447266,0.0,0.0,0.0,0.0,5.15,0.0,,0.5184373464876396,,Pre-COVID
2019-12-26,12126.5498046875,41163.76171875,11.119999885559082,31997.328125,15706.4501953125,7997.60009765625,34.0,71.54000091552734,0.0,0.0,0.0,0.0,5.15,-0.7204522590446127,,0.5387445431485572,-1.1836079655122678,Pre-COVID
2019-12-27,12245.7998046875,41575.140625,10.529999732971191,32411.97265625,15780.7001953125,8068.0498046875,34.150001525878906,71.30030059814453,0.0,0.0,0.0,0.0,5.15,0.9833794601157297,0.9785757510884093,0.5635902106641681,-0.21186786301768956,Pre-COVID
2019-12-30,12255.849609375,41558.0,11.010000228881836,32354.5234375,15775.0,8083.10009765625,34.29999923706055,71.31300354003906,0.0,0.0,0.0,0.0,5.15,0.08206736062803532,0.08203370378256411,0.562457344657433,-0.1299743767528505,Pre-COVID
2019-12-31,12168.4501953125,41253.73828125,11.670000076293945,32161.27734375,15652.400390625,8040.14990234375,34.45000076293945,71.31099700927734,0.0,0.0,0.0,0.0,5.15,-0.7131240742024536,-0.7156789574995062,0.5772571651233834,-0.8421715723843759,Pre-COVID
2020-01-01,12182.5,,,32102.52734375,15722.150390625,8047.10009765625,34.349998474121094,71.27580261230469,0.0,0.0,0.0,0.0,5.15,0.1154609211690083,0.11539431631088094,0.5716579006299687,-0.7276830302706649,Pre-COVID
2020-01-02,12282.2001953125,41626.640625,11.489999771118164,32443.47265625,15709.650390625,8053.9501953125,34.349998474121094,71.0250015258789,0.0,0.0,0.0,0.0,5.15,0.8183886337984836,0.8150579934013252,0.5851842846023627,0.0,Pre-COVID
2020-01-03,12226.650390625,41464.609375,12.699999809265137,32068.876953125,15936.599609375,8111.9501953125,35.400001525878906,71.41500091552734,0.0,0.0,0.0,0.0,5.15,-0.4522789386603554,-0.4533048142335533,0.5852189729973108,-0.4522789386603554,Pre-COVID
2020-01-06,11993.0498046875,40676.62890625,14.779999732971191,31236.787109375,15879.7998046875,7987.35009765625,36.150001525878906,71.73100280761719,0.0,0.0,0.0,0.0,5.15,-1.9105853072941215,-1.9290728473141492,0.6436161689865243,-2.3542230710044465,Pre-COVID
2020-01-07,12052.9501953125,40869.46875,14.609999656677246,31399.03515625,15895.2001953125,8036.5,35.5,71.78700256347656,0.0,0.0,0.0,0.0,5.15,0.4994592001242859,0.49821604032702516,0.6481954455943748,-1.866522254599734,Pre-COVID
2020-01-08,12025.349609375,40817.73828125,15.640000343322754,31373.28515625,15953.4501953125,7996.14990234375,36.099998474121094,72.16000366210938,0.0,0.0,0.0,0.0,5.15,-0.22899444111396106,-0.22925703434345887,0.6420239409068202,-2.0912424635085136,Pre-COVID
2020-01-09,12215.900390625,41452.3515625,14.0,32092.02734375,15925.150390625,8033.14990234375,35.04999923706055,71.41190338134766,0.0,0.0,0.0,0.0,5.15,1.5845758122611686,1.5721524760104573,0.7019483182270854,-0.5398039734998195,Pre-COVID
2020-01-10,12256.7998046875,41599.71875,14.079999923706055,32097.02734375,15959.900390625,8058.5,34.95000076293945,71.19429779052734,0.0,0.0,0.0,0.0,5.15,0.33480474426501594,0.3342455210374022,0.687379419684492,-0.20680651854783072,Pre-COVID
2020-01-13,12329.5498046875,41859.69140625,14.279999732971191,32177.27734375,16225.900390625,8078.4501953125,34.75,70.9530029296875,0.0,0.0,0.0,0.0,5.15,0.5935480807329307,0.5917935234497194,0.6938218933442679,0.0,Pre-COVID
2020-01-14,12362.2998046875,41952.62890625,13.90999984741211,32071.27734375,16362.349609375,8117.0,34.75,70.71890258789062,0.0,0.0,0.0,0.0,5.15,0.2656220260982112,0.2652698742518761,0.6873172414069643,0.0,Pre-COVID
2020-01-15,12343.2998046875,41872.73046875,14.119999885559082,31824.53125,16346.849609375,8166.2001953125,35.04999923706055,70.84510040283203,0.0,0.0,0.0,0.0,5.15,-0.15369308543056182,-0.15381131440847837,0.6863662735511465,-0.15369308543056182,Pre-COVID
2020-01-16,12355.5,41932.55859375,14.180000305175781,31853.529296875,16381.650390625,8203.099609375,35.0,70.71800231933594,0.0,0.0,0.0,0.0,5.15,0.09884063018437139,0.09879181499700634,0.6841735921936477,-0.0550043664603761,Pre-COVID
2020-01-17,12352.349609375,41945.37109375,14.130000114440918,31590.283203125,16356.599609375,8345.2998046875,34.95000076293945,70.94560241699219,0.0,0.0,0.0,0.0,5.15,-0.0254978804985595,-0.025501131760789476,0.6632569659527371,-0.08048822201131012,Pre-COVID
2020-01-20,12224.5498046875,41528.91015625,15.40999984741211,31080.2890625,16207.150390625,8269.349609375,35.22999954223633,71.03469848632812,0.0,0.0,0.0,0.0,5.15,-1.0346193941151438,-1.040008785925209,0.6959502728022473,-1.1142748693715454,Pre-COVID
2020-01-21,12169.849609375,41323.80859375,15.859999656677246,30947.19140625,16175.2001953125,8274.2001953125,35.130001068115234,71.03099822998047,0.0,0.0,0.0,0.0,5.15,-0.4474618385662321,-0.44846594550091806,0.6885827137416296,-1.556750753120606,Pre-COVID
2020-01-22,12106.900390625,41115.37890625,16.360000610351562,30701.091796875,16334.5498046875,8256.650390625,35.290000915527344,71.16999816894531,0.0,0.0,0.0,0.0,5.15,-0.5172555189302153,-0.5185979163736476,0.6937329506825792,-2.065953892864325,Pre-COVID
2020-01-23,12180.349609375,41386.3984375,15.859999656677246,31003.689453125,16474.400390625,8300.2001953125,35.209999084472656,71.0781021118164,0.0,0.0,0.0,0.0,5.15,0.606672363529781,0.6048395159307269,0.6959589737607916,-1.4718151006458235,Pre-COVID
2020-01-24,12248.25,41613.19140625,15.5600004196167,31241.38671875,16472.75,8294.0498046875,35.400001525878906,71.32099914550781,0.0,0.0,0.0,0.0,5.15,0.5574584704263197,0.555910421184782,0.6817536742482949,-0.9225613881670647,Pre-COVID
2020-01-27,12119.0,41155.12109375,17.18000030517578,30837.041015625,16393.55078125,8416.349609375,35.849998474121094,71.32499694824219,0.0,0.0,0.0,10.19,5.15,-1.0552527912150667,-1.0608600656474902,0.7088469751406652,-1.9680788245828307,Pre-COVID
2020-01-28,12055.7998046875,40966.859375,17.299999237060547,30761.04296875,16429.75,8420.25,35.720001220703125,71.44000244140625,0.0,0.0,0.0,10.19,5.15,-0.5214967844912932,-0.5228613250633523,0.6944131037571448,-2.4793121412876817,Pre-COVID
2020-01-29,12129.5,41198.66015625,16.5,30876.640625,16479.30078125,8412.7998046875,35.61000061035156,71.23040008544922,0.0,0.0,0.0,10.19,5.15,0.6113256399948197,0.6094646255253335,0.6984786883602095,-1.8831431721080594,Pre-COVID
2020-01-30,12035.7998046875,40913.8203125,16.799999237060547,30647.044921875,16327.900390625,8237.0498046875,35.93000030517578,71.30000305175781,0.0,0.0,0.0,10.19,5.15,-0.7724984155365044,-0.7754976405079576,0.7085539707762778,-2.641094336477734,Pre-COVID
2020-01-31,11962.099609375,40723.48828125,17.3700008392334,30833.2421875,16144.150390625,8138.60009765625,35.869998931884766,71.63999938964844,0.0,0.0,0.0,10.19,5.15,-0.6123414854723341,-0.6142239847635705,0.7149606546960724,-3.2372633056573563,Pre-COVID
2020-02-03,11707.900390625,39872.30859375,15.779999732971191,30022.900390625,16059.900390625,7967.5498046875,35.90999984741211,71.49649810791016,0.29,0.0,0.0,10.19,5.15,-2.1250384719316173,-2.147942474929971,0.8063269823311794,-5.293508686906034,Pre-COVID
2020-02-04,11979.650390625,40789.37890625,14.380000114440918,30686.341796875,16350.849609375,8122.39990234375,35.58000183105469,71.31410217285156,0.29,0.0,0.0,10.19,5.15,2.321082268667074,2.2945548520019123,0.9221815932803874,-3.095293109761088,Pre-COVID
2020-02-05,12089.150390625,41142.66015625,14.170000076293945,31001.58984375,16448.55078125,8125.60009765625,35.310001373291016,71.0999984741211,0.29,0.0,0.0,10.19,5.15,0.9140500467834434,0.9098978920125088,0.9391955990484422,-2.2095355910955017,Pre-COVID
2020-02-06,12137.9501953125,41306.03125,13.779999732971191,31303.6875,16371.150390625,8227.900390625,35.58000183105469,71.18000030517578,0.29,0.0,0.0,10.19,5.15,0.40366612301674376,0.402853577236436,0.9331088620575254,-1.814788614736007,Pre-COVID
2020-02-07,12098.349609375,41141.8515625,13.75,31201.5859375,16470.150390625,8341.849609375,35.70000076293945,71.47000122070312,0.29,0.0,0.0,10.19,5.15,-0.32625431230384194,-0.3267876820959125,0.9163559506418809,-2.1351221009250687,Pre-COVID
2020-02-10,12031.5,40979.62109375,14.210000038146973,31057.7890625,16431.94921875,8261.25,35.95000076293945,71.5155029296875,0.71,0.0,0.0,10.19,5.15,-0.5525514763038308,-0.5540836887552729,0.9208429983530297,-2.6758759285393507,Pre-COVID
2020-02-11,12107.900390625,41216.140625,13.880000114440918,31300.236328125,16452.30078125,8324.650390625,35.81999969482422,71.27999877929688,0.71,0.0,0.0,10.19,5.15,0.6350030388978967,0.6329953892095818,0.9206378623675605,-2.0578647831048236,Pre-COVID
2020-02-12,12201.2001953125,41565.8984375,13.619999885559082,31492.53515625,16538.099609375,8265.0498046875,35.7599983215332,71.27529907226562,0.71,0.0,0.0,10.19,5.15,0.7705696419483266,0.767615918045539,0.9314838787325853,-1.30315242244744,Pre-COVID
2020-02-13,12174.650390625,41459.7890625,13.369999885559082,31229.88671875,16673.05078125,8335.7001953125,35.95000076293945,71.29620361328125,0.71,0.0,0.0,10.19,5.15,-0.21759994314084485,-0.2178370358219195,0.919582077611896,-1.5179167066579957,Pre-COVID
2020-02-14,12113.4501953125,41257.73828125,13.619999885559082,30834.443359375,16642.75,8331.7001953125,35.849998474121094,71.26850128173828,0.71,0.0,0.0,10.19,5.15,-0.5026854435148831,-0.5039531569823335,0.9204349322020063,-2.0129718038438327,Pre-COVID
2020-02-17,12045.7998046875,41055.69140625,14.420000076293945,30680.341796875,16647.69921875,8204.849609375,35.93000030517578,71.51480102539062,0.0,0.0,0.0,10.19,5.15,-0.558473346026378,-0.5600386389670753,0.8558558232267408,-2.560203238882708,Pre-COVID
2020-02-18,11992.5,40894.37890625,14.510000228881836,30562.14453125,16748.75,8198.2998046875,36.13999938964844,71.34919738769531,0.0,0.0,0.0,10.19,5.15,-0.44247626186481037,-0.4434580853707973,0.8548675815469037,-2.9913512091599648,Pre-COVID
2020-02-19,12125.900390625,41323.0,14.020000457763672,30837.83984375,16772.5,8378.650390625,36.709999084472656,71.57499694824219,0.0,0.0,0.0,10.19,5.15,1.112365150093808,1.1062238693018929,0.8779600299669891,-1.9122608074337633,Pre-COVID
2020-02-20,12080.849609375,41170.12109375,13.699999809265137,30942.490234375,16649.400390625,8364.349609375,36.81999969482422,71.82749938964844,0.0,0.0,0.0,10.19,5.15,-0.3715252459506435,-0.3722171151700223,0.8299638804266429,-2.2766815217163727,Wave 1 Crash
2020-02-21,,,,,,,,72.11000061035156,0.0,0.0,0.0,10.19,5.15,0.0,,0.8270835505108514,,Wave 1 Crash
2020-02-24,11829.400390625,40363.23046875,17.0,30454.74609375,16461.80078125,8115.5498046875,38.58000183105469,71.88680267333984,0.0,0.0,0.0,10.19,5.15,-2.081386879900149,,0.8971062353559365,-4.310681851126407,Wave 1 Crash
2020-02-25,11797.900390625,40281.19921875,16.899999618530273,30432.345703125,16562.5,7938.4501953125,37.439998626708984,72.04669952392578,0.0,0.0,0.0,10.19,5.15,-0.2662856861702312,-0.2666408571566386,0.8941863509418814,-4.5654888085507555,Wave 1 Crash
2020-02-26,11678.5,39888.9609375,18.260000228881836,30306.498046875,16332.25,7839.2001953125,37.52000045776367,71.87000274658203,0.0,0.0,0.0,10.19,5.15,-1.0120477938589723,-1.0172038146389433,0.9078775520883594,-5.531331673643914,Wave 1 Crash
2020-02-27,11633.2998046875,39745.66015625,17.770000457763672,30186.6484375,16123.7998046875,7885.14990234375,37.380001068115234,71.66339874267578,0.0,0.0,0.0,10.19,5.15,-0.3870376787472707,-0.38778860778288543,0.9070579876037301,-5.896961014677704,Wave 1 Crash
2020-02-28,11201.75,38297.2890625,23.239999771118164,29146.8125,15212.9501953125,7576.75,37.369998931884766,71.93000030517578,0.0,0.0,0.0,10.19,5.15,-3.709607866493836,-3.7801642322276403,1.1098228727120103,-9.387814751486989,Wave 1 Crash
2020-03-02,11132.75,38144.01953125,25.200000762939453,28868.064453125,15427.650390625,7535.10009765625,37.029998779296875,72.1500015258789,0.0,0.0,0.0,10.19,5.15,-0.6159751824491688,-0.6178801363001744,1.1031313603695434,-9.945963324892693,Wave 1 Crash
2020-03-03,11303.2998046875,38623.69921875,24.540000915527344,29176.7109375,15723.2001953125,7920.60009765625,37.119998931884766,72.82499694824219,0.0,0.0,0.0,10.19,5.15,1.5319647408546855,1.5203486470954997,1.1524386181783082,-8.566367235313699,Wave 1 Crash
2020-03-04,11251.0,38409.48046875,24.229999542236328,28653.365234375,15864.2998046875,8086.5498046875,38.099998474121094,73.34200286865234,0.0,0.0,0.0,10.19,5.15,-0.46269501465237006,-0.46376876143074347,1.1520280764277744,-8.989426095831465,Wave 1 Crash
2020-03-05,11269.0,38470.609375,23.25,28815.015625,15871.349609375,8146.0,38.040000915527344,74.0425033569336,0.0,0.0,0.0,26.85,5.15,0.15998577904186018,0.15985793812774052,1.1435951734423513,-8.843822120160405,Wave 1 Crash
2020-03-06,10989.4501953125,37576.62109375,25.639999389648438,27801.126953125,15663.5,8018.2998046875,39.04999923706055,73.8551025390625,0.0,0.0,0.0,26.85,5.15,-2.4806975302821943,-2.511985353017798,1.2024039959431103,-11.10513117352523,Wave 1 Crash
2020-03-09,10451.4501953125,35634.94921875,30.799999237060547,26462.29296875,14854.900390625,7756.4501953125,38.459999084472656,73.99530029296875,4.57,0.0,0.0,26.85,5.15,-4.895604333595161,-5.019499598647564,1.4571091836280206,-15.457072224137857,Wave 1 Crash
2020-03-10,,,,,,,,74.40599822998047,4.57,0.0,0.0,26.85,5.15,0.0,,1.4597277426732251,,Wave 1 Crash
2020-03-11,10458.400390625,35697.3984375,31.559999465942383,26487.4921875,14681.400390625,7623.0498046875,38.18000030517578,74.20500183105469,4.57,0.0,0.0,26.85,5.15,0.06649981756232659,,1.4492339699673509,-15.400851331405063,Wave 1 Crash
2020-03-12,9590.150390625,32778.140625,41.15999984741211,23970.87109375,13384.849609375,6942.5498046875,37.959999084472656,74.76000213623047,4.57,0.0,0.0,26.85,5.15,-8.301938801064711,-8.666894981793947,2.034839364284203,-22.42422088009356,Wave 1 Crash
2020-03-13,9955.2001953125,34103.48046875,51.470001220703125,25166.15625,13539.099609375,7268.0,36.619998931884766,75.30000305175781,4.57,0.0,0.0,41.67,5.15,3.8065076126893693,3.735847654239177,2.1973595536752843,-19.471292942291228,Wave 1 Crash
2020-03-16,9197.400390625,31390.0703125,58.880001068115234,23100.8828125,12451.349609375,6959.35009765625,35.66999816894531,73.90399932861328,9.71,0.29,0.0,44.44,5.15,-7.612100106679087,-7.9174169451103715,2.5326429892882247,-25.601218738138375,Wave 1 Crash
2020-03-17,8967.0498046875,30579.08984375,62.93000030517578,22154.892578125,12099.25,6979.10009765625,34.83000183105469,75.15499877929688,9.71,0.29,0.0,44.44,5.15,-2.504518409052825,-2.536415171509603,2.482349053962252,-27.464549910952652,Wave 1 Crash
2020-03-18,8468.7998046875,28869.509765625,63.959999084472656,20579.9609375,11753.0,6705.75,35.439998626708984,74.01239776611328,9.71,0.29,0.0,44.44,5.15,-5.556454027271506,-5.716792711513327,2.595136413163301,-31.494948848625025,Wave 1 Crash
2020-03-19,8263.4501953125,28288.23046875,72.19999694824219,20083.265625,11340.0,6655.5,35.209999084472656,74.98200225830078,9.71,0.29,0.0,44.44,5.15,-2.4247781753128472,-2.454659954775134,2.588276128013681,-33.15604437793047,Wave 1 Crash
2020-03-20,8745.4501953125,29915.9609375,67.0999984741211,20317.36328125,12363.4501953125,6951.89990234375,36.11000061035156,75.15969848632812,9.71,0.29,0.0,44.44,5.15,5.832914685846569,5.669138794443699,2.889950613809762,-29.257093473850016,Wave 1 Crash
2020-03-23,7610.25,25981.240234375,71.98999786376953,16917.453125,11179.599609375,6432.2998046875,35.02000045776367,75.62210083007812,36.14,0.71,0.0,86.57,5.15,-12.980466070471241,-13.903756461051204,3.617597573929086,-38.43985245274211,Wave 1 Crash
2020-03-24,7801.0498046875,26674.029296875,83.61000061035156,17107.1015625,11865.0498046875,6611.0498046875,36.38999938964844,76.50599670410156,36.14,0.71,0.0,86.57,5.15,2.507142402516349,2.4762292138464663,3.670546027423749,-36.89645189053318,Wave 1 Crash
2020-03-25,8317.849609375,28535.779296875,77.62999725341797,18480.8359375,12233.349609375,6695.5498046875,36.9900016784668,77.26000213623047,36.14,0.71,0.0,100.0,5.15,6.624746894667499,6.414544603118057,3.9352502073467126,-32.71600154672626,Wave 1 Crash
2020-03-26,8641.4501953125,29946.76953125,71.52999877929688,19613.671875,12535.599609375,6775.0,36.720001220703125,75.84549713134766,36.14,0.71,0.0,100.0,5.15,3.8904356430389475,3.816665439616388,4.040373526607707,-30.09836088883833,Wave 1 Crash
2020-03-27,8660.25,29815.58984375,70.38999938964844,19968.767578125,12569.099609375,6813.0498046875,38.16999816894531,74.72560119628906,36.14,0.71,0.0,100.0,4.4,0.21755381634551707,0.2173175106963937,4.045901374710328,-29.94628720526392,Wave 1 Crash
2020-03-30,8281.099609375,28440.3203125,71.88999938964844,18782.181640625,12318.7998046875,6896.0,39.7400016784668,75.46499633789062,88.43,2.57,0.0,100.0,4.4,-4.378053643081891,-4.476782787370225,4.090390280486109,-33.013276330387995,Wave 1 Crash
2020-03-31,8597.75,29468.490234375,64.41000366210938,19143.77734375,12763.650390625,7176.5,38.209999084472656,75.4000015258789,88.43,2.57,0.0,100.0,4.4,3.8237722713360567,3.752477847769833,4.189086938838302,-30.45185656523286,Wave 1 Crash
2020-04-01,8253.7998046875,28265.310546875,60.04999923706055,18208.138671875,12045.849609375,7026.7001953125,38.2400016784668,75.32499694824219,88.43,2.57,0.0,100.0,4.4,-4.000467509668226,-4.082686442449045,4.203508821696107,-33.23410744691818,Wave 1 Crash
2020-04-02,,,,,,,,77.56999969482422,88.43,2.57,0.0,100.0,4.4,0.0,,4.206537337288104,,Wave 1 Crash
2020-04-03,8083.7998046875,27590.94921875,55.29999923706055,17249.099609375,11680.0498046875,7361.60009765625,38.790000915527344,77.13999938964844,88.43,2.57,0.0,100.0,4.4,-2.0596574186770744,,4.203528928269219,-34.60925610603369,Wave 1 Crash
2020-04-06,,,,,,,,76.2300033569336,342.14,7.43,0.0,100.0,4.4,0.0,,4.20637750850262,,Wave 1 Crash
2020-04-07,8792.2001953125,30067.2109375,51.79999923706055,19062.279296875,12588.9501953125,8124.85009765625,39.66999816894531,75.96489715576172,342.14,7.43,0.0,100.0,4.4,8.763210467115034,,4.579946063012439,-28.87892759259325,Wave 1 Crash
2020-04-08,8748.75,29893.9609375,52.2400016784668,18946.228515625,12491.5498046875,8412.2001953125,39.790000915527344,76.66000366210938,342.14,7.43,0.0,100.0,4.4,-0.4941902407507137,-0.4954153987953298,4.580375564041226,-29.23040099154791,Wave 1 Crash
2020-04-09,9111.900390625,31159.619140625,49.75,19913.3671875,12728.5498046875,8800.4501953125,40.790000915527344,75.95899963378906,342.14,7.43,0.0,100.0,4.4,4.150883161880259,4.06704613937413,4.670397044599471,-26.29283762257588,Wave 1 Crash
2020-04-10,,,,,,,,76.6500015258789,342.14,7.43,0.0,100.0,4.4,0.0,,4.637048427371041,,Wave 1 Crash
2020-04-13,8993.849609375,30690.01953125,51.459999084472656,19487.7734375,12603.099609375,9044.349609375,42.4900016784668,76.16649627685547,711.71,28.0,0.0,100.0,4.4,-1.295567073707915,,4.6388912022153574,-27.24776334930221,Wave 1 Crash
2020-04-14,,,,,,,,76.91000366210938,711.71,28.0,0.0,100.0,4.4,0.0,,4.622990606114332,,Wave 1 Crash
2020-04-15,8925.2998046875,30379.810546875,49.7400016784668,19056.830078125,12702.599609375,9038.7998046875,42.66999816894531,75.93099975585938,711.71,28.0,0.0,100.0,4.4,-0.7621853562688519,,4.6228878404102245,-27.802270243411897,Wave 1 Crash
2020-04-16,8992.7998046875,30602.609375,46.099998474121094,19399.775390625,12463.599609375,9199.2998046875,43.2599983215332,77.2125015258789,711.71,28.0,0.0,100.0,4.4,0.7562771164790316,0.7534316783542481,4.627829517392278,-27.25625533464544,Wave 1 Crash
2020-04-17,9266.75,31588.720703125,42.59000015258789,20681.208984375,12649.25,9157.75,42.470001220703125,77.56999969482422,711.71,28.0,0.0,100.0,4.4,3.046328187687486,3.000848934711599,4.662059943624473,-25.040242136125336,Wave 1 Crash
2020-04-20,9261.849609375,31648.0,43.459999084472656,20522.412109375,12847.650390625,9149.2001953125,41.54999923706055,76.55999755859375,1050.86,33.43,0.0,96.3,4.4,-0.05288143766692954,-0.05289542483047096,4.58638224675719,-25.07988193375541,Wave 1 Crash
2020-04-21,8981.4501953125,30636.7109375,45.20000076293945,19409.123046875,12408.849609375,9381.650390625,42.04999923706055,77.20999908447266,1050.86,33.43,0.0,96.3,4.4,-3.0274667144095657,-3.0742409586860844,4.612832309766257,-27.348063570607305,Wave 1 Crash
2020-04-22,9187.2998046875,31379.55078125,42.81999969482422,19701.62109375,12571.2998046875,9377.0,42.61000061035156,76.96939849853516,1050.86,33.43,0.0,96.3,4.4,2.291941778872575,2.26607133769273,4.638396734827624,-25.682923486422105,Wave 1 Crash
2020-04-23,9313.900390625,31863.080078125,39.22999954223633,20267.712890625,13128.2001953125,9388.900390625,42.61000061035156,76.4000015258789,1050.86,33.43,0.0,96.3,4.4,1.377995587701486,1.3685875581327234,4.394609482507232,-24.658837451156266,Wave 1 Crash
2020-04-24,9154.400390625,31327.220703125,39.119998931884766,19586.421875,12816.2001953125,9518.4501953125,42.689998626708984,76.42250061035156,1050.86,33.43,0.0,96.3,4.4,-1.7124941572334906,-1.7273269224786485,4.344918830699436,-25.949050457797007,Wave 1 Crash
2020-04-27,9282.2998046875,31743.080078125,38.040000915527344,20080.916015625,13121.150390625,9602.0498046875,42.560001373291016,76.27149963378906,1540.57,45.29,0.0,96.3,4.4,1.3971358975458648,1.387465918374464,4.119440569476996,-24.914458059269318,Wave 1 Crash
2020-04-28,9380.900390625,32114.51953125,35.349998474121094,20670.859375,13133.650390625,9386.2001953125,42.68000030517578,76.1863021850586,1540.57,45.29,0.0,96.3,4.4,1.0622430648890235,1.0566409007242057,4.092633167681624,-24.11686709726957,Wave 1 Crash
2020-04-29,9553.349609375,32720.16015625,33.84000015258789,21089.953125,13424.9501953125,9385.4501953125,42.369998931884766,76.46499633789062,1540.57,45.29,0.0,96.3,4.4,1.8383013524196468,1.8216088550269571,3.9521809984577154,-22.721906438860273,Wave 1 Crash
2020-04-30,9859.900390625,33717.62109375,33.9900016784668,21534.25,14108.400390625,9327.099609375,42.56999969482422,75.25849914550781,1540.57,45.29,0.0,96.3,4.4,3.208830345213909,3.158422875946422,3.943243530076615,-20.242183522467617,Wave 1 Crash
2020-05-01,,,,,,,,75.72000122070312,1540.57,45.29,0.0,96.3,4.4,0.0,,3.821700138146884,,Wave 1 Crash
2020-05-04,9293.5,31715.349609375,43.66999816894531,19743.521484375,13454.25,9364.599609375,42.72999954223633,75.60050201416016,1926.29,68.14,0.0,81.94,4.4,-5.744483901313502,,3.1043394749217175,-24.823858450058633,Wave 1 Crash
2020-05-05,9205.599609375,31453.509765625,43.61000061035156,19271.525390625,13388.0498046875,9181.5,41.540000915527344,75.8499984741211,1926.29,68.14,0.0,81.94,4.4,-0.9458265521601117,-0.9503278972569803,3.0995837736096523,-25.534894357727445,Wave 1 Crash
2020-05-06,9270.900390625,31685.75,41.25,19694.322265625,13394.7001953125,9227.150390625,41.36000061035156,76.16999816894531,1926.29,68.14,0.0,81.94,4.4,0.7093593467121684,0.7068552284556898,2.8836868405662246,-25.0066691708149,Wave 1 Crash
2020-05-07,9199.0498046875,31443.380859375,39.93000030517578,19491.57421875,13292.7001953125,9148.099609375,41.060001373291016,76.15129852294922,1926.29,68.14,0.0,81.94,4.4,-0.7750119504051356,-0.7780307756411076,2.8140336762464786,-25.58787644674795,Wave 1 Crash
2020-05-08,9251.5,31642.69921875,38.40999984741211,19352.67578125,13403.599609375,9343.349609375,41.5099983215332,76.08000183105469,1926.29,68.14,0.0,81.94,4.4,0.5701697069383505,0.5685503917787226,2.8146448734999,-25.163601059957763,Wave 1 Crash
2020-05-11,9239.2001953125,31561.220703125,38.040000915527344,18950.279296875,13593.5498046875,9307.2998046875,41.16999816894531,75.5250015258789,3279.86,115.43,0.0,81.94,4.4,-0.13294930214019507,-0.13303775813467011,2.676857319140907,-25.263095530095402,Wave 1 Crash
2020-05-12,9196.5498046875,31371.119140625,38.209999084472656,18862.630859375,13687.75,9246.650390625,41.2400016784668,76.30999755859375,3279.86,115.43,0.0,81.94,4.4,-0.4616242718351149,-0.46269304709594594,2.6011104401932332,-25.60809922114671,Wave 1 Crash
2020-05-13,9383.5498046875,32008.609375,38.84000015258789,19634.720703125,13776.9501953125,9147.75,40.970001220703125,75.68000030517578,3279.86,115.43,0.0,81.94,4.4,2.033371253039773,2.012974293547344,2.491532131130732,-24.095435696119637,Wave 1 Crash
2020-05-14,9142.75,31122.890625,38.18000030517578,19068.279296875,13293.75,9172.2001953125,41.4900016784668,75.42620086669922,3279.86,115.43,0.0,81.94,4.4,-2.5661909373274727,-2.599691993710758,2.5511389372467477,-26.04329174630372,Wave 1 Crash
2020-05-15,9136.849609375,31097.73046875,38.02000045776367,18833.73046875,13196.349609375,9093.0,41.79999923706055,75.48500061035156,3279.86,115.43,0.0,81.94,4.4,-0.06453627874545287,-0.06455711236580218,2.5112426168010282,-26.091020653693285,Wave 1 Crash
2020-05-18,8823.25,30028.98046875,40.91999816894531,17572.994140625,13314.400390625,9092.650390625,42.540000915527344,75.81999969482422,3998.29,109.0,0.0,81.94,4.4,-3.4322509703259896,-3.492536149006188,2.6082440652860437,-28.62776231446493,Wave 1 Crash
2020-05-19,8879.099609375,30196.169921875,39.45000076293945,17486.046875,13446.599609375,9084.599609375,41.369998931884766,75.60009765625,3998.29,109.0,0.0,81.94,4.4,0.632982284022332,0.6309873650596998,2.067540482257708,-28.175988694205188,Wave 1 Crash
2020-05-20,9066.5498046875,30818.609375,35.810001373291016,17839.9921875,13517.400390625,9456.7998046875,41.880001068115234,76.0,3998.29,109.0,0.0,81.94,4.4,2.1111396826158035,2.089163883932652,2.0982266339235016,-26.65968348988209,Wave 1 Crash
2020-05-21,9106.25,30932.900390625,32.9900016784668,17734.892578125,13647.900390625,9520.5498046875,41.43000030517578,75.77999877929688,3998.29,109.0,0.0,81.94,4.4,0.4378754451001221,0.43691955994809145,1.958354630528685,-26.338544252525576,Wave 1 Crash
2020-05-22,9039.25,30672.58984375,32.380001068115234,17278.69921875,13842.650390625,9600.650390625,41.650001525878906,75.625,3998.29,109.0,0.0,81.94,4.0,-0.735758407687026,-0.738478460081561,1.9631719371675789,-26.880514606412277,Wave 1 Crash
2020-05-25,,,,,,,,75.98500061035156,5848.71,142.14,0.0,81.94,4.0,0.0,,1.948059643162603,,Wave 1 Crash
2020-05-26,9029.0498046875,30609.30078125,31.469999313354492,17440.146484375,13574.9501953125,9483.5,41.20000076293945,76.11000061035156,5848.71,142.14,0.0,81.94,4.0,-0.11284338094974533,,1.9482391736440337,-26.96302510586346,Wave 1 Crash
2020-05-27,9314.9501953125,31605.220703125,31.270000457763672,18710.333984375,13952.900390625,9463.7001953125,40.650001525878906,75.81999969482422,5848.71,142.14,0.0,81.94,4.0,3.1664504771761637,3.11735219299972,2.0236217519060355,-24.65034546581304,Wave 1 Crash
2020-05-28,9490.099609375,32200.58984375,30.020000457763672,19169.578125,14028.599609375,9464.5,41.189998626708984,76.12999725341797,5848.71,142.14,0.0,81.94,4.0,1.8803043536468778,1.8628451492543274,2.045283806571538,-23.23354263114884,Wave 1 Crash
2020-05-29,9580.2998046875,32424.099609375,30.219999313354492,19297.025390625,14010.5,9768.599609375,40.9900016784668,75.95999908447266,5848.71,142.14,0.0,81.94,4.0,0.9504662651105722,0.9459777532853095,1.9794426183083993,-22.503903350937414,Wave 1 Crash
2020-06-01,9826.150390625,33303.51953125,30.739999771118164,19959.66796875,14307.099609375,9802.099609375,41.209999084472656,75.51319885253906,7182.14,185.29,0.0,87.5,4.0,2.5662097319460564,2.5338352659720638,2.028247715671769,-20.51519097685085,Recovery 1
2020-06-02,9979.099609375,33825.53125,30.1200008392334,20529.9609375,14422.400390625,9833.599609375,41.18000030517578,75.7300033569336,7182.14,185.29,0.0,87.5,4.0,1.5565527970742954,1.5445627746472024,1.9463776675355446,-19.277967958751862,Recovery 1
2020-06-03,10061.5498046875,34109.5390625,30.040000915527344,20940.455078125,14361.7001953125,9864.0498046875,40.880001068115234,75.06580352783203,7182.14,185.29,0.0,87.5,4.0,0.8262288035990828,0.8228342186278518,1.9146133836400574,-18.61101927917659,Recovery 1
2020-06-04,10029.099609375,33980.69921875,29.690000534057617,20390.212890625,14627.4501953125,10077.849609375,40.810001373291016,75.54499816894531,7182.14,185.29,0.0,87.5,4.0,-0.3225168681009971,-0.3230380747065696,1.907411958762108,-18.87351247077671,Recovery 1
2020-06-05,10142.150390625,34287.23828125,28.68000030517578,21034.255859375,14627.4501953125,10081.2998046875,41.189998626708984,75.49089813232422,7182.14,185.29,0.0,87.5,4.0,1.1272276241460544,1.120921756965851,1.876113207045068,-17.959032292847887,Recovery 1
2020-06-08,10167.4501953125,34370.578125,29.649999618530273,21187.103515625,14894.599609375,9939.099609375,40.650001525878906,75.5177001953125,9212.14,252.14,0.0,87.5,4.0,0.24945207587225848,0.24914146063167966,1.8658955643840653,-17.754379395836718,Recovery 1
2020-06-09,10046.650390625,33956.69140625,30.209999084472656,20724.66015625,14737.849609375,10122.0498046875,41.0,75.625,9212.14,252.14,0.0,87.5,4.0,-1.1881032349997822,-1.1952175882067815,1.8802516948501726,-18.731542274880432,Recovery 1
2020-06-10,10116.150390625,34247.05078125,29.440000534057617,21099.853515625,14842.0498046875,10149.25,41.209999084472656,75.50980377197266,9212.14,252.14,0.0,87.5,4.0,0.6917728526201428,0.6893910822071789,1.8582967253414293,-18.16934914659497,Recovery 1
2020-06-11,9902.0,33538.37109375,29.65999984741211,20524.912109375,14619.4501953125,9933.400390625,41.72999954223633,75.875,9212.14,252.14,0.0,87.5,4.0,-2.116915846006606,-2.1396438367806456,1.8156239416156212,-19.901635161401042,Recovery 1
2020-06-12,9972.900390625,33780.890625,30.81999969482422,20654.310546875,14402.75,9982.7998046875,41.79999923706055,76.38999938964844,9212.14,252.14,0.0,87.5,4.0,0.716020911179549,0.7134696525776951,1.8199123713584862,-19.32811411964378,Recovery 1
2020-06-15,9813.7001953125,33228.80078125,32.58000183105469,19912.66796875,14396.7001953125,9989.0498046875,41.40999984741211,75.95680236816406,10613.43,323.71,0.0,87.5,4.0,-1.5963279394844432,-1.6092064938005004,1.4922342225054743,-20.615901973260907,Recovery 1
2020-06-16,9914.0,33605.21875,32.970001220703125,20296.462890625,14450.7998046875,9926.400390625,41.849998474121094,75.97799682617188,10613.43,323.71,0.0,87.5,4.0,1.022038606145803,1.0168511071378763,1.4836979180319954,-19.804565844287005,Recovery 1
2020-06-17,9881.150390625,33507.921875,33.349998474121094,20201.515625,14478.4501953125,9977.2001953125,41.650001525878906,76.65499877929688,10613.43,323.71,0.0,87.5,4.0,-0.3313456664817416,-0.3318958318708373,1.4849486994791554,-20.07028994007818,Recovery 1
2020-06-18,10091.650390625,34208.05078125,31.459999084472656,20956.056640625,14551.25,9975.2998046875,41.84000015258789,76.55000305175781,10613.43,323.71,0.0,87.5,4.0,2.130318755189853,2.1079446670088395,1.5120809607479684,-18.367532335702798,Recovery 1
2020-06-19,10244.400390625,34731.73046875,29.969999313354492,21337.8515625,14499.7998046875,10002.150390625,41.7400016784668,76.40039825439453,10613.43,323.71,0.0,87.5,4.0,1.5136275444292302,1.5022865002949488,1.5271938827374443,-17.131920819938706,Recovery 1
2020-06-22,10311.2001953125,34911.3203125,30.459999084472656,21708.09765625,14463.7001953125,10218.349609375,42.290000915527344,76.2520980834961,12791.29,579.86,0.0,87.5,4.0,0.6520616350433883,0.6499449097502717,1.5253277907312033,-16.591569867908152,Recovery 1
2020-06-23,10471.0,35430.4296875,29.34000015258789,22264.642578125,14680.400390625,10360.7998046875,42.220001220703125,75.78980255126953,12791.29,579.86,0.0,87.5,4.0,1.5497691991291696,1.5378829255110686,1.531349605992698,-15.298931708243824,Recovery 1
2020-06-24,10305.2998046875,34868.98046875,29.579999923706055,21426.55078125,14581.4501953125,10110.5,42.70000076293945,75.60780334472656,12791.29,579.86,0.0,87.5,4.0,-1.5824677233549855,-1.5951224257763807,1.5442563836402774,-16.63929877529773,Recovery 1
2020-06-25,10288.900390625,34842.1015625,29.729999542236328,21505.900390625,14411.2001953125,10193.150390625,42.310001373291016,75.97000122070312,12791.29,579.86,0.0,87.5,4.0,-0.1591357298992957,-0.15926248529521328,1.4484520582554588,-16.771955435640827,Recovery 1
2020-06-26,10383.0,35171.26953125,28.739999771118164,21591.80078125,14994.650390625,10137.849609375,42.33000183105469,75.53980255126953,12791.29,579.86,0.0,87.5,4.0,0.914574014738645,0.910417112670767,1.4485474010082204,-16.010773367080088,Recovery 1
2020-06-29,10312.400390625,34961.51953125,28.90999984741211,21358.751953125,14768.0,10135.900390625,42.4900016784668,75.61979675292969,16914.0,405.86,0.0,87.5,4.0,-0.6799538608783573,-0.6822760798075913,1.271342172778521,-16.581861356292503,Recovery 1
2020-06-30,10302.099609375,34915.80078125,29.1200008392334,21369.90234375,14754.2998046875,9985.150390625,42.61000061035156,75.69999694824219,16914.0,405.86,0.0,87.5,4.0,-0.09988732845714887,-0.09993724909477653,1.2763064427737394,-16.66518550643238,Recovery 1
2020-07-01,10430.0498046875,35414.44921875,28.1200008392334,21977.34375,14732.150390625,9882.849609375,43.0,75.75,16914.0,405.86,0.0,87.5,4.0,1.2419817334717198,1.2343324106810436,1.2481337697373196,-15.630182332799725,Recovery 1
2020-07-02,10551.7001953125,35843.69921875,26.510000228881836,21952.943359375,15122.5498046875,9943.650390625,42.2400016784668,75.45490264892578,16914.0,405.86,0.0,87.5,4.0,1.1663452514898642,1.159595875253754,1.254444951036408,-14.64613897074768,Recovery 1
2020-07-03,10607.349609375,36021.421875,25.770000457763672,21852.146484375,15285.900390625,9963.400390625,42.20000076293945,74.72100067138672,16914.0,405.86,0.0,87.5,4.0,0.5273976044848361,0.5260117338821227,1.2325488416184824,-14.195984752344081,Recovery 1
2020-07-06,10763.650390625,36487.28125,25.200000762939453,22198.69140625,15464.9501953125,9901.25,42.27000045776367,74.6792984008789,20615.14,453.29,0.0,87.5,4.0,1.4735139974255018,1.4627632603289031,1.2395462296704198,-12.931650577316766,Recovery 1
2020-07-07,10799.650390625,36674.51953125,25.100000381469727,22627.736328125,15784.9501953125,9878.0,42.41999816894531,74.60759735107422,20615.14,453.29,0.0,87.5,4.0,0.3344590235981215,0.3339009534036716,1.2334621203675162,-12.640442625974657,Recovery 1
2020-07-08,10705.75,36329.01171875,26.100000381469727,22584.388671875,15513.650390625,9948.5,43.0099983215332,75.125,20615.14,453.29,0.0,87.5,4.0,-0.8694762073642059,-0.8732782060989627,1.1626312886809886,-13.400013192200488,Recovery 1
2020-07-09,10813.4501953125,36737.69140625,24.90999984741211,22906.93359375,15535.9501953125,9987.5498046875,43.33000183105469,74.93990325927734,20615.14,453.29,0.0,87.5,4.0,1.0060032721901813,1.000976742529668,1.1367690266281325,-12.52881449119776,Recovery 1
2020-07-10,10768.0498046875,36594.328125,24.940000534057617,22398.189453125,15565.2001953125,10072.25,43.20000076293945,75.33999633789062,20615.14,453.29,0.0,87.5,4.0,-0.4198511095439339,-0.420734959083762,1.1431600403832756,-12.896063234087695,Recovery 1
2020-07-13,10802.7001953125,36693.69140625,25.25,22088.994140625,15819.2001953125,10106.599609375,43.2599983215332,75.15850067138672,25198.29,486.57,0.0,87.5,4.0,0.3217889149241815,0.3212722824094239,1.0671965063495783,-12.615772421112414,Recovery 1
2020-07-14,10607.349609375,36033.05859375,26.639999389648438,21391.951171875,15640.5498046875,10155.0498046875,43.119998931884766,75.44999694824219,25198.29,486.57,0.0,87.5,4.0,-1.808349601540049,-1.8249000734889462,1.1089620139040584,-14.195984752344081,Recovery 1
2020-07-15,10618.2001953125,36051.80859375,26.290000915527344,21340.501953125,16459.849609375,10210.75,43.220001220703125,75.57499694824219,25198.29,486.57,0.0,87.5,4.0,0.10229309240368245,0.10224080867197449,1.102943218987734,-14.108213171740724,Recovery 1
2020-07-16,10739.9501953125,36471.6796875,25.360000610351562,21596.8984375,16926.05078125,10382.2998046875,43.119998931884766,75.1249008178711,25198.29,486.57,0.0,87.5,4.0,1.1466161662100571,1.140092344482324,1.112183591208185,-13.123364058521236,Recovery 1
2020-07-17,10901.7001953125,37020.140625,24.15999984741211,21966.544921875,16821.349609375,10472.150390625,42.880001068115234,75.17449951171875,25198.29,486.57,0.0,87.5,4.0,1.506059125586967,1.4948306530616993,1.1247485969361992,-11.814950554921621,Recovery 1
2020-07-20,11022.2001953125,37418.98828125,24.709999084472656,22321.58984375,17258.30078125,10304.599609375,43.06999969482422,74.89730072021484,32580.71,591.71,0.0,87.5,4.0,1.1053321760931656,1.0992680250840314,1.1356114716097807,-10.840212828901507,Recovery 1
2020-07-21,11162.25,37930.328125,24.43000030517578,22781.734375,17273.19921875,10153.7998046875,43.2599983215332,74.98999786376953,32580.71,591.71,0.0,87.5,4.0,1.2706156865764484,1.2626110991777935,1.1148612736188441,-9.70733458698736,Recovery 1
2020-07-22,11132.599609375,37871.51953125,24.889999389648438,22882.333984375,17076.05078125,10175.2001953125,43.880001068115234,74.7699966430664,32580.71,591.71,0.0,87.5,4.0,-0.2656309491813946,-0.2659843741967638,1.118663017435678,-9.947179851165123,Recovery 1
2020-07-23,11215.4501953125,38140.46875,24.639999389648438,23083.6328125,17045.19921875,10322.150390625,44.5,74.81999969482422,32580.71,591.71,0.0,87.5,4.0,0.7442159858846331,0.7414603621325299,1.0209296841087396,-9.276992367877545,Recovery 1
2020-07-24,11194.150390625,38128.8984375,24.540000915527344,22661.787109375,17286.0,10237.9501953125,44.91999816894531,74.80729675292969,32580.71,591.71,0.0,87.5,4.0,-0.18991484351116306,-0.19009541040186229,1.0252939846104603,-9.44928882585071,Recovery 1
2020-07-27,11131.7998046875,37934.73046875,25.020000457763672,21848.49609375,17626.75,10062.0498046875,46.45000076293945,74.75980377197266,43986.29,749.57,0.0,87.5,4.0,-0.5569925698846956,-0.5585495577285274,0.9720054965295202,-9.953649559068477,Recovery 1
2020-07-28,11300.5498046875,38492.94921875,23.639999389648438,22104.94140625,18042.75,10128.0498046875,46.0099983215332,75.0,43986.29,749.57,0.0,87.5,4.0,1.51592736988444,1.5045520083450243,0.9865309372316439,-8.588612287152342,Recovery 1
2020-07-29,11202.849609375,38071.12890625,24.110000610351562,22076.34375,17880.5,10441.150390625,46.52000045776367,75.08999633789062,43986.29,749.57,0.0,87.5,4.0,-0.8645614328603224,-0.8683204468886633,1.005564066025105,-9.378919890560034,Recovery 1
2020-07-30,11102.150390625,37736.0703125,24.729999542236328,21646.59765625,18003.55078125,10766.0498046875,46.54999923706055,74.8311996459961,43986.29,749.57,0.0,87.5,4.0,-0.8988714680747911,-0.9029356907451743,0.9801048721435623,-10.193486923724993,Recovery 1
2020-07-31,11073.4501953125,37606.890625,24.190000534057617,21639.798828125,18071.849609375,11148.900390625,47.13999938964844,74.98999786376953,43986.29,749.57,0.0,87.5,4.0,-0.2585102372305803,-0.2588449519166038,0.9590642676161825,-10.42564595372697,Recovery 1
2020-08-03,10891.599609375,36939.6015625,25.190000534057617,21071.85546875,17965.80078125,11128.400390625,47.290000915527344,74.91780090332031,52171.57,757.29,0.0,85.65,4.0,-1.6422215545293994,-1.6558554850121334,1.0168031923343914,-11.89665530320535,Recovery 1
2020-08-04,11095.25,37687.91015625,23.81999969482422,21490.25,17808.0,11316.9501953125,47.2599983215332,75.33000183105469,52171.57,757.29,0.0,85.65,4.0,1.8697932161379383,1.852527473195631,1.0331332159390134,-10.24930494087406,Recovery 1
2020-08-05,11101.650390625,37663.328125,23.56999969482422,21509.69921875,17869.80078125,11263.75,48.5099983215332,75.25,52171.57,757.29,0.0,85.65,4.0,0.05768586219327965,0.05766923029565639,0.977546238277006,-10.197531478604738,Recovery 1
2020-08-06,11200.150390625,38025.44921875,23.149999618530273,21642.34765625,18188.75,11403.650390625,48.900001525878906,74.8822021484375,52171.57,757.29,0.0,85.65,4.0,0.8872554668374333,0.883342483924069,0.9809942566922858,-9.400754167293691,Recovery 1
2020-08-07,11214.0498046875,38040.5703125,22.579999923706055,21753.748046875,18004.150390625,11333.0,49.16999816894531,74.8998031616211,52171.57,757.29,0.0,85.65,4.0,0.12410024488720417,0.12402330418245548,0.9741744077132223,-9.28832028134935,Recovery 1
2020-08-10,11270.150390625,38182.078125,22.510000228881836,21899.99609375,18159.55078125,11941.400390625,48.400001525878906,75.0248031616211,57469.57,859.29,0.0,85.65,4.0,0.5002705259437024,0.49902333078510347,0.9585465350760354,-8.834516484128475,Recovery 1
2020-08-11,11322.5,38407.01171875,21.360000610351562,22226.94140625,18057.099609375,11772.25,47.29999923706055,75.0999984741211,57469.57,859.29,0.0,85.65,4.0,0.4644978776729314,0.46342241532836864,0.9559439071481329,-8.411054748026991,Recovery 1
2020-08-12,11308.400390625,38369.62890625,20.850000381469727,22263.7421875,18066.0,11590.25,45.68000030517578,74.9000015258789,57469.57,859.29,0.0,85.65,4.0,-0.12452735151247118,-0.12460495124746428,0.9429519621042765,-8.52510803582749,Recovery 1
2020-08-13,11300.4501953125,38310.48828125,20.56999969482422,22196.091796875,18107.19921875,11477.9501953125,45.9900016784668,74.77210235595703,57469.57,859.29,0.0,85.65,4.0,-0.07030344733010008,-0.07032817179241128,0.9295404087664203,-8.589418038319785,Recovery 1
2020-08-14,11178.400390625,37877.33984375,21.670000076293945,21679.1484375,18022.650390625,11640.400390625,46.31999969482422,75.02999877929688,57469.57,859.29,0.0,85.65,4.0,-1.0800437378868932,-1.0859185489107237,0.9578793445397218,-9.576692304562883,Recovery 1
2020-08-17,11247.099609375,38050.78125,21.309999465942383,21700.59765625,18223.599609375,11595.349609375,46.150001525878906,74.90280151367188,62381.71,943.0,0.0,85.65,4.0,0.6145711045349112,0.6126903182347497,0.930303159391935,-9.020976783702029,Recovery 1
2020-08-18,11385.349609375,38528.3203125,20.43000030517578,22170.341796875,18270.349609375,11581.7001953125,47.310001373291016,75.0,62381.71,943.0,0.0,85.65,4.0,1.2292057935075373,1.2217124027310864,0.9505189747525193,-7.902657359450727,Recovery 1
2020-08-19,11408.400390625,38614.7890625,19.959999084472656,22285.640625,18210.849609375,11537.900390625,46.880001068115234,74.79499816894531,62381.71,943.0,0.0,85.65,4.0,0.2024600213507588,0.2022553472584474,0.9296030417635089,-7.716197059877183,Recovery 1
2020-08-20,11312.2001953125,38220.390625,20.6200008392334,21999.193359375,18126.099609375,11540.900390625,45.68000030517578,74.966796875,62381.71,943.0,0.0,85.65,4.0,-0.8432399987605033,-0.8468153807933501,0.9367163063542645,-8.494370998645628,Recovery 1
2020-08-21,11371.599609375,38434.71875,19.940000534057617,22299.33984375,18065.30078125,11614.900390625,45.720001220703125,74.9999008178711,62381.71,943.0,0.0,85.65,4.0,0.5250916093857194,0.5237178104313519,0.9326101036734734,-8.013882618643898,Recovery 1
2020-08-24,11466.4501953125,38799.078125,19.229999542236328,22832.734375,18010.94921875,11572.25,45.5,74.92179870605469,65036.86,960.86,0.0,85.65,4.0,0.8341006471886514,0.8306412509926262,0.9398418070595792,-7.246625818242281,Recovery 1
2020-08-25,11472.25,38843.87890625,19.31999969482422,23091.8828125,17973.69921875,11500.0,44.93000030517578,74.4000015258789,65036.86,960.86,0.0,85.65,4.0,0.05058064691958464,0.0505678592222556,0.8605818985325099,-7.199710561541417,Recovery 1
2020-08-26,11549.599609375,39073.921875,19.299999237060547,23413.927734375,18128.0,11484.5498046875,44.79999923706055,74.45249938964844,65036.86,960.86,0.0,85.65,4.0,0.67423225064831,0.6719694702452172,0.8631798740543839,-6.574021081452363,Recovery 1
2020-08-27,11559.25,39113.46875,18.899999618530273,23600.076171875,18102.650390625,11588.0498046875,45.04999923706055,74.24009704589844,65036.86,960.86,0.0,85.65,4.0,0.08355606212675504,0.08352117348219679,0.8482488851310791,-6.495958012464653,Recovery 1
2020-08-28,11647.599609375,39467.30859375,18.350000381469727,24523.515625,18122.0,11622.900390625,45.099998474121094,73.77449798583984,65036.86,960.86,0.0,85.65,4.0,0.7643195654994939,0.7614134421611743,0.8207023048746878,-5.781288325021061,Recovery 1
2020-08-31,11387.5,38628.2890625,22.84000015258789,23754.07421875,17928.849609375,11079.7998046875,45.34000015258789,73.12830352783203,71113.29,970.29,0.0,85.65,4.0,-2.2330747801946216,-2.25838540823065,0.917693017497552,-7.885262613659294,Recovery 1
2020-09-01,11470.25,38900.80078125,21.799999237060547,23811.72265625,17814.05078125,11339.5,45.459999084472656,73.66999816894531,71113.29,970.29,0.0,81.94,4.0,0.7266739846322645,0.7240464307211334,0.8992164548801437,-7.2158887810604195,Recovery 1
2020-09-02,11535.0,39086.03125,21.110000610351562,23874.2734375,18077.0,11404.25,45.0,73.2699966430664,71113.29,970.29,0.0,81.94,4.0,0.5645038251127943,0.5629164732428894,0.9005179122361007,-6.692118924132606,Recovery 1
2020-09-03,11527.4501953125,38990.94140625,20.5,23530.576171875,18348.55078125,11511.849609375,44.439998626708984,73.24849700927734,71113.29,970.29,0.0,81.94,4.0,-0.06545127600779965,-0.06547270470620276,0.8933423857042828,-6.7531901229126,Recovery 1
2020-09-04,11333.849609375,38357.1796875,22.149999618530273,23011.232421875,18073.94921875,11281.4501953125,44.720001220703125,73.4478988647461,71113.29,970.29,0.0,81.94,4.0,-1.6794744948559814,-1.693737589976223,0.9493824706840533,-8.319246512065137,Recovery 1
2020-09-07,11355.0498046875,38417.23046875,22.010000228881836,22944.783203125,18176.80078125,11269.849609375,44.75,73.29029846191406,81582.57,1018.29,0.0,76.39,4.0,0.18705202595032944,0.1868773014980915,0.9427901799085155,-8.147755805259427,Recovery 1
2020-09-08,11317.349609375,38365.3515625,22.719999313354492,22744.13671875,18395.75,11093.2001953125,44.81999969482422,73.6500015258789,81582.57,1018.29,0.0,76.39,4.0,-0.33201259317187093,-0.3325649779789579,0.9046955439468567,-8.452716823096939,Recovery 1
2020-09-09,11278.0,38193.921875,22.229999542236328,22266.740234375,18261.5,11304.099609375,44.939998626708984,73.78679656982422,81582.57,1018.29,0.0,76.39,4.0,-0.3476927967516641,-0.3482986529093653,0.892324406487896,-8.77102013232488,Recovery 1
2020-09-10,11449.25,38840.3203125,21.260000228881836,22465.9375,18395.849609375,11303.400390625,45.220001220703125,73.55000305175781,81582.57,1018.29,0.0,76.39,4.0,1.5184429863450921,1.507030028649042,0.914773978693504,-7.385760086009984,Recovery 1
2020-09-11,11464.4501953125,38854.55078125,20.709999084472656,22479.6875,18633.25,11313.2998046875,45.16999816894531,73.52729797363281,81582.57,1018.29,0.0,76.39,4.0,0.13276149365679668,0.13267344350831917,0.912172608191349,-7.262804037761295,Recovery 1
2020-09-14,11440.0498046875,38756.62890625,21.190000534057617,22100.9921875,19505.099609375,11233.2998046875,45.029998779296875,73.47859954833984,91506.43,1137.14,0.0,76.39,4.0,-0.21283524468515003,-0.2130620607789219,0.8523317522475996,-7.460181475701666,Recovery 1
2020-09-15,11521.7998046875,39044.3515625,20.600000381469727,22465.388671875,19627.30078125,11450.5,45.560001373291016,73.61499786376953,91506.43,1137.14,0.0,76.39,4.0,0.7145947910690342,0.7120536611649033,0.7970732719544623,-6.7988967528622934,Recovery 1
2020-09-16,11604.5498046875,39302.8515625,19.65999984741211,22573.2890625,19770.349609375,11688.5498046875,45.380001068115234,73.80000305175781,91506.43,1137.14,0.0,76.39,4.0,0.71820376506051,0.7156369643982706,0.8041294209881059,-6.129522920263419,Recovery 1
2020-09-17,11516.099609375,38979.8515625,20.100000381469727,22320.08984375,19817.69921875,11735.9501953125,44.97999954223633,73.55069732666016,91506.43,1137.14,0.0,76.39,4.0,-0.7622027291120936,-0.7651223391398827,0.8084262385285268,-6.845006258395713,Recovery 1
2020-09-18,11504.9501953125,38845.8203125,20.049999237060547,22030.794921875,19827.099609375,12320.900390625,45.31999969482422,73.58360290527344,91506.43,1137.14,0.0,76.39,4.0,-0.09681588767627147,-0.09686278452831663,0.8091667471012489,-6.935195092501423,Recovery 1
2020-09-21,11250.5498046875,38034.140625,22.190000534057617,21366.552734375,19729.0,11799.5498046875,45.0,73.53479766845703,92323.29,1166.57,0.0,70.83,4.0,-2.211225483867385,-2.2360395533691877,0.9071046107490222,-8.993067775127484,Recovery 1
2020-09-22,11153.650390625,37734.078125,21.40999984741211,21138.853515625,19866.099609375,11876.849609375,44.2599983215332,73.57980346679688,92323.29,1166.57,0.0,70.83,4.0,-0.861286032635733,-0.8650165364363743,0.9158567189606951,-9.776897771110582,Recovery 1
2020-09-23,11131.849609375,37668.421875,20.989999771118164,21178.25390625,19805.650390625,11685.900390625,43.97999954223633,73.50299835205078,92323.29,1166.57,0.0,70.83,4.0,-0.19545871070447696,-0.19564998051874197,0.9161579594245434,-9.953246683484752,Recovery 1
2020-09-24,10805.5498046875,36553.6015625,23.510000228881836,20456.611328125,18973.05078125,11334.599609375,43.36000061035156,73.77839660644531,92323.29,1166.57,0.0,70.83,4.0,-2.9312272096516434,-2.975046086629724,1.0566478468544929,-12.592721618106339,Recovery 1
2020-09-25,11050.25,37388.66015625,20.68000030517578,20982.10546875,19629.349609375,11595.900390625,43.619998931884766,73.68240356445312,92323.29,1166.57,0.0,70.83,4.0,2.2645788482354545,2.2393179194037978,1.1284559715491282,-10.613314880051695,Recovery 1
2020-09-28,11227.5498046875,37981.62890625,19.56999969482422,21665.248046875,19783.05078125,11796.599609375,43.310001373291016,73.69930267333984,84559.0,1107.29,0.0,70.83,4.0,1.6044868187371275,1.5917509782938704,1.1619960594853682,-9.179117299596061,Recovery 1
2020-09-29,11222.400390625,37973.21875,19.770000457763672,21411.052734375,19831.80078125,11709.5,44.150001525878906,73.9749984741211,84559.0,1107.29,0.0,70.83,4.0,-0.04586409458945395,-0.04587461538228373,1.138597379643239,-9.220771475144751,Recovery 1
2020-09-30,11247.5498046875,38067.9296875,19.530000686645508,21451.55078125,19951.349609375,11772.849609375,44.18000030517578,73.84500122070312,84559.0,1107.29,0.0,70.83,4.0,0.2241001317642377,0.22384940193966077,1.1387642658499215,-9.017335104406,Recovery 1
2020-10-01,11416.9501953125,38697.05078125,18.350000381469727,22245.7421875,20110.400390625,11822.900390625,44.099998474121094,73.70500183105469,84559.0,1107.29,0.0,70.83,4.0,1.5061092732783665,1.4948800566928164,1.1622333637992972,-7.647036751337688,Recovery 1
2020-10-02,,,,,,,,73.21700286865234,84559.0,1107.29,0.0,70.83,4.0,0.0,,1.1585820279982029,,Recovery 1
2020-10-05,11503.349609375,38973.69921875,19.700000762939453,22370.689453125,20809.0,12024.0,44.18000030517578,73.32240295410156,79548.71,1039.86,0.0,70.83,4.0,0.7567643949079716,,1.1567923411086314,-6.948142407829372,Recovery 1
2020-10-06,11662.400390625,39574.5703125,19.639999389648438,22853.43359375,20896.75,12009.4501953125,44.61000061035156,73.1082992553711,79548.71,1039.86,0.0,70.83,4.0,1.3826475474619793,1.3731761801546098,1.1833768592255023,-5.661563180963414,Recovery 1
2020-10-07,11738.849609375,39878.94921875,20.059999465942383,22964.533203125,21017.400390625,11915.0,43.95000076293945,73.81500244140625,79548.71,1039.86,0.0,70.83,4.0,0.6555187284725372,0.6533795478530655,1.1830476854135852,-5.043157059466408,Recovery 1
2020-10-08,11834.599609375,40182.671875,20.3799991607666,23191.080078125,21697.25,12209.2001953125,44.0,73.5425033569336,79548.71,1039.86,0.0,70.83,4.0,0.8156676606839941,0.8123590712403974,1.1910530865869995,-4.268624799993992,Recovery 1
2020-10-09,11914.2001953125,40509.48828125,20.3799991607666,23846.5234375,21837.650390625,12043.9501953125,44.400001525878906,73.28050231933594,79548.71,1039.86,0.0,70.83,4.0,0.672609032539162,0.670357110102055,1.1893669326286176,-3.6247269234248036,Recovery 1
2020-10-12,11930.9501953125,40593.80078125,21.1299991607666,23712.525390625,22202.099609375,12154.5498046875,44.790000915527344,73.01480102539062,72061.86,936.0,0.0,70.83,4.0,0.14058853909966196,0.140489805940535,1.106059674867435,-3.4892343349531285,Recovery 1
2020-10-13,11934.5,40625.51171875,20.719999313354492,23491.92578125,22492.599609375,11937.099609375,44.720001220703125,73.35079956054688,72061.86,936.0,0.0,70.83,4.0,0.029752908438873682,0.02974848313881938,1.10108661198653,-3.4605195752111406,Recovery 1
2020-10-14,11971.0498046875,40794.73828125,20.209999084472656,23874.373046875,22204.05078125,11857.25,44.150001525878906,73.62000274658203,72061.86,936.0,0.0,70.83,4.0,0.3062533385353339,0.3057853382660203,1.0986458490201667,-3.164864193405559,Recovery 1
2020-10-15,11680.349609375,39728.41015625,22.059999465942383,23072.1328125,21567.30078125,11637.900390625,44.29999923706055,73.29620361328125,72061.86,936.0,0.0,61.57,4.0,-2.428360085835335,-2.458330944399024,1.193701200791562,-5.516369980397339,Recovery 1
2020-10-16,11762.4501953125,39982.98046875,21.649999618530273,23532.9765625,21538.150390625,11814.099609375,44.4900016784668,73.37100219726562,72061.86,936.0,0.0,61.57,4.0,0.7028949362235082,0.7004361448563385,1.1531766667618069,-4.852249329429393,Recovery 1
2020-10-19,11873.0498046875,40431.6015625,21.81999969482422,24266.46875,21391.900390625,11616.650390625,44.52000045776367,73.44380187988281,62963.57,813.86,0.0,61.57,4.0,0.9402769621849272,0.9358838750109354,1.1626167646057657,-3.95759694983685,Recovery 1
2020-10-20,11896.7998046875,40544.37109375,22.690000534057617,24311.517578125,21694.349609375,11644.400390625,44.439998626708984,73.57499694824219,62963.57,813.86,0.0,61.57,4.0,0.2000328507897331,0.19983305148122574,1.1589779334479757,-3.7654805930486535,Recovery 1
2020-10-21,11937.650390625,40707.30859375,22.920000076293945,24634.763671875,21577.650390625,11645.7001953125,44.790000915527344,73.64749908447266,62963.57,813.86,0.0,61.57,4.0,0.34337457642519276,0.3427863919924764,1.1551309855751393,-3.4350357196602066,Recovery 1
2020-10-22,11896.4501953125,40558.48828125,22.639999389648438,24483.865234375,21413.5,11545.2998046875,44.790000915527344,73.6812973022461,62963.57,813.86,0.0,61.57,4.0,-0.34512817819539743,-0.34572511936285333,1.1314355528544366,-3.7683086216559802,Recovery 1
2020-10-23,11930.349609375,40685.5,21.829999923706055,24478.015625,21523.599609375,11503.0498046875,44.650001525878906,73.72000122070312,62963.57,813.86,0.0,61.57,4.0,0.28495402835257977,0.2845488039808009,1.1317708301684544,-3.494092540521576,Recovery 1
2020-10-26,11767.75,40145.5,22.829999923706055,24075.169921875,21265.69921875,11334.2001953125,44.54999923706055,73.8228988647461,52894.29,643.29,0.0,61.57,4.0,-1.3629073304543216,-1.372280171939824,1.163145709622597,-4.8093786276082735,Recovery 1
2020-10-27,11889.400390625,40522.1015625,22.200000762939453,24769.212890625,21023.400390625,11511.5,44.52000045776367,73.94850158691406,52894.29,643.29,0.0,58.8,4.0,1.0337608346965288,1.0284540688903392,1.170390876583893,-3.825335265556229,Recovery 1
2020-10-28,11729.599609375,39922.4609375,23.280000686645508,24232.21875,20810.30078125,11325.099609375,44.61000061035156,73.80500030517578,52894.29,643.29,0.0,58.8,4.0,-1.34406089457636,-1.3531751526031222,1.1938496710516953,-5.117981324741816,Recovery 1
2020-10-29,11670.7998046875,39749.8515625,24.020000457763672,24091.720703125,20876.94921875,11226.0,44.349998474121094,74.44000244140625,52894.29,643.29,0.0,58.8,4.0,-0.5012942184360991,-0.5025549128602216,1.1887235481065188,-5.593619398696337,Recovery 1
2020-10-30,11642.400390625,39614.0703125,24.75,23900.623046875,20916.849609375,11243.75,44.31999969482422,74.26399993896484,52894.29,643.29,0.0,58.8,4.0,-0.24333734223676018,-0.24363388871728975,1.1896539745947678,-5.823345376153477,Recovery 1
2020-11-02,11669.150390625,39757.578125,25.209999084472656,24892.2109375,20732.30078125,11175.2998046875,44.619998931884766,74.55049896240234,45610.14,511.0,0.0,58.8,4.0,0.2297636149117599,0.229500061940095,1.1107747275445143,-5.606961690086775,Recovery 1
2020-11-03,11813.5,40261.12890625,24.239999771118164,25682.501953125,20736.0,11361.0,44.79999923706055,74.45680236816406,45610.14,511.0,0.0,58.8,4.0,1.237019016319918,1.229430453308261,1.1124055607438708,-4.439301856111011,Recovery 1
2020-11-04,11908.5,40616.140625,23.200000762939453,25771.30078125,21104.55078125,11608.650390625,44.84000015258789,74.65560150146484,45610.14,511.0,0.0,58.8,4.0,0.8041647267956087,0.8009485529747544,1.1151880559849008,-3.670836428958224,Recovery 1
2020-11-05,12120.2998046875,41340.16015625,20.969999313354492,26312.79296875,21385.650390625,11704.9501953125,44.91999816894531,74.37999725341797,45610.14,511.0,0.0,58.8,4.0,1.7785598915690537,1.7629285844443805,0.9776918528659714,-1.9575645617997295,Recovery 1
2020-11-06,12263.5498046875,41893.05859375,20.5,26798.638671875,21492.30078125,11623.349609375,45.61000061035156,74.12000274658203,45610.14,511.0,0.0,58.8,4.0,1.1819014571289532,1.1749715515175936,0.9245768647492143,-0.7987995887509203,Recovery 1
2020-11-09,12461.0498046875,42597.4296875,20.110000610351562,27533.779296875,21820.150390625,11674.349609375,45.83000183105469,73.97979736328125,46238.86,572.86,0.0,58.8,4.0,1.6104635537461442,1.5976331587139476,0.9248566521000299,0.0,Recovery 1
2020-11-10,12631.099609375,43277.6484375,21.579999923706055,28605.66796875,20978.5,11168.900390625,43.97999954223633,73.95320129394531,46238.86,572.86,0.0,58.8,4.0,1.364650710436388,1.3554232066476923,0.9396568845473559,0.0,Recovery 1
2020-11-11,12749.150390625,43593.671875,22.030000686645508,28844.6640625,21330.5,11570.349609375,44.20000076293945,74.28160095214844,46238.86,572.86,0.0,58.8,4.0,0.9346041508720315,0.9302637490367565,0.944034484298865,0.0,Recovery 1
2020-11-12,12690.7998046875,43357.19140625,20.6200008392334,28278.47265625,21363.349609375,11600.7998046875,44.2599983215332,74.56999969482422,46238.86,572.86,0.0,58.8,4.0,-0.45768215253314537,-0.45873272404132776,0.9343704781903914,-0.45768215253314537,Recovery 1
2020-11-13,12719.9501953125,43443.0,19.700000762939453,28465.369140625,21436.849609375,11726.4501953125,44.34000015258789,74.86499786376953,46238.86,572.86,0.0,58.8,4.0,0.2296970330761372,0.22943363271255196,0.9322791846869767,-0.2290364017822899,Recovery 1
2020-11-14,,,,,,,44.709999084472656,,46238.86,572.86,0.0,58.8,4.0,0.0,,0.9315542206986861,,Recovery 1
2020-11-16,,,,,,,,74.48770141601562,43832.14,502.0,0.0,58.8,4.0,0.0,,0.9121863441144168,,Recovery 1
2020-11-17,12874.2001953125,43952.7109375,19.799999237060547,29180.9609375,21488.55078125,11690.7998046875,44.5099983215332,74.41809844970703,43832.14,502.0,0.0,58.8,4.0,1.2126619808373373,,0.9253808820974604,0.0,Recovery 1
2020-11-18,12938.25,44180.05078125,19.1200008392334,29749.50390625,21314.849609375,11612.9501953125,44.18000030517578,74.47969818115234,43832.14,502.0,0.0,58.8,4.0,0.4975051165572175,0.49627164920273814,0.9212276503346555,0.0,Recovery 1
2020-11-19,12771.7001953125,43599.9609375,19.56999969482422,28902.71484375,21114.44921875,11566.599609375,43.83000183105469,74.41999816894531,43832.14,502.0,0.0,58.8,4.0,-1.287266861341374,-1.2956239372488105,0.9625859710187356,-1.287266861341374,Recovery 1
2020-11-20,12859.0498046875,43882.25,19.6200008392334,29235.66015625,21409.25,11526.75,43.810001373291016,74.09960174560547,43832.14,502.0,0.0,58.8,4.0,0.683930941371913,0.6816027431926411,0.9658266722360469,-0.61213993633219,Recovery 1
2020-11-23,12926.4501953125,44077.1484375,20.799999237060547,29023.861328125,22007.05078125,11737.2001953125,43.880001068115234,74.16239929199219,40175.29,513.14,0.0,66.2,4.0,0.5241475198302092,0.5227786479061853,0.9660767725409113,-0.09120093279616492,Recovery 1
2020-11-24,13055.150390625,44523.01953125,21.059999465942383,29736.904296875,22064.30078125,11880.7998046875,42.779998779296875,74.24490356445312,40175.29,513.14,0.0,66.2,4.0,0.9956344809897599,0.9907106958531581,0.9751005201318952,0.0,Recovery 1
2020-11-25,12858.400390625,43828.1015625,23.1299991607666,29196.060546875,21705.900390625,11635.2001953125,42.68000030517578,73.96080017089844,40175.29,513.14,0.0,66.2,4.0,-1.5070680468092346,-1.5185397205090294,0.8978541683382252,-1.5070680468092346,Recovery 1
2020-11-26,12987.0,44259.73828125,20.020000457763672,29549.40625,21859.900390625,11801.25,42.939998626708984,73.77989959716797,40175.29,513.14,0.0,66.2,4.0,1.0001213639976747,0.9951532476185487,0.9037915140333944,-0.5220191923176909,Recovery 1
2020-11-27,12968.9501953125,44149.71875,19.81999969482422,29608.70703125,21764.900390625,11839.150390625,42.84000015258789,74.04879760742188,40175.29,513.14,0.0,66.2,4.0,-0.1389836350773832,-0.13908030691388337,0.9003252006521936,-0.6602773061457845,Recovery 1
2020-11-30,,,,,,,,73.94090270996094,42444.71,495.57,0.0,66.2,4.0,0.0,,0.9018201423480241,,Recovery 1
2020-12-01,13109.0498046875,44655.44140625,20.18000030517578,29817.50390625,22170.900390625,12045.150390625,42.290000915527344,74.02519989013672,42444.71,495.57,0.0,66.2,4.0,1.0802694687318537,,0.9132317834015345,0.0,Recovery 1
2020-12-02,13113.75,44618.0390625,19.90999984741211,29462.80859375,22319.0,12088.599609375,42.83000183105469,73.65499877929688,42444.71,495.57,0.0,66.2,4.0,0.03585458429504751,0.03584815807498976,0.9063363289718482,0.0,Recovery 1
2020-12-03,13133.900390625,44632.6484375,19.0,29448.408203125,22202.19921875,12206.9501953125,43.06999969482422,73.66259765625,42444.71,495.57,0.0,66.2,4.0,0.15365849299400214,0.1535405591264683,0.9068743688569563,0.0,Recovery 1
2020-12-04,13258.5498046875,45079.55078125,18.030000686645508,30052.05078125,22309.80078125,12353.599609375,43.060001373291016,73.86489868164062,42444.71,495.57,0.0,66.2,4.0,0.9490662358873525,0.9445908959648398,0.8552700354292171,0.0,Recovery 1
2020-12-07,13355.75,45426.96875,18.020000457763672,30211.19921875,22440.900390625,12555.9501953125,42.7599983215332,73.79029846191406,35900.43,498.0,0.0,66.2,4.0,0.7331133249439903,0.7304391112653886,0.8493521716300544,0.0,Recovery 1
2020-12-08,13392.9501953125,45608.51171875,18.6200008392334,30261.548828125,22617.400390625,12407.2998046875,43.34000015258789,74.0199966430664,35900.43,498.0,0.0,66.2,4.0,0.2785331809333158,0.2781459960611745,0.7841554963659004,0.0,Recovery 1
2020-12-09,13529.099609375,46103.5,18.920000076293945,30709.04296875,22803.44921875,12443.900390625,43.18000030517578,73.72640228271484,35900.43,498.0,0.0,66.2,4.0,1.0165752285866914,1.0114428562528128,0.7697630425933565,0.0,Recovery 1
2020-12-10,13478.2998046875,45959.87890625,18.709999084472656,30509.994140625,22755.75,12440.599609375,42.650001525878906,73.93499755859375,35900.43,498.0,0.0,66.2,4.0,-0.37548548058806697,-0.3761921969516158,0.774506715706535,-0.37548548058806697,Recovery 1
2020-12-11,13513.849609375,46099.01171875,18.790000915527344,30604.494140625,22664.0,12366.0,42.709999084472656,73.72669982910156,35900.43,498.0,0.0,66.2,4.0,0.2637558535026452,0.26340862816878063,0.7741343468213546,-0.11271999201951655,Recovery 1
2020-12-14,13558.150390625,46253.4609375,19.399999618530273,30745.54296875,22746.69921875,12459.900390625,42.560001373291016,73.73799896240234,30401.0,405.29,0.0,66.2,4.0,0.32781762806703973,0.32728147749187797,0.7617124883091279,0.0,Recovery 1
2020-12-15,13567.849609375,46263.171875,19.350000381469727,30690.693359375,22715.099609375,12432.599609375,42.81999969482422,73.86000061035156,30401.0,405.29,0.0,66.2,4.0,0.07153791977927426,0.07151234360649028,0.762141699279286,0.0,Recovery 1
2020-12-16,13682.7001953125,46666.4609375,19.200000762939453,30698.04296875,22906.25,12547.5,43.33000183105469,73.75980377197266,30401.0,405.29,0.0,66.2,4.0,0.8464907059269056,0.8429280641864135,0.7236601539489068,0.0,Recovery 1
2020-12-17,13740.7001953125,46890.33984375,19.15999984741211,30846.69140625,22892.25,12602.400390625,43.66999816894531,73.6166000366211,30401.0,405.29,0.0,66.2,4.0,0.4238929390550483,0.4229970438016461,0.7087697108893097,0.0,Recovery 1
2020-12-18,13760.5498046875,46960.69140625,18.6200008392334,30714.29296875,23256.599609375,12762.349609375,43.72999954223633,73.52980041503906,30401.0,405.29,0.0,66.2,4.0,0.1444584998788523,0.14435425896574644,0.6706835796959814,0.0,Recovery 1
2020-12-21,13328.400390625,45553.9609375,23.190000534057617,29456.107421875,22844.599609375,12278.150390625,44.15999984741211,73.60359954833984,24884.86,351.14,0.0,66.2,4.0,-3.14049525779333,-3.1908662156302663,0.8977452637699381,-3.14049525779333,Recovery 1
2020-12-22,13466.2998046875,46006.69140625,21.989999771118164,29625.60546875,23611.599609375,12550.9501953125,43.70000076293945,73.935302734375,24884.86,351.14,0.0,66.2,4.0,1.0346283876607965,1.0293127415086656,0.9008125930180494,-2.138359325582795,Recovery 1
2020-12-23,13601.099609375,46444.1796875,20.5,29882.953125,24167.75,12753.25,43.58000183105469,74.2699966430664,24884.86,351.14,0.0,66.2,4.0,1.0010159185716239,0.9960389402299756,0.9042017282764727,-1.1587487242565198,Recovery 1
2020-12-24,13749.25,46973.5390625,19.969999313354492,30401.845703125,24009.25,12908.9501953125,43.72999954223633,73.83979797363281,24884.86,351.14,0.0,66.2,4.0,1.089253037474136,1.083363406633502,0.9175425209635445,-0.08211739245804761,Recovery 1
2020-12-25,,,,,,,,73.55780029296875,24884.86,351.14,0.0,66.2,4.0,0.0,,0.9175425209635445,,Recovery 1
2020-12-28,13873.2001953125,47353.75,20.43000030517578,30880.58984375,24100.30078125,12874.349609375,43.849998474121094,73.68900299072266,22375.29,306.43,0.0,66.2,4.0,0.9015051389166695,,0.923348359590521,0.0,Recovery 1
2020-12-29,13932.599609375,47613.078125,20.790000915527344,31322.13671875,24274.05078125,12843.900390625,43.68000030517578,73.5448989868164,22375.29,306.43,0.0,66.2,4.0,0.4281594241144937,0.4272454296258275,0.9074012768103824,0.0,Recovery 1
2020-12-30,13981.9501953125,47746.21875,21.110000610351562,31302.6875,24330.05078125,12823.900390625,43.58000183105469,73.45359802246094,22375.29,306.43,0.0,66.2,4.0,0.3542094606974411,0.35358361641822766,0.906526722492145,0.0,Recovery 1
2020-12-31,13981.75,47751.328125,21.100000381469727,31263.6875,24251.349609375,12915.900390625,43.75,73.13400268554688,22375.29,306.43,0.0,66.2,4.0,-0.0014318125132972703,-0.0014318227638304823,0.8599029180605109,-0.0014318125132972703,Recovery 1
2021-01-01,14018.5,47868.98046875,,31225.486328125,24456.099609375,13001.9501953125,43.810001373291016,73.08920288085938,22375.29,306.43,0.0,66.2,4.0,0.26284263414808606,0.26249780699946657,0.8569495677161848,0.0,Recovery 1
2021-01-04,14132.900390625,48176.80078125,20.030000686645508,31212.0859375,25110.05078125,13149.7998046875,44.52000045776367,73.09200286865234,19445.0,259.0,0.0,66.2,4.0,0.8160672727110629,0.8127554493474463,0.8613254116425977,0.0,Recovery 1
2021-01-05,14199.5,48437.78125,20.459999084472656,31721.880859375,25769.150390625,13166.349609375,44.970001220703125,73.31999969482422,19445.0,259.0,0.0,66.2,4.0,0.47123808655142874,0.470131235786493,0.8520236423224354,0.0,Recovery 1
2021-01-06,14146.25,48174.05859375,21.0,31797.53125,25419.150390625,13118.099609375,45.15999984741211,73.37480163574219,19445.0,259.0,0.0,66.2,4.0,-0.37501320469031096,-0.37571814216639365,0.7929863760327288,-0.37501320469031096,Recovery 1
2021-01-07,14137.349609375,48093.3203125,20.6200008392334,31955.62890625,25251.19921875,13060.75,44.40999984741211,73.36000061035156,19445.0,259.0,0.0,66.2,4.0,-0.06291696120880319,-0.06293676223474676,0.7853424030686443,-0.437694218986584,Recovery 1
2021-01-08,14347.25,48782.51171875,20.639999389648438,32083.826171875,26162.400390625,13271.5498046875,43.83000183105469,73.44599914550781,19445.0,259.0,0.0,66.2,4.0,1.4847223590326086,1.4738082534464192,0.8105664364839283,0.0,Recovery 1
2021-01-11,14484.75,49269.3203125,22.3799991607666,31998.529296875,27027.75,13412.349609375,43.029998779296875,73.37339782714844,18045.57,223.43,0.0,66.2,4.0,0.9583718134137165,0.9538085628550319,0.8155564437607947,0.0,Recovery 1
2021-01-12,14563.4501953125,49517.109375,22.850000381469727,32338.625,26982.099609375,13244.7001953125,43.22999954223633,73.51349639892578,18045.57,223.43,0.0,66.2,4.0,0.5433314024232416,0.5418606822103615,0.8053132701740386,0.0,Recovery 1
2021-01-13,14564.849609375,49492.3203125,23.290000915527344,32574.271484375,27004.30078125,13122.5498046875,43.06999969482422,73.16500091552734,18045.57,223.43,0.0,66.2,4.0,0.009609083312889233,0.009608621670051522,0.8056855270730657,0.0,Recovery 1
2021-01-14,14595.599609375,49584.16015625,23.030000686645508,32519.37109375,26965.55078125,13232.5498046875,42.70000076293945,73.1698989868164,18045.57,223.43,0.0,66.2,4.0,0.21112473403230858,0.2109021789565324,0.805261928791391,0.0,Recovery 1
2021-01-15,14433.7001953125,49034.671875,24.010000228881836,32246.42578125,26362.80078125,13014.25,43.029998779296875,73.08760070800781,18045.57,223.43,0.0,66.2,4.0,-1.1092344158201595,-1.115432296065278,0.8398890847294153,-1.1092344158201595,Recovery 1
2021-01-18,14281.2998046875,48564.26953125,24.399999618530273,31811.380859375,25916.25,12653.5,42.540000915527344,73.15899658203125,15385.86,182.14,0.0,66.2,4.0,-1.0558650142566628,-1.0614788200058034,0.8700833768561398,-2.1533874119540775,Recovery 1
2021-01-19,14521.150390625,49398.2890625,22.899999618530273,32424.47265625,26043.5,12866.0498046875,42.790000915527344,73.1886978149414,15385.86,182.14,0.0,66.2,4.0,1.6794730817062842,1.665525875641371,0.9096247101172391,-0.5100798921764071,Recovery 1
2021-01-20,14644.7001953125,49792.12109375,21.549999237060547,32543.3203125,26619.69921875,12881.2001953125,42.9900016784668,73.19190216064453,15385.86,182.14,0.0,66.2,4.0,0.8508265623863087,0.8472274336760961,0.9054525911239165,0.0,Recovery 1
2021-01-21,14590.349609375,49624.76171875,22.18000030517578,32186.525390625,26450.150390625,12697.150390625,43.220001220703125,72.91089630126953,15385.86,182.14,0.0,66.2,4.0,-0.37112802046228577,-0.3718184091801354,0.9053460729688905,-0.37112802046228577,Recovery 1
2021-01-22,14371.900390625,48878.5390625,,31166.888671875,26489.75,12542.099609375,43.040000915527344,72.95490264892578,15385.86,182.14,0.0,66.2,4.0,-1.4972171647596122,-1.5085386074712022,0.9610454460545571,-1.862788592796305,Recovery 1
2021-01-25,14238.900390625,48347.58984375,23.25,31198.037109375,26023.30078125,12756.75,42.790000915527344,72.99590301513672,13792.57,152.14,0.0,66.2,4.0,-0.9254169343308138,-0.9297255190251277,0.9827363590372395,-2.7709669660386016,Recovery 1
2021-01-26,,,,,,,,72.97000122070312,13792.57,152.14,0.0,67.13,4.0,0.0,,0.9830655700197178,,Recovery 1
2021-01-27,13967.5,47409.9296875,24.389999389648438,30284.19921875,25865.30078125,12495.900390625,42.560001373291016,72.91999816894531,13792.57,152.14,0.0,61.57,4.0,-1.9060488041877988,,1.043907003177718,-4.624199787505789,Recovery 1
2021-01-28,13817.5498046875,46874.359375,24.290000915527344,30357.947265625,25301.25,12395.9501953125,42.540000915527344,73.03710174560547,13792.57,152.14,0.0,61.57,4.0,-1.0735650281904374,-1.0793693167934582,1.0622397247330666,-5.648121023943908,Recovery 1
2021-01-29,13634.599609375,46285.76953125,25.34000015258789,30565.14453125,24645.75,12170.25,42.650001525878906,72.93879699707031,13792.57,152.14,0.0,61.57,4.0,-1.3240422354072856,-1.3328858232496075,1.0899749030883583,-6.897379751487264,Recovery 1
2021-02-01,14281.2001953125,48600.609375,23.31999969482422,33088.66796875,24922.69921875,12103.5498046875,42.34000015258789,72.90660095214844,13092.86,133.57,0.0,61.57,4.0,4.742351110133836,4.633334971971787,1.2512232145681836,-2.4821266065682246,Recovery 1
2021-02-02,14647.849609375,49797.71875,23.350000381469727,34267.5,25447.80078125,12361.5498046875,41.91999816894531,73.11979675292969,13092.86,133.57,0.0,61.57,4.0,2.567357148195737,2.5349539675742867,1.3145672905965895,0.0,Recovery 1
2021-02-03,14789.9501953125,50255.75,23.75,34758.046875,25680.900390625,12706.650390625,41.689998626708984,72.91629791259766,13092.86,133.57,0.0,61.57,4.0,0.9701122671723184,0.9654368913945022,1.31400207622415,0.0,Recovery 1
2021-02-04,14895.650390625,50614.2890625,23.1200008392334,35344.390625,25570.05078125,12739.0498046875,41.33000183105469,72.85800170898438,13092.86,133.57,0.0,61.57,4.0,0.7146758029381362,0.7121340982025425,1.3078908793999384,0.0,Recovery 1
2021-02-05,14924.25,50731.62890625,23.420000076293945,35654.0859375,25331.599609375,12950.650390625,41.130001068115234,72.9457015991211,13092.86,133.57,0.0,61.57,4.0,0.19199973566108586,0.191815651758026,1.3069658573484109,0.0,Recovery 1
2021-02-08,15115.7998046875,51348.76953125,23.959999084472656,35983.23046875,25915.599609375,12971.0,41.279998779296875,72.78479766845703,11454.29,103.14,0.0,61.57,4.0,1.283480273296811,1.2753134705385865,1.3150461485694491,0.0,Recovery 1
2021-02-09,15109.2998046875,51329.078125,24.270000457763672,36056.08203125,25779.150390625,12812.7998046875,41.849998474121094,72.92990112304688,11454.29,103.14,0.0,61.57,4.0,-0.04300136336804483,-0.043010611605642915,1.3162090797453998,-0.04300136336804483,Recovery 1
2021-02-10,15106.5,51309.390625,23.950000762939453,35782.6875,25885.30078125,12905.5498046875,41.7599983215332,72.85489654541016,11454.29,103.14,0.0,61.57,4.0,-0.018530340410816137,-0.018532057490518592,1.3172325200407358,-0.06152373547985146,Recovery 1
2021-02-11,15173.2998046875,51531.51953125,23.049999237060547,35751.6875,26043.44921875,12929.7998046875,41.7599983215332,72.80729675292969,11454.29,103.14,0.0,61.57,4.0,0.4421924647502795,0.4412176664707947,1.3166112278339923,0.0,Recovery 1
2021-02-12,15163.2998046875,51544.30078125,22.040000915527344,36108.48046875,26093.80078125,12785.75,41.20000076293945,72.70950317382812,11454.29,103.14,0.0,61.57,4.0,-0.06590524229219685,-0.06592696934370658,1.318137015442842,-0.06590524229219685,Recovery 1
2021-02-15,15314.7001953125,52154.12890625,,37305.81640625,26001.099609375,12745.099609375,41.189998626708984,72.59480285644531,11225.29,92.29,0.01,61.57,4.0,0.9984659841533849,0.9935142462115996,1.321158383725407,0.0,Recovery 1
2021-02-16,15313.4501953125,52104.171875,21.780000686645508,37097.96875,25613.94921875,12804.150390625,41.349998474121094,72.63870239257812,11225.29,92.29,0.02,61.57,4.0,-0.008162092525865194,-0.008162425642763527,1.3216194348994896,-0.008162092525865194,Recovery 1
2021-02-17,15208.900390625,51703.828125,,36910.51953125,25282.94921875,12584.349609375,40.52000045776367,72.93499755859375,11225.29,92.29,0.02,61.57,4.0,-0.6827318687430917,-0.6850731452785171,1.3279002400283606,-0.6908382360621301,Recovery 1
2021-02-18,15118.9501953125,51324.69140625,21.540000915527344,36586.57421875,25618.55078125,12517.5,40.470001220703125,72.79730224609375,11225.29,92.29,0.03,61.57,4.0,-0.5914312869584326,-0.5931871684390037,1.3356799063603861,-1.2781836895502163,Recovery 1
2021-02-19,14981.75,50889.76171875,22.25,35841.18359375,25503.19921875,12347.400390625,40.099998474121094,72.60540008544922,11225.29,92.29,0.05,61.57,4.0,-0.9074717063029758,-0.9116143118184505,1.3297398623829502,-2.1740562405159536,Recovery 1
2021-02-22,14675.7001953125,49744.3203125,25.469999313354492,35256.7890625,24766.44921875,12032.2998046875,40.43000030517578,72.5530014038086,12387.29,94.29,0.08,61.57,4.0,-2.042817459158641,-2.063971564030592,1.3790240312528312,-4.172461699221408,Recovery 1
2021-02-23,14707.7998046875,49751.41015625,25.229999542236328,35116.54296875,24807.80078125,12029.5,40.66999816894531,72.44400024414062,12387.29,94.29,0.09,61.57,4.0,0.21872625461001327,0.2184873969705697,1.3763128566928426,-3.96286171381115,Recovery 1
2021-02-24,14982.0,50781.69140625,24.170000076293945,36451.87890625,24779.400390625,12035.849609375,40.619998931884766,72.37699890136719,12387.29,94.29,0.1,63.43,4.0,1.864318245786234,1.847152850052029,1.4158983248311585,-2.1724238220107828,Recovery 1
2021-02-25,15097.349609375,51039.30859375,22.889999389648438,36548.57421875,24872.44921875,12141.7001953125,40.33000183105469,72.4000015258789,12387.29,94.29,0.13,63.43,4.0,0.7699213013950157,0.7669725331353618,1.4210258441818018,-1.4192284743780093,Recovery 1
2021-02-26,14529.150390625,49099.98828125,28.139999389648438,34803.1953125,24301.44921875,11927.900390625,40.25,73.1509017944336,12387.29,94.29,0.16,63.43,4.0,-3.7635693247585977,-3.8362202756303643,1.5746809766889862,-5.129384151626681,Recovery 1
2021-03-01,14761.5498046875,49849.83984375,25.6299991607666,35295.58984375,24556.30078125,12092.7001953125,39.959999084472656,73.59590148925781,15011.43,107.0,0.18,63.43,4.0,1.5995389118723446,1.586881087701919,1.5859032478488726,-3.611891735199013,Wave 2 Delta
2021-03-02,14919.099609375,50296.890625,23.610000610351562,35419.2890625,25301.849609375,12257.2998046875,39.52000045776367,73.30940246582031,15011.43,107.0,0.19,63.43,4.0,1.0672985341787733,1.0616431079728932,1.569026332232369,-2.583142868566146,Wave 2 Delta
2021-03-03,15245.599609375,51444.6484375,22.09000015258789,36367.62890625,25772.650390625,12379.599609375,39.33000183105469,73.27749633789062,15011.43,107.0,0.2,63.43,4.0,2.1884698711632122,2.1648666152392937,1.6095235693874483,-0.4512043008106037,Wave 2 Delta
2021-03-04,15080.75,50846.078125,24.149999618530273,35802.08203125,25631.849609375,12351.75,38.93000030517578,72.88069915771484,15011.43,107.0,0.23,63.43,4.0,-1.0812930524138231,-1.0871815118793142,1.6225701110266515,-1.5276185124675656,Wave 2 Delta
2021-03-05,14938.099609375,50405.3203125,25.559999465942383,35227.73828125,25229.599609375,12192.75,38.66999816894531,73.13179779052734,15011.43,107.0,0.25,63.43,4.0,-0.9459104528952489,-0.9504125991607463,1.6066317107930534,-2.4590790621730196,Wave 2 Delta
2021-03-08,14956.2001953125,50441.0703125,24.68000030517578,35275.33984375,25347.94921875,12239.849609375,38.70000076293945,73.1333999633789,16295.43,100.71,0.29,63.43,4.0,0.12117060677612201,0.12109725444472019,1.5939833651253519,-2.3408881364176404,Wave 2 Delta
2021-03-09,15098.400390625,51025.48046875,22.5,35865.23046875,25582.349609375,12133.849609375,38.849998474121094,73.33000183105469,16295.43,100.71,0.31,57.87,4.0,0.9507775601791391,0.9462861169810146,1.5998008809619388,-1.4123672153484534,Wave 2 Delta
2021-03-10,15174.7998046875,51279.51171875,20.75,35937.8828125,26010.099609375,12313.25,38.95000076293945,72.7759017944336,16295.43,100.71,0.33,57.87,4.0,0.5060099883821945,0.5047340602462587,1.5497249927226566,-0.9135039461485528,Wave 2 Delta
2021-03-11,,,,,,,,72.70600128173828,16295.43,100.71,0.33,57.87,4.0,0.0,,1.5294560896786988,,Wave 2 Delta
2021-03-12,15030.9501953125,50792.078125,21.709999084472656,35496.234375,25888.25,12184.25,38.630001068115234,72.63899993896484,16295.43,100.71,0.36,57.87,4.0,-0.9479506235763657,,1.5169717133055853,-1.8527950033710106,Wave 2 Delta
2021-03-15,14929.5,50395.078125,21.229999542236328,35182.140625,26032.05078125,12024.5,39.060001373291016,72.68299865722656,21178.43,121.57,0.41,57.87,4.0,-0.6749419963093084,-0.6772300308835675,1.2780543405351363,-2.515231708097043,Wave 2 Delta
2021-03-16,14910.4501953125,50363.9609375,20.190000534057617,34804.1953125,26363.849609375,12013.0,39.029998779296875,72.51529693603516,21178.43,121.57,0.44,57.87,4.0,-0.1275984104457617,-0.12767988653300597,1.1947168086589783,-2.6396207228642443,Wave 2 Delta
2021-03-17,14721.2998046875,49801.62109375,20.15999984741211,34228.8515625,26183.5,11787.5,39.13999938964844,72.5156021118164,21178.43,121.57,0.46,57.87,4.0,-1.2685759862868795,-1.2766911155539131,1.2061707416666687,-3.874711114531826,Wave 2 Delta
2021-03-18,14557.849609375,49216.51953125,20.079999923706055,33856.40625,25373.349609375,11514.4501953125,39.16999816894531,72.29560089111328,21178.43,121.57,0.49,57.87,4.0,-1.1102973071742905,-1.1165071153974404,1.2144362462794915,-4.941987608540687,Wave 2 Delta
2021-03-19,14744.0,49858.23828125,19.989999771118164,34161.203125,25562.75,11667.099609375,39.22999954223633,72.6688003540039,21178.43,121.57,0.51,57.87,4.0,1.2786942826028547,1.2705880170274957,1.238466354838204,-3.7264862389351783,Wave 2 Delta
2021-03-22,14736.400390625,49771.2890625,20.489999771118164,33603.05859375,26035.349609375,11850.75,38.849998474121094,72.40499877929688,34297.43,164.0,0.55,57.87,4.0,-0.0515437423697751,-0.05155703072306843,1.2132583986399423,-3.7761092108385186,Wave 2 Delta
2021-03-23,14814.75,50051.44140625,20.670000076293945,34184.0,26105.69921875,11907.2001953125,38.91999816894531,72.38050079345703,34297.43,164.0,0.57,57.87,4.0,0.531673999743143,0.5302656033791128,1.2183485249508317,-3.264511801971315,Wave 2 Delta
2021-03-24,14549.400390625,49180.30859375,22.459999084472656,33292.86328125,25802.94921875,11916.2998046875,38.880001068115234,72.61219787597656,34297.43,164.0,0.59,57.87,4.0,-1.7911176994211853,-1.8073523592070435,1.2586647072649928,-4.99715825270769,Wave 2 Delta
2021-03-25,14324.900390625,48440.12109375,22.700000762939453,33006.06640625,25237.099609375,11816.7998046875,38.88999938964844,72.64559936523438,34297.43,164.0,0.6,57.87,4.0,-1.5430189146808937,-1.5550473459416194,1.2802272508639319,-6.463070070352773,Wave 2 Delta
2021-03-26,14507.2998046875,49008.5,20.649999618530273,33317.8125,25385.099609375,11883.2001953125,38.790000915527344,72.61280059814453,34297.43,164.0,0.61,57.87,4.0,1.2733031929623273,1.265264850918062,1.3075314771682947,-5.272061354959645,Wave 2 Delta
2021-03-29,,,,,,,,72.44719696044922,53213.43,256.71,0.63,57.87,4.0,0.0,,1.2901720699783714,,Wave 2 Delta
2021-03-30,14845.099609375,50136.578125,20.489999771118164,33874.70703125,26121.099609375,12206.599609375,38.380001068115234,72.74189758300781,53213.43,256.71,0.64,57.87,4.0,2.328481586755049,,1.3685717737025647,-3.0663387460972635,Wave 2 Delta
2021-03-31,14690.7001953125,49509.1484375,20.649999618530273,33303.51171875,25855.0,12272.599609375,38.16999816894531,73.44529724121094,53213.43,256.71,0.66,57.87,4.0,-1.0400699094332388,-1.0455164345430579,1.3754068471689131,-4.074516588911048,Wave 2 Delta
2021-04-01,14867.349609375,50029.828125,19.989999771118164,33857.60546875,25980.400390625,12377.099609375,39.099998474121094,73.20349884033203,53213.43,256.71,0.68,57.87,4.0,1.202457416691849,1.1952853344086898,1.3924776766110838,-2.921053499136894,Wave 2 Delta
2021-04-02,,,,,,,,73.28730010986328,53213.43,256.71,0.7,57.87,4.0,0.0,,1.3829539646307054,,Wave 2 Delta
2021-04-05,14637.7998046875,49159.3203125,21.219999313354492,32678.470703125,26491.400390625,12331.5,39.33000183105469,73.3759994506836,73412.14,438.71,0.76,69.91,4.0,-1.543986054802604,,1.3605653973967455,-4.4199388952595005,Wave 2 Delta
2021-04-06,14683.5,49201.390625,20.84000015258789,32500.97265625,26532.19921875,12548.599609375,39.4900016784668,73.27950286865234,73412.14,438.71,0.79,69.91,4.0,0.3122067245233451,0.31172037135109876,1.3611896424708223,-4.1215315171869715,Wave 2 Delta
2021-04-07,14819.0498046875,49661.76171875,20.25,32990.81640625,26831.0,12616.349609375,40.11000061035156,73.48999786376953,73412.14,438.71,0.81,69.91,4.0,0.9231436965811968,0.91890876818974,1.3272452473589589,-3.236435479009303,Wave 2 Delta
2021-04-08,14873.7998046875,49746.2109375,20.309999465942383,32782.46875,27148.400390625,12611.7001953125,40.279998779296875,74.40149688720703,73412.14,438.71,0.84,69.91,4.0,0.36945688638336804,0.3687760707936765,1.320943415664235,-2.878935826376483,Wave 2 Delta
2021-04-09,14834.849609375,49591.3203125,19.790000915527344,32447.673828125,27367.05078125,12995.349609375,40.45000076293945,74.54450225830078,73412.14,438.71,0.87,69.91,4.0,-0.26187118170183377,-0.2622146640661241,1.1201302923546568,-3.133267904809345,Wave 2 Delta
2021-04-12,14310.7998046875,47883.37890625,23.0,30791.642578125,26727.80078125,12961.849609375,40.4900016784668,74.72949981689453,124756.57,664.57,0.95,69.91,4.0,-3.5325589304007643,-3.5964632817239215,1.2622276825813403,-6.555142300025385,Wave 2 Delta
2021-04-13,14504.7998046875,48544.05859375,20.459999084472656,31771.23046875,25851.30078125,12807.5,40.5099983215332,74.99099731445312,124756.57,664.57,0.98,69.91,4.0,1.3556195506029933,1.3465132344700306,1.2724436074688719,-5.288385540011376,Wave 2 Delta
2021-04-14,,,,,,,,75.18150329589844,124756.57,664.57,1.01,69.91,4.0,0.0,,1.1981150725292624,,Wave 2 Delta
2021-04-15,14581.4501953125,48803.6796875,20.889999389648438,32112.4765625,26010.849609375,12987.0498046875,40.720001220703125,75.0261001586914,124756.57,664.57,1.05,69.91,4.0,0.5284484560774683,,1.1914096943167225,-4.787883475671517,Wave 2 Delta
2021-04-16,14617.849609375,48832.03125,20.399999618530273,31977.078125,26324.900390625,13234.25,40.83000183105469,74.72740173339844,124756.57,664.57,1.1,69.91,4.0,0.2496282165007191,0.24931716281266103,1.1822812425652982,-4.550207167299236,Wave 2 Delta
2021-04-19,14359.4501953125,47949.421875,22.489999771118164,31208.037109375,26236.900390625,13256.25,41.529998779296875,74.56320190429688,204186.29,1125.0,1.23,73.61,4.0,-1.7676978554819645,-1.7835082308829993,1.2216425254506642,-6.237471108264869,Wave 2 Delta
2021-04-20,14296.400390625,47705.80078125,22.43000030517578,31112.337890625,25877.599609375,13426.900390625,41.099998474121094,74.8781967163086,204186.29,1125.0,0.0,73.61,4.0,-0.43908230349990474,-0.44004910090830246,1.2055543099417245,-6.649165779942456,Wave 2 Delta
2021-04-21,,,,,,,,75.44920349121094,204186.29,1125.0,1.27,73.61,4.0,0.0,,1.1992251443487107,,Wave 2 Delta
2021-04-22,14406.150390625,48080.671875,23.030000686645508,31782.23046875,25826.69921875,13378.9501953125,41.47999954223633,75.42949676513672,204186.29,1125.0,1.35,73.61,4.0,0.7676757575422188,,1.211580637218207,-5.9325340561716455,Wave 2 Delta
2021-04-23,14341.349609375,47878.44921875,22.690000534057617,31721.931640625,25609.099609375,13319.75,41.52000045776367,75.0916976928711,204186.29,1125.0,0.0,73.61,4.0,-0.44981330537942066,-0.45082800942043294,1.2038833361787427,-6.355662034020238,Wave 2 Delta
2021-04-26,14485.0,48386.51171875,23.5,32274.775390625,25680.30078125,13203.849609375,41.22999954223633,74.86810302734375,310294.71,2165.86,1.6,73.61,4.0,1.0016518287169873,0.9966685459202935,1.2174829274882242,-5.417671810294101,Wave 2 Delta
2021-04-27,14653.0498046875,48944.140625,23.079999923706055,32734.96875,25815.75,13296.75,41.08000183105469,74.81490325927734,310294.71,2165.86,1.67,73.61,4.0,1.1601643402658013,1.1534860370141113,1.2387548179087686,-4.32036136644397,Wave 2 Delta
2021-04-28,14864.5498046875,49733.83984375,22.579999923706055,33722.41015625,25962.099609375,13252.9501953125,40.63999938964844,74.57499694824219,310294.71,2165.86,1.73,73.61,4.0,1.4433855260107098,1.4330678808834763,1.2457387367272497,-2.93933531106787,Wave 2 Delta
2021-04-29,14894.900390625,49765.94140625,23.309999465942383,33714.109375,25874.30078125,13298.650390625,40.720001220703125,74.31179809570312,310294.71,2165.86,1.8,73.61,4.0,0.20418099664161193,0.2039728305535653,1.226864595338964,-2.7411558785590318,Wave 2 Delta
2021-04-30,14631.099609375,48782.359375,23.030000686645508,32781.41796875,25664.44921875,13469.25,40.59000015258789,74.10579681396484,310294.71,2165.86,1.88,73.61,4.0,-1.7710812045177438,-1.78695252286075,1.2505522485643679,-4.463688986525083,Wave 2 Delta
2021-05-03,14634.150390625,48718.51953125,23.690000534057617,32465.373046875,25676.05078125,13507.4501953125,40.689998626708984,74.09480285644531,371040.71,3318.71,2.0,73.61,4.0,0.02085134632017205,0.02084917272909865,1.2505551616799255,-4.443768379454149,Wave 2 Delta
2021-05-04,14496.5,48253.51171875,23.010000228881836,32269.974609375,25489.0,13234.75,40.75,73.8375015258789,371040.71,3318.71,2.05,73.61,4.0,-0.940610742344028,-0.9450624224999165,1.2572087759100017,-5.342580559056154,Wave 2 Delta
2021-05-05,14617.849609375,48677.55078125,,32783.31640625,25786.94921875,13779.7001953125,40.529998779296875,73.77890014648438,371040.71,3318.71,2.13,73.61,4.0,0.8370959153933599,0.8336116981918119,1.2238855577422212,-4.550207167299236,Wave 2 Delta
2021-05-06,14724.7998046875,48949.76171875,22.040000915527344,32827.41796875,26258.69921875,13747.75,40.81999969482422,73.79940032958984,371040.71,3318.71,2.23,73.61,4.0,0.73164109749706,0.7289775876840783,1.193611973906069,-3.851857255459401,Wave 2 Delta
2021-05-07,14823.150390625,,20.81999969482422,32904.1171875,26269.44921875,13747.099609375,41.2400016784668,73.61519622802734,371040.71,3318.71,2.32,73.61,4.0,0.6679247748155426,0.6657040403640492,1.1780865592113985,-3.2096599895435896,Wave 2 Delta
2021-05-10,14942.349609375,49502.41015625,20.229999542236328,33142.01171875,26273.44921875,14131.849609375,41.459999084472656,73.29029846191406,391279.57,3831.43,2.53,81.94,4.0,0.8041422748121585,0.8009262800994111,1.185362881975688,-2.4313279475850824,Wave 2 Delta
2021-05-11,14850.75,49161.80859375,,32871.81640625,26106.69921875,14066.650390625,41.400001525878906,73.5,391279.57,3831.43,2.63,81.94,4.0,-0.6130201191218876,-0.6149068019026527,1.114682116328099,-3.0294435372264394,Wave 2 Delta
2021-05-12,14696.5,48690.80078125,20.079999923706055,32451.923828125,25855.44921875,14065.0498046875,41.38999938964844,73.3750991821289,391279.57,3831.43,2.7,81.94,4.0,-1.03866808073666,-1.0440998826452301,1.1146367236269847,-4.036645754918,Wave 2 Delta
2021-05-13,,,,,,,,73.68160247802734,391279.57,3831.43,2.77,81.94,4.0,0.0,,1.0915612697877037,,Wave 2 Delta
2021-05-14,14677.7998046875,48732.55078125,20.270000457763672,32169.177734375,25588.19921875,13885.5,41.4900016784668,73.44490051269531,391279.57,3831.43,2.81,81.94,4.0,-0.12724250884564858,,1.0916770080999791,-4.15875193443187,Wave 2 Delta
2021-05-17,14923.150390625,49580.73046875,19.610000610351562,33458.859375,25703.55078125,13858.7001953125,41.83000183105469,73.27890014648438,341094.71,3988.86,2.87,81.94,4.0,1.6715760481972541,1.6577589783995916,1.0964555124499624,-2.5566925874745183,Wave 2 Delta
2021-05-18,15108.099609375,50193.328125,19.239999771118164,33922.00390625,25958.25,13832.400390625,42.09000015258789,73.26969909667969,341094.71,3988.86,2.89,81.94,4.0,1.2393443335275034,1.2317273309973076,1.1163955784195732,-1.3490344786555863,Wave 2 Delta
2021-05-19,15030.150390625,49902.640625,19.31999969482422,33684.80859375,25982.80078125,14001.349609375,41.939998626708984,73.1281967163086,341094.71,3988.86,2.9,81.94,4.0,-0.5159432408138875,-0.517278823833418,1.110761015141961,-1.8580174672606087,Wave 2 Delta
2021-05-20,14906.0498046875,49564.859375,,33334.1640625,25894.5,13970.2001953125,42.130001068115234,73.222900390625,341094.71,3988.86,2.91,81.94,4.0,-0.8256776060930671,-0.8291052039504189,1.1204162237699362,-2.668353839209203,Wave 2 Delta
2021-05-21,15175.2998046875,50540.48046875,19.079999923706055,34606.49609375,26105.30078125,13993.7001953125,42.16999816894531,73.02189636230469,341094.71,3988.86,0.0,81.94,4.0,1.806313567497475,1.790193553229923,1.1656150540199568,-0.9102391091382112,Wave 2 Delta
2021-05-24,15197.7001953125,50651.8984375,19.1299991607666,34943.1953125,26144.19921875,14034.650390625,42.20000076293945,72.90979766845703,263722.14,4140.29,2.95,81.94,4.0,0.1476108604989923,0.14750202275935761,0.9448022064345198,-0.7639718604208201,Wave 2 Delta
2021-05-25,15208.4501953125,50637.53125,,34661.59765625,26393.900390625,14090.099609375,42.119998931884766,72.83660125732422,263722.14,4140.29,2.96,81.94,4.0,0.07073438653115716,0.07070938155468381,0.919629244235339,-0.6937778646983972,Wave 2 Delta
2021-05-26,15301.4501953125,51017.51953125,20.8700008392334,34683.796875,26857.349609375,14127.25,42.63999938964844,72.80490112304688,263722.14,4140.29,2.98,81.94,4.0,0.6115021504864648,0.6096400633656456,0.9226838687270987,-0.0865181807741533,Wave 2 Delta
2021-05-27,15337.849609375,51115.21875,19.90999984741211,35094.64453125,27164.80078125,14100.0498046875,42.38999938964844,72.67250061035156,263722.14,4140.29,2.99,81.94,4.0,0.2378821196545866,0.23759962804964516,0.9204495407444049,0.0,Wave 2 Delta
2021-05-28,15435.650390625,51422.87890625,17.399999618530273,35141.0390625,27122.80078125,13934.099609375,42.220001220703125,72.68299865722656,263722.14,4140.29,3.0,81.94,4.0,0.6376433707514062,0.6356190262519319,0.9242842429810418,0.0,Wave 2 Delta
2021-05-31,15582.7998046875,51937.44140625,,35526.234375,27115.05078125,14051.75,42.59000015258789,72.39350128173828,194952.57,3815.14,3.05,81.94,4.0,0.9533088035724946,0.948793489109113,0.8570425195555479,0.0,Wave 2 Delta
2021-06-01,15574.849609375,51934.87890625,17.389999389648438,35336.7890625,27144.400390625,14058.0498046875,42.83000183105469,72.48719787597656,194952.57,3815.14,3.07,81.94,4.0,-0.05101904286871628,-0.051032062010741897,0.8487590232118316,-0.05101904286871628,Wave 2 Delta
2021-06-02,15576.2001953125,51849.48046875,17.209999084472656,35373.33984375,26939.650390625,14151.849609375,42.56999969482422,72.8550033569336,194952.57,3815.14,3.09,81.94,4.0,0.00867158252806366,0.00867120656808025,0.8486585427011921,-0.04235188449905891,Wave 2 Delta
2021-06-03,15690.349609375,52232.4296875,15.75,35648.5859375,26987.900390625,14114.400390625,42.5099983215332,72.96510314941406,194952.57,3815.14,3.11,81.94,4.0,0.7328450625387672,0.7301728008600276,0.8480056283208562,0.0,Wave 2 Delta
2021-06-04,15670.25,52100.05078125,15.9399995803833,35291.23828125,26996.75,14101.5498046875,42.119998931884766,73.04419708251953,194952.57,3815.14,3.14,81.94,4.0,-0.1281017305247989,-0.12818385093088214,0.8403464983805109,-0.1281017305247989,Wave 2 Delta
2021-06-07,15751.650390625,52328.51171875,15.569999694824219,35443.23828125,27295.650390625,14069.0,42.279998779296875,72.90969848632812,130648.43,2969.57,3.17,81.94,4.0,0.519458149199914,0.5181136195253616,0.8310078044912588,0.0,Wave 2 Delta
2021-06-08,15740.099609375,52275.5703125,15.229999542236328,35084.89453125,27623.80078125,14189.849609375,42.40999984741211,72.80940246582031,130648.43,2969.57,3.2,81.94,4.0,-0.07333060957773752,-0.0733575096206903,0.8165082586526784,-0.07333060957773752,Wave 2 Delta
2021-06-09,15635.349609375,51941.640625,14.75,34800.09375,27539.0,14118.900390625,42.5,72.97530364990234,130648.43,2969.57,3.22,81.94,4.0,-0.6654976944212576,-0.6677220043073856,0.8001306842789163,-0.7383402904829528,Wave 2 Delta
2021-06-10,15737.75,52300.46875,15.0,35130.7890625,27798.0,14313.900390625,42.349998474121094,72.98529815673828,130648.43,2969.57,3.24,81.94,4.0,0.6549286916079033,0.6527933518834105,0.8049780602126068,-0.08824720127913466,Wave 2 Delta
2021-06-11,15799.349609375,52474.76171875,14.100000381469727,35046.9921875,28217.5,14464.0498046875,42.630001068115234,73.01229858398438,130648.43,2969.57,3.27,81.94,4.0,0.3914130633349666,0.39064903542531454,0.7154572320483384,0.0,Wave 2 Delta
2021-06-14,15811.849609375,52551.53125,14.720000267028809,34950.1953125,28314.099609375,14449.599609375,42.029998779296875,73.23159790039062,90092.86,3375.0,3.33,81.94,4.0,0.07911718082738162,0.07908589968395645,0.7148676937247899,0.0,Wave 2 Delta
2021-06-15,15869.25,52773.05078125,14.609999656677246,35247.33984375,28377.849609375,14322.650390625,42.04999923706055,73.18080139160156,90092.86,3375.0,3.35,81.94,4.0,0.3630213545097627,0.3623640223476974,0.6779901329234838,0.0,Wave 2 Delta
2021-06-16,15767.5498046875,52501.98046875,14.869999885559082,35003.09375,28448.849609375,14215.7001953125,42.09000015258789,73.3447036743164,90092.86,3375.0,3.38,81.94,4.0,-0.6408632752808119,-0.6429256198967984,0.691499304877458,-0.6408632752808119,Wave 2 Delta
2021-06-17,15691.400390625,52323.328125,15.289999961853027,34604.99609375,28611.349609375,14081.599609375,41.349998474121094,73.8240966796875,90092.86,3375.0,3.42,81.94,4.0,-0.48295020472909345,-0.4841201776747716,0.6981540601244979,-1.1207184295099037,Wave 2 Delta
2021-06-18,15683.349609375,52344.44921875,14.800000190734863,34557.59765625,28445.599609375,14030.599609375,40.959999084472656,74.25389862060547,90092.86,3375.0,3.44,81.94,4.0,-0.0513069646403852,-0.051320131167244376,0.694385755869633,-1.171450387541939,Wave 2 Delta
2021-06-21,15746.5,52574.4609375,15.0600004196167,34870.89453125,28367.0,14082.9501953125,40.95000076293945,74.1438980102539,63139.43,2332.71,3.57,81.94,4.0,0.40265882096546246,0.4018503199420547,0.6859697689104001,-0.7735085148951604,Wave 2 Delta
2021-06-22,15772.75,52588.7109375,14.739999771118164,34744.59765625,28523.55078125,14095.0,40.93000030517578,74.13520050048828,63139.43,2332.71,3.62,81.94,4.0,0.16670371193598932,0.16656491552922154,0.6695742501095547,-0.6080942703656445,Wave 2 Delta
2021-06-23,15686.9501953125,52306.078125,15.369999885559082,34573.59765625,28258.5,14018.0498046875,41.0,74.33219909667969,63139.43,2332.71,3.64,81.94,4.0,-0.5439749231269109,-0.5454598542621072,0.6435220669861892,-1.1487613131527907,Wave 2 Delta
2021-06-24,15790.4501953125,52699.0,15.100000381469727,34826.59375,29048.0,13967.9501953125,40.900001525878906,74.24690246582031,63139.43,2332.71,3.7,81.94,4.0,0.6597840798329813,0.6576170313444658,0.6470220889765116,-0.49655657757927685,Wave 2 Delta
2021-06-25,15860.349609375,52925.0390625,13.369999885559082,35364.23828125,29210.55078125,14069.599609375,40.95000076293945,74.19029998779297,63139.43,2332.71,3.76,81.94,4.0,0.44266891189239654,0.4416920149496724,0.6441788154783439,-0.05608576728578507,Wave 2 Delta
2021-06-28,15814.7001953125,52735.58984375,13.399999618530273,35359.0390625,29068.55078125,14247.599609375,40.81999969482422,74.21299743652344,50174.0,1291.14,3.94,81.94,4.0,-0.28782098242977616,-0.2882359835175041,0.5935291789541481,-0.34374532310915695,Wave 2 Delta
2021-06-29,15748.4501953125,52549.66015625,13.0,35009.89453125,28986.25,14330.2001953125,40.72999954223633,74.285400390625,50174.0,1291.14,4.04,81.94,4.0,-0.41891404314852165,-0.4197939462444536,0.5696827013917611,-0.7612193688265045,Wave 2 Delta
2021-06-30,15721.5,52482.7109375,13.050000190734863,34771.796875,29168.0,14308.900390625,40.52000045776367,74.28759765625,50174.0,1291.14,4.07,81.94,4.0,-0.17112919035373597,-0.17127578361914225,0.5593768005360709,-0.9310458906375496,Wave 2 Delta
2021-07-01,15680.0,52318.6015625,12.84000015258789,34683.59765625,29003.099609375,14442.4501953125,40.90999984741211,74.37100219726562,50174.0,1291.14,4.17,81.94,4.0,-0.2639697229908089,-0.26431873739428874,0.5343822124515548,-1.192557934369931,Full Recovery
2021-07-02,15722.2001953125,52484.671875,12.09000015258789,34809.4921875,29007.94921875,14529.650390625,41.150001525878906,74.54499816894531,50174.0,1291.14,4.19,81.94,4.0,0.2691338986766656,0.26877238189711516,0.43690386278292964,-0.9266336133560205,Full Recovery
2021-07-05,15834.349609375,52880.0,,35211.58984375,28950.599609375,14528.5,41.20000076293945,74.48179626464844,44607.14,893.43,4.55,81.94,4.0,0.7133188273225066,0.7107867426692256,0.4501871452609925,-0.21992463805787787,Full Recovery
2021-07-06,15818.25,52861.1796875,12.279999732971191,35578.734375,28649.400390625,14406.9501953125,41.61000061035156,74.31780242919922,44607.14,893.43,4.62,81.94,4.0,-0.10167521731027085,-0.10172694162285671,0.452169760401193,-0.32137624651448204,Full Recovery
2021-07-07,15879.650390625,53054.76171875,12.210000038146973,35770.88671875,28734.650390625,14453.2001953125,41.720001220703125,74.76290130615234,44607.14,893.43,4.72,81.94,4.0,0.3881617158977724,0.3874103121228537,0.4457985200243613,0.0,Full Recovery
2021-07-08,15727.900390625,52568.94140625,13.5600004196167,35273.69140625,28749.0,14269.2998046875,41.7400016784668,74.8218994140625,44607.14,893.43,4.96,81.94,4.0,-0.95562557277451,-0.9602209739377547,0.48672367167096825,-0.95562557277451,Full Recovery
2021-07-09,15689.7998046875,52386.19140625,12.9399995803833,35071.54296875,28662.19921875,14360.2001953125,41.58000183105469,74.72139739990234,44607.14,893.43,0.0,81.94,4.0,-0.24224839292732447,-0.24254228908178566,0.4787113390918765,-1.19555897810939,Full Recovery
2021-07-12,15692.599609375,52372.69140625,12.989999771118164,35198.48828125,28532.349609375,14372.2001953125,41.5,74.4905014038086,41684.14,862.14,5.28,81.94,4.0,0.017844744498685117,0.017843152513541637,0.4476786677019719,-1.177927578055693,Full Recovery
2021-07-13,15812.349609375,52769.73046875,12.619999885559082,35672.984375,28439.75,14460.0498046875,41.52000045776367,74.54170227050781,41684.14,862.14,5.38,81.94,4.0,0.7630985495128417,0.760201680508008,0.4672000962091292,-0.42381777680529087,Full Recovery
2021-07-14,15853.9501953125,52904.05078125,12.59000015258789,35667.8359375,29339.849609375,14507.0,41.63999938964844,74.65910339355469,41684.14,862.14,5.49,81.94,4.0,0.26308921169333477,0.262743737830436,0.4687022787310492,-0.16184358395996412,Full Recovery
2021-07-15,15924.2001953125,53158.8515625,12.270000457763672,35907.23046875,29718.05078125,14467.4501953125,41.97999954223633,74.46910095214844,41684.14,862.14,5.59,81.94,4.0,0.4431072328003882,0.44212840314639246,0.45720372820275246,0.0,Full Recovery
2021-07-16,15923.400390625,53140.05859375,11.710000038146973,35751.38671875,29400.25,14635.0498046875,41.849998474121094,74.53700256347656,41684.14,862.14,5.72,81.94,4.0,-0.0050225736783704455,-0.005022699813825734,0.4560982071014092,-0.0050225736783704455,Full Recovery
2021-07-19,15752.400390625,52553.3984375,12.680000305175781,35078.79296875,29264.0,14669.900390625,41.619998931884766,74.63179779052734,38406.14,795.57,6.03,81.94,4.0,-1.0738912280361723,-1.0796990571541962,0.49147924079685223,-1.0788598647363923,Full Recovery
2021-07-20,15632.099609375,52198.51171875,13.210000038146973,34415.05078125,29252.5,14479.2001953125,41.689998626708984,74.99340057373047,38406.14,795.57,6.12,81.94,4.0,-0.76369809214345,-0.7666291987629491,0.5108750807903862,-1.834318724675943,Full Recovery
2021-07-21,,,,,,,,74.5270004272461,38406.14,795.57,6.18,78.24,4.0,0.0,,0.4961930629530611,,Full Recovery
2021-07-22,15824.0498046875,52837.2109375,11.890000343322754,34676.8984375,29779.94921875,14575.400390625,41.29999923706055,74.44020080566406,38406.14,795.57,6.31,78.24,4.0,1.2279233123449584,,0.5319893581886014,-0.6289194395739939,Full Recovery
2021-07-23,15856.0498046875,52975.80078125,11.760000228881836,35033.9921875,29894.30078125,14597.849609375,41.36000061035156,74.4520034790039,38406.14,795.57,6.43,78.24,4.0,0.2022238326785386,0.20201963552988086,0.5285399696822367,-0.42796743189061903,Full Recovery
2021-07-26,15824.4501953125,52852.26953125,12.449999809265137,34949.29296875,29940.400390625,14652.5498046875,41.400001525878906,74.44889831542969,37976.57,991.71,6.73,74.54,4.0,-0.19929055322251976,-0.19948940107945673,0.52978705129232,-0.62640508645051,Full Recovery
2021-07-27,15746.4501953125,52578.76171875,13.229999542236328,34797.04296875,29892.55078125,14018.650390625,41.349998474121094,74.28949737548828,37976.57,991.71,6.83,74.54,4.0,-0.4929081202650898,-0.49412691902835726,0.5328251474961989,-1.1162256051787334,Full Recovery
2021-07-28,15709.400390625,52443.7109375,13.6899995803833,34532.49609375,29954.150390625,13964.75,41.369998931884766,74.5022964477539,37976.57,991.71,6.93,74.54,4.0,-0.2352898858342667,-0.23556712745251399,0.5216762658494858,-1.3488891250609147,Full Recovery
2021-07-29,15778.4501953125,52653.0703125,12.949999809265137,34691.09765625,30371.400390625,13920.349609375,41.68000030517578,74.38999938964844,37976.57,991.71,7.05,74.54,4.0,0.4395444954646832,0.4385813200056364,0.5200836931665953,-0.9152735974953585,Full Recovery
2021-07-30,15763.0498046875,52586.83984375,12.800000190734863,34583.94921875,30480.05078125,14425.2998046875,41.91999816894531,74.25199890136719,37976.57,991.71,7.18,74.54,4.0,-0.0976039499086867,-0.0976516135808173,0.5203704180225304,-1.0119842042204175,Full Recovery
2021-08-02,15885.150390625,52950.62890625,12.8100004196167,34709.59765625,30803.05078125,14474.9501953125,41.529998779296875,74.37909698486328,40560.43,542.86,0.0,74.54,4.0,0.7746000136419795,0.7716153904229495,0.5340958169456439,-0.24522302036239507,Full Recovery
2021-08-03,16130.75,53823.359375,13.75,35207.0390625,31165.849609375,14647.849609375,41.47999954223633,74.33200073242188,40560.43,542.86,7.56,74.54,4.0,1.5460955882416139,1.5342653128218076,0.6013564442649768,0.0,Full Recovery
2021-08-04,16258.7998046875,54369.76953125,13.210000038146973,36027.6328125,30977.150390625,14594.349609375,41.529998779296875,74.21440124511719,40560.43,542.86,7.64,74.54,4.0,0.7938242467802281,0.7906900379200191,0.6033509831936663,0.0,Full Recovery
2021-08-05,16294.599609375,54492.83984375,12.869999885559082,35834.33203125,31211.19921875,14579.849609375,41.560001373291016,74.18399810791016,40560.43,542.86,7.74,74.54,4.0,0.22018725316477195,0.2199451962862978,0.5951008146867026,0.0,Full Recovery
2021-08-06,16238.2001953125,54277.71875,12.609999656677246,35808.83203125,31303.30078125,14517.5,41.29999923706055,74.08200073242188,40560.43,542.86,7.83,74.54,4.0,-0.3461233501561467,-0.34672374282357826,0.5971588366492032,-0.3461233501561467,Full Recovery
2021-08-09,16258.25,54402.8515625,12.609999656677246,36028.53125,31441.0,14533.4501953125,40.36000061035156,74.49140167236328,39804.43,501.57,8.07,74.54,4.0,0.12347307242392969,0.12339690711517842,0.5931252741488896,-0.22307764686704257,Full Recovery
2021-08-10,16280.099609375,54554.66015625,12.710000038146973,36033.68359375,31713.400390625,14502.900390625,40.220001220703125,74.46620178222656,39804.43,501.57,8.15,74.54,4.0,0.13439090538649445,0.13430068163520584,0.5851772772884362,-0.08898653754988439,Full Recovery
2021-08-11,16282.25,54525.9296875,12.710000038146973,35805.98046875,31670.0,14291.150390625,40.2599983215332,74.43550109863281,39804.43,501.57,8.23,74.54,4.0,0.013208706805212245,0.013207834532344713,0.583061598412367,-0.07578958471550212,Full Recovery
2021-08-12,16364.400390625,54843.98046875,12.369999885559082,35936.6328125,32245.099609375,14133.0498046875,40.560001373291016,74.10299682617188,39804.43,501.57,0.0,74.54,4.0,0.5045395484346349,0.5032710127087299,0.582559025494782,0.0,Full Recovery
2021-08-13,16529.099609375,55437.2890625,12.989999771118164,36168.9296875,32678.80078125,14049.0498046875,40.5,74.26010131835938,39804.43,501.57,8.42,74.54,4.0,1.0064482340847336,1.0014172717061967,0.6032011504857265,0.0,Full Recovery
2021-08-16,16563.05078125,55582.578125,13.460000038146973,36094.08203125,32577.94921875,13965.400390625,40.779998779296875,74.216796875,36874.43,480.43,8.6,69.64,4.0,0.2054024277023725,0.20519176533692787,0.5944530693629095,0.0,Full Recovery
2021-08-17,16614.599609375,55792.26953125,13.40999984741211,35867.03125,33414.75,14041.25,41.18000030517578,74.13500213623047,36874.43,480.43,8.68,69.62,4.0,0.31122785775283823,0.31074454639570137,0.5931607206781553,0.0,Full Recovery
2021-08-18,16568.849609375,55629.48828125,12.90999984741211,35554.0859375,33448.8984375,14071.349609375,41.029998779296875,74.364501953125,36874.43,480.43,8.78,69.61,4.0,-0.275360231817956,-0.2757400455017452,0.5969326313277088,-0.275360231817956,Full Recovery
2021-08-19,,,,,,,,74.2697982788086,36874.43,480.43,8.85,69.6,4.0,0.0,,0.5606560115144231,,Full Recovery
2021-08-20,16450.5,55329.3203125,14.020000457763672,35033.4453125,33351.3515625,13711.150390625,40.970001220703125,74.4292984008789,36874.43,480.43,8.97,69.58,4.0,-0.7142898400624986,,0.5790988600302365,-0.9876832017210013,Full Recovery
2021-08-23,16496.44921875,55555.7890625,13.6899995803833,35123.98828125,33919.80078125,13700.599609375,41.0099983215332,74.30149841308594,33094.0,448.86,9.18,69.55,4.0,0.27931806783987323,0.27892869980642737,0.5788600535376686,-0.7111239115165424,Full Recovery
2021-08-24,16624.599609375,55958.98046875,13.1899995803833,35711.6875,33838.3984375,13876.0498046875,41.18000030517578,74.10590362548828,33094.0,448.86,9.3,69.54,4.0,0.7768362083601765,0.7738343720985011,0.5793520550639929,0.0,Full Recovery
2021-08-25,16634.650390625,55944.2109375,13.5,35585.8359375,34083.94921875,13830.5,41.040000915527344,74.1447982788086,33094.0,448.86,9.5,69.51,4.0,0.06045728309951315,0.06043901504665573,0.5793952499447274,0.0,Full Recovery
2021-08-26,16636.900390625,55949.1015625,13.539999961853027,35617.13671875,34041.1015625,13758.599609375,40.79999923706055,74.0999984741211,33094.0,448.86,9.61,69.5,4.0,0.013525983096518424,0.013525068417903375,0.5775130857368497,0.0,Full Recovery
2021-08-27,16705.19921875,56124.71875,13.40999984741211,35627.38671875,34309.80078125,13948.7001953125,40.86000061035156,74.15599822998047,33094.0,448.86,9.84,69.46,4.0,0.41052615884800137,0.4096857993577663,0.5787069889551819,0.0,Full Recovery
2021-08-30,16931.05078125,56889.76171875,13.319999694824219,36347.2265625,34109.25,14222.5,41.0099983215332,73.49659729003906,38685.14,494.71,10.32,69.4,4.0,1.3519836521704187,1.3429259014094868,0.5695431002963172,0.0,Full Recovery
2021-08-31,17132.19921875,57552.390625,14.520000457763672,36424.1796875,34570.25,14344.75,40.83000183105469,73.41120147705078,38685.14,494.71,10.43,69.38,4.0,1.1880446175423387,1.1810427696351353,0.5620817923300779,0.0,Full Recovery
2021-09-01,17076.25,57338.2109375,14.1899995803833,36573.875,34110.5,14319.849609375,40.83000183105469,72.99669647216797,38685.14,494.71,10.72,69.34,4.0,-0.326573477436376,-0.3271078924395011,0.5713273966777456,-0.326573477436376,Full Recovery
2021-09-02,17234.150390625,57852.5390625,14.239999771118164,36830.87109375,34680.30078125,14458.5,40.91999816894531,72.98509979248047,38685.14,494.71,10.88,69.32,4.0,0.9246783727399066,0.9204293951085802,0.5567781516512926,0.0,Full Recovery
2021-09-03,17323.599609375,58129.94921875,14.539999961853027,36760.72265625,34891.19921875,14485.650390625,40.91999816894531,73.0542984008789,38685.14,494.71,11.01,69.3,4.0,0.5190230833697296,0.5176808010644206,0.5581284830160338,0.0,Full Recovery
2021-09-06,17377.80078125,58296.91015625,15.109999656677246,36591.92578125,35415.1015625,14481.5498046875,41.209999084472656,72.99449920654297,41949.0,386.14,11.33,69.26,4.0,0.31287476677577253,0.3123863322045117,0.5502012847768956,0.0,Full Recovery
2021-09-07,17362.099609375,58279.48046875,14.899999618530273,36468.375,34951.30078125,14387.349609375,41.060001373291016,73.11000061035156,41949.0,386.14,11.55,69.23,4.0,-0.09035189246697772,-0.09039273439216094,0.5345273403804585,-0.09035189246697772,Full Recovery
2021-09-08,17353.5,58250.26171875,14.40999984741211,36767.7734375,34678.19921875,14349.4501953125,40.880001068115234,73.3904037475586,41949.0,386.14,11.79,63.64,4.0,-0.049530929832686255,-0.04954320044973781,0.5288288699138071,-0.13983807016719751,Full Recovery
2021-09-09,17369.25,58305.0703125,13.9399995803833,36682.7734375,34802.30078125,14329.849609375,40.790000915527344,73.78900146484375,41949.0,386.14,12.01,63.61,4.0,0.09075978909154347,0.09071862729865193,0.5302532449607622,-0.04920519781320687,Full Recovery
2021-09-10,,,,,,,,73.53800201416016,41949.0,386.14,12.08,63.6,4.0,0.0,,0.5278837131619242,,Full Recovery
2021-09-13,17355.30078125,58177.76171875,14.029999732971191,36471.375,35129.6015625,14377.0498046875,40.720001220703125,73.52429962158203,35464.0,303.14,12.72,63.51,4.0,-0.0803098507419775,,0.5258645717770037,-0.12947553193426442,Full Recovery
2021-09-14,17380.0,58247.08984375,13.579999923706055,36612.625,35431.5,14410.9501953125,40.72999954223633,73.54080200195312,35464.0,303.14,12.78,63.5,4.0,0.1423151293159064,0.14221395731308123,0.4703974523625722,0.0,Full Recovery
2021-09-15,17519.44921875,58723.19921875,13.729999542236328,36851.8203125,36075.19921875,14487.900390625,40.959999084472656,73.65080261230469,35464.0,303.14,13.02,63.47,4.0,0.802354538262362,0.7991527890878581,0.4707399583734459,0.0,Full Recovery
2021-09-16,17629.5,59141.16015625,14.40999984741211,37668.1640625,35852.44921875,14491.349609375,40.52000045776367,73.43800354003906,35464.0,303.14,13.3,63.43,4.0,0.6281634763507293,0.6261987530756848,0.47570680764670287,0.0,Full Recovery
2021-09-17,17585.150390625,59015.890625,15.229999542236328,37811.5078125,35646.5,14355.150390625,40.20000076293945,73.56490325927734,35464.0,303.14,13.5,63.4,4.0,-0.2515647600612625,-0.2518817158814708,0.4718229265934332,-0.2515647600612625,Full Recovery
2021-09-20,17396.900390625,58490.9296875,17.489999771118164,37145.265625,35400.05078125,14097.25,40.16999816894531,73.69609832763672,30177.43,311.86,14.51,63.26,4.0,-1.0705054879733056,-1.076276621795277,0.5309982741342001,-1.3193772334723075,Full Recovery
2021-09-21,17562.0,59005.26953125,16.520000457763672,37235.41796875,36086.05078125,14278.9501953125,40.22999954223633,73.65899658203125,30177.43,311.86,14.78,63.23,4.0,0.949017386246398,0.9445425055689747,0.5466832795853027,-0.3828809665617272,Full Recovery
2021-09-22,17546.650390625,58927.328125,16.489999771118164,36944.21875,36422.44921875,14334.25,40.599998474121094,73.7927017211914,30177.43,311.86,14.93,63.21,4.0,-0.08740239935656202,-0.08744061752431491,0.5485194909099216,-0.46994871876684385,Full Recovery
2021-09-23,17822.94921875,59885.359375,16.600000381469727,37771.26171875,36816.8984375,14380.5,40.34000015258789,73.8749008178711,30177.43,311.86,15.24,63.16,4.0,1.5746528367181822,1.562383807742847,0.5981241868606327,0.0,Full Recovery
2021-09-24,17853.19921875,60048.46875,16.920000076293945,37829.859375,37103.25,14289.150390625,40.04999923706055,73.83999633789062,30177.43,311.86,15.55,63.12,4.0,0.16972499684944076,0.16958112674268216,0.5827157802051176,0.0,Full Recovery
2021-09-27,17855.099609375,60077.87890625,18.049999237060547,38170.8046875,36034.3984375,14156.7001953125,40.0099983215332,73.81289672851562,29226.0,297.14,16.19,63.03,4.0,0.010644538279747096,0.010643971788971012,0.5844139760668592,0.0,Full Recovery
2021-09-28,17748.599609375,59667.6015625,18.540000915527344,37944.55859375,35239.94921875,14171.599609375,39.939998626708984,73.82530212402344,29226.0,297.14,16.33,63.01,4.0,-0.596468249015425,-0.5982542262753364,0.604414721264209,-0.596468249015425,Full Recovery
2021-09-29,17711.30078125,59413.26953125,18.84000015258789,37742.5625,35282.6484375,14404.9501953125,40.02000045776367,74.16329956054688,29226.0,297.14,16.54,62.98,4.0,-0.21015082285871234,-0.2103719495544819,0.6026788427059492,-0.805365588940743,Full Recovery
2021-09-30,17618.150390625,59126.359375,18.399999618530273,37424.66796875,35028.0,14466.5,39.720001220703125,74.3219985961914,29226.0,297.14,16.76,62.95,4.0,-0.5259376020738893,-0.5273255224157625,0.6169086933865486,-1.3270674705482266,Full Recovery
2021-10-01,17532.05078125,58765.578125,17.209999084472656,37225.46484375,34780.6015625,14587.650390625,40.209999084472656,74.25440216064453,29226.0,297.14,16.97,62.92,4.0,-0.48869834497958786,-0.4898963801205104,0.6065834697134309,-1.8092804587624967,Full Recovery
2021-10-04,17691.25,59299.3203125,16.739999771118164,37579.2109375,35126.1484375,14812.400390625,40.2400016784668,74.152099609375,23022.57,271.29,17.56,62.84,4.0,0.9080467581137563,0.9039488024266832,0.6196302843901704,-0.9176628131997044,Full Recovery
2021-10-05,17822.30078125,59744.87890625,16.399999618530273,37740.5625,35544.30078125,14738.25,40.349998474121094,74.57279968261719,23022.57,271.29,17.79,62.81,4.0,0.7407660919946268,0.7380358946066972,0.6185771560006431,-0.1836944561640963,Full Recovery
2021-10-06,17646.0,59189.73046875,17.329999923706055,37521.11328125,35075.80078125,14461.9501953125,40.45000076293945,74.56320190429688,23022.57,271.29,17.96,62.79,4.0,-0.9892144870289554,-0.9941397212065624,0.6572121741203,-1.171091811020819,Full Recovery
2021-10-07,17790.349609375,59677.828125,16.15999984741211,37752.76171875,35703.8515625,14562.2001953125,40.54999923706055,74.76000213623047,23022.57,271.29,18.09,62.77,4.0,0.8180302016037588,0.8147024701314761,0.6657407031926262,-0.3626414941197087,Full Recovery
2021-10-08,17895.19921875,60059.05859375,15.649999618530273,37774.8125,36402.0,14514.7998046875,40.540000915527344,74.83000183105469,23022.57,271.29,18.35,62.73,4.0,0.5893622760496431,0.5876323303578523,0.6682474975526899,0.0,Full Recovery
2021-10-11,17945.94921875,60135.78125,16.09000015258789,38293.35546875,35179.94921875,14615.349609375,40.70000076293945,75.30580139160156,19938.86,253.14,19.02,62.64,4.0,0.28359561343596074,0.2831942397492044,0.6340861147839023,0.0,Full Recovery
2021-10-12,17991.94921875,60284.30859375,15.850000381469727,38521.05078125,34869.75,14629.2001953125,40.84000015258789,75.40260314941406,19938.86,253.14,19.24,59.83,4.0,0.25632525445875576,0.2559973015762186,0.6060264253155881,0.0,Full Recovery
2021-10-13,18161.75,60737.05078125,16.100000381469727,38635.30078125,35285.6015625,14679.400390625,40.91999816894531,75.48390197753906,19938.86,253.14,19.4,59.81,4.0,0.943759784921161,0.9393341950983449,0.6148029242057764,0.0,Full Recovery
2021-10-14,18338.55078125,61305.94921875,15.770000457763672,39340.44140625,35744.8515625,14728.650390625,41.52000045776367,75.3062973022461,19938.86,253.14,19.49,59.79,4.0,0.9734787740718787,0.9687709975996202,0.6168272294121466,0.0,Full Recovery
2021-10-15,,,,,,,,74.99500274658203,19938.86,253.14,19.6,59.78,4.0,0.0,,0.615110918031153,,Full Recovery
2021-10-18,18477.05078125,61765.58984375,17.18000030517578,39684.33984375,36306.3515625,14598.2001953125,40.97999954223633,75.00589752197266,16320.57,219.29,19.92,59.73,4.0,0.7552396132719963,,0.623360518861106,0.0,Full Recovery
2021-10-19,18418.75,61716.05078125,17.3799991607666,39540.0390625,37106.3515625,14384.349609375,41.20000076293945,75.2354965209961,16320.57,219.29,20.25,59.69,4.0,-0.3155307734996393,-0.31602962146704855,0.6283940451258819,-0.3155307734996393,Full Recovery
2021-10-20,18266.599609375,61259.9609375,18.309999465942383,39517.73828125,36846.80078125,14177.349609375,41.060001373291016,75.12010192871094,16320.57,219.29,20.57,59.64,4.0,-0.8260625212080042,-0.8294933244362599,0.6544391257187803,-1.138986813244891,Full Recovery
2021-10-21,18178.099609375,60923.5,18.040000915527344,40029.734375,35913.6015625,14169.9501953125,41.16999816894531,74.80919647216797,16320.57,219.29,20.72,59.62,4.0,-0.4844908296702255,-0.48566829115848476,0.6652739966876039,-1.6179593562537953,Full Recovery
2021-10-22,18114.900390625,60821.62109375,17.549999237060547,40323.1796875,35394.6484375,13949.650390625,41.290000915527344,74.86540222167969,16320.57,219.29,21.0,59.58,4.0,-0.3476668084567369,-0.3482725739431398,0.6710516665447613,-1.9600010570545168,Full Recovery
2021-10-25,18125.400390625,60967.05078125,17.610000610351562,41191.91796875,35005.3984375,13943.849609375,41.58000183105469,74.99369812011719,15392.71,306.43,21.57,53.95,4.0,0.0579633328010587,0.057946540549897285,0.6699433130699284,-1.9031738061890513,Full Recovery
2021-10-26,18268.400390625,61350.26171875,16.75,41237.8203125,35162.3515625,13970.650390625,41.65999984741211,75.08989715576172,15392.71,306.43,21.85,53.91,4.0,0.7889480889700096,0.7858521663552329,0.6801127117067699,-1.1292407705927432,Full Recovery
2021-10-27,18210.94921875,61143.328125,16.829999923706055,40873.875,35503.8984375,14094.25,41.33000183105469,74.88890075683594,15392.71,306.43,22.1,53.87,4.0,-0.31448386638428527,-0.31497940609639213,0.6747687404992814,-1.440173356940888,Full Recovery
2021-10-28,17857.25,59984.69921875,17.90999984741211,39508.48828125,34913.6015625,13780.599609375,41.56999969482422,75.05000305175781,15392.71,306.43,22.36,53.84,4.0,-1.94223384240636,-1.9613430387588484,0.7664653196309608,-3.3544356650194285,Full Recovery
2021-10-29,17671.650390625,59306.9296875,17.43000030517578,39115.1484375,34408.75,13879.349609375,41.5,74.79720306396484,15392.71,306.43,22.76,53.78,4.0,-1.0393515763905459,-1.0447905544470224,0.7901285297891252,-4.35892286144658,Full Recovery
2021-11-01,17929.650390625,60138.4609375,17.239999771118164,39763.2890625,35290.0,14049.4501953125,41.279998779296875,74.92829895019531,13976.0,559.57,23.43,53.69,4.0,1.459965505750782,1.4494106171593095,0.8047014921131319,-2.9625961258951894,Full Recovery
2021-11-02,17888.94921875,60029.05859375,17.059999465942383,39937.984375,35177.3515625,13993.2001953125,41.45000076293945,74.82990264892578,13976.0,559.57,23.52,53.68,4.0,-0.22700482713416958,-0.2272628736845954,0.7906252108708721,-3.1828757168150923,Full Recovery
2021-11-03,17829.19921875,59771.921875,16.1299991607666,39401.59375,35177.1015625,13888.2998046875,41.099998474121094,74.71199798583984,13976.0,559.57,23.75,53.64,4.0,-0.33400508475575075,-0.3345641269055336,0.793535880768421,-3.506249834835229,Full Recovery
2021-11-04,17916.80078125,60067.62109375,15.75,39573.23828125,35334.25,13948.2001953125,41.36000061035156,74.43550109863281,13976.0,559.57,23.83,53.63,4.0,0.4913376165984751,0.49013449265533066,0.7452385568573524,-3.0321397426072205,Full Recovery
2021-11-05,,,,,,,,74.47810363769531,13976.0,559.57,23.86,53.63,4.0,0.0,,0.7447083097160362,,Full Recovery
2021-11-08,18068.55078125,60545.609375,16.34000015258789,39437.79296875,35782.3515625,13851.25,41.5,74.19110107421875,11748.0,372.14,24.38,53.56,4.0,0.8469704042186388,,0.7600529938998561,-2.210850664623032,Full Recovery
2021-11-09,18044.25,60433.44921875,16.0,39368.34375,35815.1015625,13878.7001953125,41.66999816894531,73.91850280761719,11748.0,372.14,24.57,47.98,4.0,-0.1344921435271762,-0.13458266538282126,0.7512918781246355,-2.342369387701171,Full Recovery
2021-11-10,18017.19921875,60352.8203125,16.309999465942383,39022.796875,35722.94921875,13911.2998046875,41.790000915527344,74.17479705810547,11748.0,372.14,24.85,47.94,4.0,-0.14991358050348014,-0.15002606334366786,0.7506312186200609,-2.4887714383869386,Full Recovery
2021-11-11,17873.599609375,59919.69140625,16.350000381469727,38559.75,35583.6484375,13717.7998046875,42.70000076293945,74.40489959716797,11748.0,372.14,25.11,47.9,4.0,-0.7970140510272006,-0.8002071858204449,0.7595047078116223,-3.2659496313522385,Full Recovery
2021-11-12,18102.75,60686.69140625,15.220000267028809,38732.90234375,36332.30078125,13774.650390625,42.45000076293945,74.32209777832031,11748.0,372.14,25.56,47.84,4.0,1.2820606684330382,1.2739118453093434,0.7845280484118065,-2.025760418593592,Full Recovery
2021-11-15,18109.44921875,60718.7109375,15.470000267028809,38701.90234375,36465.30078125,13974.349609375,42.650001525878906,74.33999633789062,11681.57,391.29,26.32,49.78,4.0,0.03700663573213969,0.03699978996557182,0.7699502115250563,-1.9895034486403618,Full Recovery
2021-11-16,17999.19921875,60322.37109375,15.199999809265137,38306.65625,36643.8984375,13798.7998046875,42.79999923706055,74.43509674072266,11681.57,391.29,26.65,49.73,4.0,-0.6087981951756416,-0.6106589273008451,0.7694847641603287,-2.586189582727727,Full Recovery
2021-11-17,17898.650390625,60008.328125,14.979999542236328,38041.109375,36660.8984375,13621.900390625,42.540000915527344,74.45860290527344,11681.57,391.29,27.01,49.67,4.0,-0.5586294529162039,-0.5601956226916921,0.7535574276770532,-3.1303718189265584,Full Recovery
2021-11-18,17764.80078125,59636.01171875,14.859999656677246,37975.80859375,36007.0,13481.400390625,42.61000061035156,74.25980377197266,11681.57,391.29,27.4,49.6,4.0,-0.7478195643460861,-0.7506297537132803,0.7527647213856733,-3.854781850373934,Full Recovery
2021-11-19,,,,,,,,74.17440032958984,11681.57,391.29,27.62,49.57,4.0,0.0,,0.7444425165428975,,Full Recovery
2021-11-22,17416.55078125,58465.890625,17.520000457763672,37128.37109375,35478.94921875,13245.349609375,42.22999954223633,74.30259704589844,10443.71,304.57,28.67,57.72,4.0,-1.9603372100156835,,0.821456567713068,-5.739552337411801,Full Recovery
2021-11-23,17503.349609375,58664.328125,18.020000457763672,37272.3671875,35504.3984375,13489.9501953125,41.34000015258789,74.42980194091797,10443.71,304.57,29.05,57.66,4.0,0.49836979327988473,0.4971320417088634,0.8262162168698516,-5.2697867392510815,Full Recovery
2021-11-24,17415.05078125,58340.98828125,17.100000381469727,37441.515625,34966.25,13408.099609375,41.20000076293945,74.4469985961914,10443.71,304.57,29.54,57.58,4.0,-0.5044681737814694,-0.505744910102147,0.8058865274643691,-5.747670516106873,Full Recovery
2021-11-25,17536.25,58795.08984375,16.65999984741211,37364.31640625,35300.25,13566.5,41.29999923706055,74.625,10443.71,304.57,29.78,57.54,4.0,0.6959452503032093,0.6935347288237329,0.7942112584488406,-5.091725905763589,Full Recovery
2021-11-26,17026.44921875,57107.1484375,20.799999237060547,36025.08203125,34606.1484375,13797.099609375,41.77000045776367,74.50579833984375,10443.71,304.57,30.36,57.44,4.0,-2.9071254187753914,-2.9502195657113863,0.9397991477780234,-7.850828466478155,Full Recovery
2021-11-29,17053.94921875,57260.578125,20.829999923706055,35976.03125,34870.75,13648.7998046875,41.619998931884766,74.98159790039062,8872.86,413.14,31.2,56.14,4.0,0.16151341742889347,0.16138312478338215,0.9241775925454906,-7.701995190401945,Full Recovery
2021-11-30,16983.19921875,57064.87109375,21.170000076293945,35694.88671875,35043.75,13662.7998046875,41.5099983215332,75.05490112304688,8872.86,413.14,31.61,56.06,4.0,-0.41485991949720136,-0.41572285072535703,0.9245514489989359,-8.084902618852563,Full Recovery
2021-12-01,17166.900390625,57684.7890625,19.450000762939453,36364.4765625,35429.0,13442.099609375,41.209999084472656,75.0509033203125,8872.86,413.14,32.03,58.76,4.0,1.081664117042136,1.075855976245021,0.9499566640481348,-7.090689992336352,Full Recovery
2021-12-02,17401.650390625,58461.2890625,18.09000015258789,36507.82421875,36157.8515625,13557.0,40.97999954223633,75.01789855957031,8872.86,413.14,32.55,58.65,4.0,1.3674571102433752,1.3581917861660866,0.990307074921239,-5.820195026558494,Full Recovery
2021-12-03,17196.69921875,57696.4609375,18.450000762939453,36196.7265625,35848.05078125,13443.849609375,40.91999816894531,74.9834976196289,8872.86,413.14,32.84,58.59,4.0,-1.177768586739425,-1.1847592241934006,1.0077347863156534,-6.92941518458815,Full Recovery
2021-12-06,16912.25,56747.140625,20.079999923706055,35735.484375,34879.3984375,13192.25,41.29999923706055,75.23400115966797,8676.0,681.71,33.93,58.37,4.0,-1.654091957599968,-1.6679248094838026,1.0423616913027824,-8.468888242911133,Full Recovery
2021-12-07,17176.69921875,57633.6484375,18.459999084472656,36617.97265625,35272.30078125,13234.349609375,41.220001220703125,75.39129638671875,8676.0,681.71,34.33,58.29,4.0,1.5636548581649423,1.5515557382479443,1.0773656421555746,-7.037657567189026,Full Recovery
2021-12-08,17469.75,58649.6796875,17.270000457763672,37284.265625,35959.05078125,13433.849609375,41.470001220703125,75.40859985351562,8676.0,681.71,34.73,58.21,4.0,1.7060948527881648,1.6917044993306307,1.1317206895688126,-5.4516318279115294,Full Recovery
2021-12-09,17516.849609375,58807.12890625,16.600000381469727,37082.01953125,35946.3515625,13449.400390625,41.349998474121094,75.38330078125,8676.0,681.71,35.15,58.12,4.0,0.2696066593683266,0.2692438725331353,1.080630286221325,-5.196723130995484,Full Recovery
2021-12-10,17511.30078125,58786.671875,16.059999465942383,37105.21875,35939.6015625,13446.099609375,41.27000045776367,75.59919738769531,8676.0,681.71,35.35,58.08,4.0,-0.031677089480919296,-0.031682107730694166,1.064632531759387,-5.226754049840121,Full Recovery
2021-12-13,17368.25,58283.421875,16.56999969482422,36924.8203125,36050.55078125,13432.900390625,41.54999923706055,75.70999908447266,8179.29,301.14,36.52,57.84,4.0,-0.8169055116863166,-0.82026046847206,1.0358999125637607,-6.000961919611003,Full Recovery
2021-12-14,17324.900390625,58117.08984375,16.950000762939453,36893.51953125,36102.55078125,13575.900390625,41.54999923706055,75.82689666748047,8179.29,301.14,37.07,56.34,4.0,-0.24959111813221968,-0.24990311601760176,1.03600302107726,-6.235575169789387,Full Recovery
2021-12-15,17221.400390625,57788.03125,17.219999313354492,36789.125,35737.19921875,13512.0498046875,41.470001220703125,76.04720306396484,8179.29,301.14,37.39,56.27,4.0,-0.5974060321640162,-0.5991976410169169,1.039152551230298,-6.795729499748948,Full Recovery
2021-12-16,17248.400390625,57901.140625,15.899999618530273,36548.22265625,36160.30078125,13393.650390625,41.720001220703125,76.2114028930664,8179.29,301.14,37.61,56.23,4.0,0.1567816750529749,0.15665890089298407,1.0342568840258912,-6.649602283237755,Full Recovery
2021-12-17,16985.19921875,57011.73828125,16.34000015258789,35618.234375,36647.8984375,13230.7001953125,42.13999938964844,76.1675033569336,8179.29,301.14,38.09,56.13,4.0,-1.525945397337003,-1.5377077556357828,1.0651395290634265,-8.074078380592475,Full Recovery
2021-12-20,16614.19921875,55822.01171875,18.969999313354492,34439.453125,35916.44921875,13184.4501953125,41.86000061035156,76.00599670410156,7109.29,284.0,38.88,55.97,4.0,-2.1842546279377872,-2.2084626281366435,1.108023573594447,-10.081974577838848,Full Recovery
2021-12-21,16770.849609375,56319.01171875,17.540000915527344,34607.44921875,36627.1484375,13282.849609375,41.689998626708984,75.75869750976562,7109.29,284.0,39.33,55.88,4.0,0.942870544420904,0.9384532645495393,1.129922538238669,-9.234164002008406,Full Recovery
2021-12-22,16955.44921875,56930.55859375,16.579999923706055,35029.09375,36989.1484375,13547.7001953125,41.52000045776367,75.6864013671875,7109.29,284.0,39.46,55.85,4.0,1.1007170994593363,1.0947032985081793,1.1560324939309388,-8.235088924711286,Full Recovery
2021-12-23,17072.599609375,57315.28125,15.829999923706055,35190.73828125,37362.8515625,13644.5,41.689998626708984,75.45850372314453,7109.29,284.0,39.86,55.77,4.0,0.6909306212627531,0.6885546336514033,1.1612545540284795,-7.60105705451759,Full Recovery
2021-12-24,17003.75,57124.30859375,16.149999618530273,34856.64453125,37727.80078125,13491.25,41.709999084472656,75.06739807128906,7109.29,284.0,40.21,55.7,4.0,-0.40327548791804224,-0.40409083631890874,1.1301273121511082,-7.973679342512085,Full Recovery
2021-12-27,17086.25,57420.23828125,17.1200008392334,35057.4921875,37988.5,13710.150390625,41.59000015258789,75.31500244140625,6646.71,322.86,40.94,55.55,4.0,0.4851870910828504,0.48401385192229907,1.1363456232589968,-7.527179514283445,Full Recovery
2021-12-28,17233.25,57897.48046875,16.479999542236328,35183.390625,38357.80078125,13836.150390625,41.61000061035156,74.98030090332031,6646.71,322.86,41.35,55.47,4.0,0.8603409174043453,0.8566610759914585,1.1491438275831096,-6.731598002166961,Full Recovery
2021-12-29,17213.599609375,57806.48828125,16.239999771118164,35044.9921875,38274.6484375,14072.900390625,41.5,74.74500274658203,6646.71,322.86,41.84,59.07,4.0,-0.11402602889762914,-0.114091088034896,1.1464015223100374,-6.837948257181359,Full Recovery
2021-12-30,17203.94921875,57794.3203125,16.56999969482422,35063.1953125,38658.80078125,14135.5,41.220001220703125,74.57029724121094,6646.71,322.86,42.02,59.03,4.0,-0.05606259494814747,-0.05607831589689821,1.1403544012903157,-6.890177320895329,Full Recovery
2021-12-31,17354.05078125,58253.8203125,16.219999313354492,35481.28515625,38701.05078125,14223.0,41.47999954223633,74.43119812011719,6646.71,322.86,42.57,68.64,4.0,0.8724831757606522,0.8686990360265219,1.1540506631121796,-6.077809783039556,Full Recovery
2022-01-03,17625.69921875,59183.21875,16.450000762939453,36421.4765625,39123.80078125,14156.400390625,41.72999954223633,74.51380157470703,14618.57,298.29,43.18,68.69,4.0,1.5653315812207858,1.5532066331647876,1.1344165868499057,-4.607616077799214,Full Recovery
2022-01-04,17805.25,59855.9296875,16.1200008392334,36839.71875,39370.69921875,14040.650390625,41.459999084472656,74.4032974243164,14618.57,298.29,43.36,68.67,4.0,1.018687423526421,1.013533773365083,1.1454939473028172,-3.6358658597817173,Full Recovery
2022-01-05,17925.25,60223.1484375,17.229999542236328,37695.4609375,38609.1484375,13999.849609375,41.560001373291016,74.53489685058594,14618.57,298.29,43.59,68.65,4.0,0.6739585234692091,0.6716975758933995,1.1455546460103216,-2.9864115641764277,Full Recovery
2022-01-06,17745.900390625,59601.83984375,17.979999542236328,37489.8125,38009.0,13912.25,41.2400016784668,74.43009948730469,14618.57,298.29,43.81,68.63,4.0,-1.0005417462796928,-1.005580805311726,1.1570734229685227,-3.957073016040802,Full Recovery
2022-01-07,17812.69921875,59744.6484375,17.600000381469727,37739.1640625,38139.8515625,13857.9501953125,41.09000015258789,74.41929626464844,14618.57,298.29,44.17,68.6,4.0,0.3764183651131514,0.37571168401497185,1.014613323570739,-3.595549800480957,Full Recovery
2022-01-10,18003.30078125,60395.62890625,17.68000030517578,38347.453125,38212.19921875,13858.9501953125,41.06999969482422,74.2699966430664,91267.43,288.57,44.76,68.55,4.0,1.0700318921871732,1.0643475643964555,1.0282634468943528,-2.563991437858404,Full Recovery
2022-01-11,18055.75,60616.890625,17.760000228881836,38441.75390625,38605.44921875,13854.25,41.209999084472656,74.05699920654297,91267.43,288.57,45.17,68.51,4.0,0.2913311252602302,0.2909075785536925,1.022101983751918,-2.2801300177056616,Full Recovery
2022-01-12,18212.349609375,61150.0390625,17.18000030517578,38727.1015625,38604.75,13833.7001953125,41.33000183105469,73.81529998779297,91267.43,288.57,45.38,68.49,4.0,0.8673115731830494,0.8635720331115329,1.0165281157368062,-1.4325942760497923,Full Recovery
2022-01-13,18257.80078125,61235.30078125,16.700000762939453,38469.50390625,38607.0,14051.150390625,41.41999816894531,73.79910278320312,91267.43,288.57,45.7,68.46,4.0,0.24956237305924223,0.2492514833041471,0.9925487663323841,-1.186607119262173,Full Recovery
2022-01-14,18255.75,61223.03125,16.559999465942383,38369.953125,38826.8515625,13964.150390625,41.529998779296875,73.97229766845703,91267.43,288.57,45.79,68.45,4.0,-0.011232356375068253,-0.0112329872514589,0.9604619544182724,-1.1977061916968346,Full Recovery
2022-01-17,18308.099609375,61308.91015625,16.770000457763672,38215.703125,38804.94921875,13862.4501953125,41.529998779296875,74.37899780273438,227737.14,325.14,46.47,68.39,4.0,0.28675682661627455,0.2863464635371348,0.8940683386502893,-0.9143838693480566,Full Recovery
2022-01-18,18113.05078125,60754.859375,17.780000686645508,38209.85546875,38091.75,13697.599609375,41.52000045776367,74.25509643554688,227737.14,325.14,46.48,68.39,4.0,-1.0653690567923424,-1.071084744621687,0.8915919681409582,-1.970011363336066,Full Recovery
2022-01-19,17938.400390625,60098.8203125,17.81999969482422,38040.91015625,37281.69921875,13682.7001953125,41.599998474121094,74.61969757080078,227737.14,325.14,47.1,76.39,4.0,-0.964224043394124,-0.9689027834056424,0.8670352258485573,-2.915240083507309,Full Recovery
2022-01-20,17757.0,59464.62109375,17.790000915527344,37850.41015625,36662.19921875,13454.900390625,42.04999923706055,74.44920349121094,227737.14,325.14,47.41,76.34,4.0,-1.0112406160797005,-1.0163883876396833,0.8892359042609425,-3.8970006078063446,Full Recovery
2022-01-21,17617.150390625,59037.1796875,18.889999389648438,37573.86328125,36054.6015625,13243.0498046875,41.84000015258789,74.45220184326172,227737.14,325.14,47.77,78.05,4.0,-0.7875745304668613,-0.7906922791909891,0.9022219051419124,-4.653883354033983,Full Recovery
2022-01-24,17149.099609375,57491.51171875,22.829999923706055,36947.12109375,34821.6015625,12998.599609375,42.040000915527344,74.41320037841797,302157.14,477.57,48.34,77.98,4.0,-2.656790518738339,-2.692721026213864,1.0166363081894578,-7.187029941069212,Full Recovery
2022-01-25,17277.94921875,57858.1484375,21.360000610351562,37706.3125,34707.44921875,13092.099609375,42.060001373291016,74.6447982788086,302157.14,477.57,48.63,76.15,4.0,0.7513491221694313,0.7485405539808743,1.0258121234130597,-6.489680505272055,Full Recovery
2022-01-26,,,,,,,,74.77999877929688,302157.14,477.57,48.88,76.11,4.0,0.0,,1.0196742172049218,,Full Recovery
2022-01-27,17110.150390625,57276.94140625,21.06999969482422,37981.66015625,33475.05078125,12847.900390625,41.81999969482422,74.8949966430664,302157.14,477.57,49.0,76.09,4.0,-0.971173291462768,,1.0349841803716449,-7.397827752966357,Full Recovery
2022-01-28,17101.94921875,57200.23046875,20.700000762939453,37688.9609375,33851.94921875,12983.0498046875,41.43000030517578,75.20929718017578,302157.14,477.57,49.26,77.87,4.0,-0.04793161771092791,-0.04794310858279706,0.9953242358510065,-7.442213472159831,Full Recovery
2022-01-31,17339.849609375,58014.171875,21.950000762939453,37974.91015625,34824.55078125,13179.900390625,41.25,75.03900146484375,265036.86,668.86,50.09,75.92,4.0,1.39107178709299,1.3814851855459431,0.9334718445875948,-6.154668217013293,Full Recovery
2022-02-01,17576.849609375,58862.5703125,19.979999542236328,38505.05078125,35371.6484375,13477.5,41.54999923706055,74.55580139160156,265036.86,668.86,50.39,74.01,4.0,1.3667938611870323,1.3575374822651254,0.9490169471794172,-4.871995983192834,Full Recovery
2022-02-02,17780.0,59558.328125,18.649999618530273,39330.04296875,35788.75,13643.650390625,41.5099983215332,74.74549865722656,265036.86,668.86,50.66,73.97,4.0,1.1557838585399605,1.149155699474709,0.950948560221456,-3.772521867815337,Full Recovery
2022-02-03,17560.19921875,58788.01953125,19.15999984741211,39009.546875,35056.80078125,13617.599609375,41.560001373291016,74.82240295410156,265036.86,668.86,50.88,73.93,4.0,-1.2362248664229525,-1.243929691182117,0.9787276824612631,-4.962109880817101,Full Recovery
2022-02-04,17516.30078125,58644.8203125,18.899999618530273,38788.90234375,35080.1015625,13580.2998046875,41.599998474121094,74.6438980102539,265036.86,668.86,51.14,73.89,4.0,-0.24998826581151823,-0.2503012582150695,0.9764148515525719,-5.199693454189902,Full Recovery
2022-02-07,17213.599609375,57621.19140625,20.440000534057617,37995.0078125,34621.25,13381.7001953125,41.630001068115234,74.64219665527344,156516.57,1126.86,51.56,73.82,4.0,-1.7281112927623465,-1.7432174227495423,1.028805112972243,-6.837948257181359,Full Recovery
2022-02-08,17266.75,57808.578125,19.68000030517578,38028.0078125,34521.55078125,13444.7001953125,41.81999969482422,74.6583023071289,156516.57,1126.86,51.95,69.21,4.0,0.30876976246183574,0.3082940476216172,1.018327632028528,-6.550292011310487,Full Recovery
2022-02-09,17463.80078125,58465.96875,18.559999465942383,38609.80078125,34983.30078125,13570.2998046875,41.9900016784668,74.69519805908203,156516.57,1126.86,52.26,69.17,4.0,1.141215233034587,1.1347524946857301,1.038578437152791,-5.483829708517218,Full Recovery
2022-02-10,17605.849609375,58926.03125,17.709999084472656,39010.49609375,35341.8515625,13613.0498046875,42.16999816894531,74.80889892578125,156516.57,1126.86,52.28,69.17,4.0,0.8133901085124018,0.8100999205040029,1.047512781511938,-4.7150445284215525,Full Recovery
2022-02-11,17374.75,58152.921875,18.68000030517578,38516.80078125,34379.05078125,13510.2998046875,42.189998626708984,75.53839874267578,156516.57,1126.86,52.77,69.11,4.0,-1.312629691281364,-1.3213208134273142,1.0664736108893762,-5.965783145265712,Full Recovery
2022-02-14,16842.80078125,56405.83984375,22.979999542236328,36908.12109375,33880.6484375,13252.150390625,42.959999084472656,75.34100341796875,63326.14,955.14,53.26,66.28,4.0,-3.061622289529342,-3.1094690696753635,1.1638385790974053,-8.844755688274619,Full Recovery
2022-02-15,17352.44921875,58142.05078125,20.610000610351562,38169.65625,34913.30078125,13356.900390625,42.720001220703125,75.6854019165039,63326.14,955.14,53.59,64.52,4.0,3.025912638397754,2.981034961442144,1.2844731409689747,-6.086477630083776,Full Recovery
2022-02-16,17322.19921875,57996.6796875,20.59000015258789,37953.359375,34801.94921875,13425.099609375,42.63999938964844,75.17479705810547,63326.14,955.14,53.73,64.5,4.0,-0.17432697608654735,-0.1744791023833279,1.2766659185393985,-6.250194233767603,Full Recovery
2022-02-17,17304.599609375,57892.01171875,22.010000228881836,37531.2109375,34634.1015625,13324.400390625,43.38999938964844,75.04199981689453,63326.14,955.14,54.02,64.48,4.0,-0.1016014719190439,-0.10165312120177579,1.2654490118011674,-6.345445416347351,Full Recovery
2022-02-18,17276.30078125,57832.96875,22.170000076293945,37598.7109375,34483.1015625,13208.7998046875,43.18000030517578,75.06300354003906,63326.14,955.14,54.24,64.46,4.0,-0.16353356196504576,-0.1636674240540245,1.262626982477717,-6.498602045400492,Full Recovery
2022-02-21,17206.650390625,57683.58984375,22.899999618530273,37685.1640625,34472.05078125,13029.900390625,43.099998474121094,74.68240356445312,27293.14,462.57,54.67,64.43,4.0,-0.40315569581070854,-0.40397055923562175,1.2443031914170848,-6.8755582569171025,Full Recovery
2022-02-22,17092.19921875,57300.6796875,26.65999984741211,37371.21484375,34129.55078125,12954.5,43.380001068115234,74.51699829101562,27293.14,462.57,54.89,64.41,4.0,-0.6651566067580439,-0.667378632095619,1.2450377894074383,-7.494981633677755,Full Recovery
2022-02-23,17063.25,57232.05859375,24.540000915527344,37391.6171875,34114.30078125,12976.2998046875,43.09000015258789,74.62300109863281,27293.14,462.57,55.01,64.4,4.0,-0.16937094155936583,-0.16951453630000418,1.2293953384705263,-7.651658254274462,Full Recovery
2022-02-24,16247.9501953125,54529.91015625,31.979999542236328,35227.69140625,32547.900390625,12500.099609375,44.619998931884766,74.63300323486328,27293.14,462.57,55.2,64.38,4.0,-4.778103847083647,-4.896026903082192,1.481470628999505,-12.06415792394493,Full Recovery
2022-02-25,16658.400390625,55858.51953125,26.739999771118164,36430.328125,33476.94921875,12899.849609375,43.619998931884766,75.4083023071289,27293.14,462.57,55.4,64.37,4.0,2.5261660109649586,2.494785816820296,1.5727121593058546,-9.842752569963798,Full Recovery
2022-02-28,16793.900390625,56247.28125,28.56999969482422,36204.87890625,33847.8515625,12927.599609375,43.59000015258789,75.06800079345703,13377.71,260.14,55.78,64.33,4.0,0.8134034290366632,0.8101131335537446,1.5823131157878927,-9.109410427842812,Full Recovery
2022-03-01,,,,,,,,75.28479766845703,13377.71,260.14,55.87,55.07,4.0,0.0,,1.5759085026866035,,Full Recovery
2022-03-02,16605.94921875,55468.8984375,29.229999542236328,35372.390625,33720.0,12689.5498046875,44.38999938964844,75.80120086669922,13377.71,260.14,55.96,55.06,4.0,-1.1191633122935585,,1.578616621860501,-10.126624560661712,Full Recovery
2022-03-03,16498.05078125,55102.6796875,28.15999984741211,34943.89453125,34130.30078125,12643.75,44.400001525878906,75.63099670410156,13377.71,260.14,56.15,55.04,4.0,-0.649757722841704,-0.6518778370608893,1.5739373298734098,-10.71058375835734,Full Recovery
2022-03-04,16245.349609375,54333.80859375,27.959999084472656,34407.40234375,34177.69921875,12600.150390625,44.650001525878906,75.8917007446289,13377.71,260.14,56.31,55.03,4.0,-1.5317032007332254,-1.5435549523985674,1.5887761644304508,-12.078232604846594,Full Recovery
2022-03-07,15863.150390625,52842.75,29.329999923706055,32870.8671875,34135.8984375,12546.849609375,46.0,76.41799926757812,6690.86,187.43,56.62,55.0,4.0,-2.352668473994779,-2.3807855961420166,1.5738396322098596,-14.146740308131388,Full Recovery
2022-03-08,16013.4501953125,53424.08984375,28.59000015258789,33157.71484375,35055.55078125,12844.849609375,45.93000030517578,77.08080291748047,6690.86,187.43,56.75,54.99,4.0,0.9474776509483585,0.9430172336242727,1.5785318345792043,-13.333299859940272,Full Recovery
2022-03-09,16345.349609375,54647.328125,27.469999313354492,33815.0546875,35440.55078125,13059.25,45.65999984741211,76.91449737548828,6690.86,187.43,56.87,54.98,4.0,2.0726290088294297,2.0514423015661167,1.6338256911283335,-11.537020691842182,Full Recovery
2022-03-10,16594.900390625,55464.390625,25.579999923706055,34475.19921875,35399.1015625,13077.0498046875,44.79999923706055,76.13490295410156,6690.86,187.43,56.98,54.97,4.0,1.526738719047449,1.5152013456311013,1.6551923623855562,-10.186422134721596,Full Recovery
2022-03-11,16630.44921875,55550.30078125,25.350000381469727,34545.84765625,35348.69921875,13399.0,45.279998779296875,76.310302734375,6690.86,187.43,57.15,54.96,4.0,0.21421537513466316,0.21398626113986924,1.6561057691125731,-9.994027641975634,Full Recovery
2022-03-14,16871.30078125,56486.01953125,25.68000030517578,35311.73828125,36028.0,13351.900390625,44.63999938964844,76.75370025634766,4005.43,116.29,57.4,54.94,4.0,1.4482565042708062,1.4378694372337426,1.657889033625696,-8.690510293068366,Full Recovery
2022-03-15,16663.0,55776.8515625,26.729999542236328,35022.2421875,35097.8515625,13318.849609375,44.33000183105469,76.49009704589844,4005.43,116.29,57.5,46.6,4.0,-1.234645650331223,-1.2423307208470635,1.6477229069058592,-9.81785893607463,Full Recovery
2022-03-16,16975.349609375,56816.6484375,24.1200008392334,35747.8359375,35729.6484375,13374.5,44.22999954223633,76.26589965820312,4005.43,116.29,57.61,46.59,4.0,1.8745100484606647,1.8571576221107082,1.6726198796142195,-8.127385639914376,Full Recovery
2022-03-17,17287.05078125,57863.9296875,22.610000610351562,36428.12890625,35643.6015625,13546.0498046875,44.22999954223633,76.02420043945312,4005.43,116.29,57.7,46.58,4.0,1.8361988356508263,1.819544269851146,1.6971066847614498,-6.440421764752513,Full Recovery
2022-03-18,,,,,,,,75.98159790039062,4005.43,116.29,57.74,46.58,4.0,0.0,,1.6966447075342455,,Full Recovery
2022-03-21,17117.599609375,57292.48828125,24.6200008392334,36018.08203125,35377.75,13549.5498046875,44.13999938964844,75.94640350341797,2407.14,89.86,57.9,46.57,4.0,-0.9802202470463706,,1.676202814022019,-7.357511693665597,Full Recovery
2022-03-22,17315.5,57989.30078125,24.06999969482422,36348.12890625,36070.44921875,13513.150390625,44.31999969482422,76.30709838867188,2407.14,89.86,57.96,46.56,4.0,1.1561223252155806,1.1494902983443505,1.6887637925080996,-6.2864512037208335,Full Recovery
2022-03-23,17245.650390625,57684.8203125,24.75,36146.9296875,36082.0,13569.650390625,44.41999816894531,76.10189819335938,2407.14,89.86,58.06,46.55,4.0,-0.40339354552280104,-0.4042093720190609,1.6770102021303173,-6.664485610845383,Full Recovery
2022-03-24,17222.75,57595.6796875,23.93000030517578,35526.6875,36516.75,13724.5,44.58000183105469,76.55239868164062,2407.14,89.86,58.15,46.55,4.0,-0.1327893706893679,-0.13287761390126268,1.669517320710918,-6.788425253032426,Full Recovery
2022-03-25,17153.0,57362.19921875,23.43000030517578,35409.69140625,36152.30078125,13607.0498046875,44.790000915527344,76.32350158691406,2407.14,89.86,58.2,46.54,4.0,-0.4049875890900112,-0.4058098847076208,1.6541833907480015,-7.165920562353001,Full Recovery
2022-03-28,17222.0,57593.48828125,22.610000610351562,35710.0859375,36026.05078125,13562.25,44.4900016784668,76.27850341796875,1658.86,646.43,58.4,43.06,4.0,0.4022619949862971,0.40145508462854407,1.5530388646593494,-6.792484342379956,Full Recovery
2022-03-29,17325.30078125,57943.6484375,21.299999237060547,35846.98046875,36146.75,13771.400390625,44.18000030517578,76.03410339355469,1658.86,646.43,58.44,43.06,4.0,0.5998187274997013,0.5980269762402161,1.4547256700724083,-6.233408208028324,Full Recovery
2022-03-30,17498.25,58683.98828125,20.610000610351562,36333.87890625,36463.55078125,13745.599609375,44.11000061035156,75.66670227050781,1658.86,646.43,58.56,43.06,4.0,0.9982465582194733,0.9932969892759297,1.465451258492282,-5.297386432705265,Full Recovery
2022-03-31,17464.75,58568.51171875,20.559999465942383,36373.1796875,36317.19921875,13584.099609375,44.119998931884766,75.82779693603516,1658.86,646.43,58.65,43.06,4.0,-0.1914477162001882,-0.1916312115762529,1.4658512391472993,-5.478692423561748,Full Recovery
2022-04-01,17670.44921875,59276.69140625,18.43000030517578,37148.06640625,36343.3984375,13579.900390625,44.56999969482422,75.9092025756836,1658.86,646.43,58.7,40.28,4.0,1.1777965258592316,1.170914487476482,1.479781485475206,-4.365423746729736,Full Recovery
2022-04-04,18053.400390625,60611.73828125,17.90999984741211,38634.75,36442.8984375,13789.25,44.220001220703125,75.99479675292969,1239.71,48.71,58.83,50.46,4.0,2.1671841339984343,2.14403456403388,1.5242312150118495,-2.2928463835522273,Full Recovery
2022-04-05,17957.400390625,60176.5,18.489999771118164,38067.45703125,36466.55078125,13809.25,44.310001373291016,75.47799682617188,1239.71,48.71,58.89,50.46,4.0,-0.5317557796472028,-0.5331746328175393,1.5218987805553246,-2.8124098200364656,Full Recovery
2022-04-06,17807.650390625,59610.41015625,19.020000457763672,37632.36328125,35871.5,13758.4501953125,44.4900016784668,75.45069885253906,1239.71,48.71,58.96,50.46,4.0,-0.8339180323571727,-0.8374145812508964,1.5319030170257877,-3.6228746597605777,Full Recovery
2022-04-07,17639.55078125,59034.94921875,19.0,37556.9140625,35423.25,13815.0,44.63999938964844,75.94509887695312,1239.71,48.71,59.01,50.46,4.0,-0.943974110495216,-0.9484577848941177,1.2379886514451872,-4.532649771411956,Full Recovery
2022-04-08,17784.349609375,59447.1796875,17.690000534057617,37751.61328125,35394.44921875,13838.599609375,44.65999984741211,75.91320037841797,1239.71,48.71,59.06,50.46,4.0,0.8208759390795572,0.8175250776633796,1.168582474531254,-3.748981263708673,Full Recovery
2022-04-11,17674.94921875,58964.5703125,18.270000457763672,37613.36328125,34895.8984375,13837.849609375,45.220001220703125,75.91729736328125,1020.0,48.57,59.19,50.46,4.0,-0.6151497975913078,-0.6170496392137639,1.172870425862469,-4.341069210644544,Full Recovery
2022-04-12,17530.30078125,58576.37109375,18.15999984741211,37746.9609375,34379.5,13744.650390625,45.20000076293945,75.83699798583984,1020.0,48.57,59.27,50.46,4.0,-0.8183810641252287,-0.8217481851263663,1.186571768335552,-5.123923786369278,Full Recovery
2022-04-13,17475.650390625,58338.9296875,17.790000915527344,37462.96484375,34354.80078125,13772.75,45.72999954223633,76.1498031616211,1020.0,48.57,59.31,50.46,4.0,-0.3117481628350238,-0.31223510971550206,1.1657677190614433,-5.4196982109352305,Full Recovery
2022-04-14,,,,,,,,76.12169647216797,1020.0,48.57,59.37,50.46,4.0,0.0,,1.1558744560185927,,Full Recovery
2022-04-15,,,,,,,,76.30879974365234,1020.0,48.57,59.39,50.46,4.0,0.0,,1.109719849283812,,Full Recovery
2022-04-18,17173.650390625,57166.73828125,19.34000015258789,36728.57421875,32780.05078125,13717.2998046875,46.189998626708984,76.3313980102539,975.14,9.43,59.52,50.46,4.0,-1.7281188010147552,,1.064140670831457,-7.054158188208559,Full Recovery
2022-04-19,16958.650390625,56463.1484375,19.770000457763672,36341.1796875,31804.19921875,13522.4501953125,45.97999954223633,76.28019714355469,975.14,9.43,59.62,50.46,4.0,-1.2519178806467801,-1.2598203971631294,1.0913011782016429,-8.217763801168044,Full Recovery
2022-04-20,17136.55078125,57037.5,18.670000076293945,36314.4765625,32173.400390625,13660.650390625,45.220001220703125,76.44539642333984,975.14,9.43,59.65,50.46,4.0,1.0490244596548015,1.0435603778864928,1.0456875282327203,-7.254945693824155,Full Recovery
2022-04-21,17392.599609375,57911.6796875,17.850000381469727,36815.671875,32611.599609375,13821.2998046875,45.209999084472656,76.27619934082031,975.14,9.43,59.73,50.46,4.0,1.4941678252146096,1.4831150992767859,1.0442386488503972,-5.869178932903463,Full Recovery
2022-04-22,17171.94921875,57197.1484375,18.350000381469727,36044.33203125,32426.69921875,13569.849609375,45.33000183105469,76.28520202636719,975.14,9.43,59.82,50.46,4.0,-1.2686452605167986,-1.2767612798961314,1.076279468480689,-7.063365133056743,Full Recovery
2022-04-25,16953.94921875,56579.890625,21.260000228881836,36081.93359375,31744.0,13296.75,44.900001525878906,76.4635009765625,2206.86,63.14,60.03,50.46,4.0,-1.2695122564301942,-1.2776394201003338,1.0743427132145358,-8.243207103406359,Full Recovery
2022-04-26,17200.80078125,57356.609375,19.190000534057617,36404.37890625,31840.05078125,13444.099609375,44.63999938964844,76.52780151367188,2206.86,63.14,60.14,37.04,4.0,1.4560121616207233,1.445514084046437,1.0781346575220436,-6.907217039718827,Full Recovery
2022-04-27,17038.400390625,56819.390625,20.610000610351562,36028.43359375,31594.349609375,13358.150390625,44.43000030517578,76.79409790039062,2206.86,63.14,60.25,37.04,4.0,-0.9441443610115341,-0.948629657994312,1.0413924051158354,-7.7861473005470305,Full Recovery
2022-04-28,17245.05078125,57521.05859375,19.3799991607666,36421.77734375,31914.349609375,13480.0,44.33000183105469,76.47219848632812,2206.86,63.14,60.36,37.04,4.0,1.2128508890934642,1.2055547873445795,1.0095885229089165,-6.6677307682143745,Full Recovery
2022-04-29,17102.55078125,57060.87109375,19.420000076293945,36087.73046875,31622.400390625,13462.849609375,44.790000915527344,76.58899688720703,2206.86,63.14,60.52,37.04,4.0,-0.8263240381694681,-0.8297570200330234,1.020709309366443,-7.438957744245656,Full Recovery
2022-05-02,17069.099609375,56975.98828125,20.280000686645508,36163.328125,31138.80078125,13460.25,44.15999984741211,76.52310180664062,3091.86,235.71,60.75,37.04,4.0,-0.19559171203674675,-0.19578324241160946,1.005480024278707,-7.619999471472738,Full Recovery
2022-05-03,,,,,,,,76.52410125732422,3091.86,235.71,60.82,37.04,4.0,0.0,,0.9813246940783734,,Full Recovery
2022-05-04,16677.599609375,55669.03125,21.8799991607666,35264.140625,30794.599609375,13108.7998046875,43.97999954223633,76.46730041503906,3091.86,235.71,60.86,37.04,4.4,-2.2936183451936376,,1.0625733071042476,-9.738844110885015,Full Recovery
2022-05-05,16682.650390625,55702.23046875,20.290000915527344,35232.44140625,31432.44921875,13008.5,44.540000915527344,76.00160217285156,3091.86,235.71,60.94,37.04,4.4,0.030284821366977077,0.03028023644061874,1.0628492861707528,-9.711508681060222,Full Recovery
2022-05-06,16411.25,54835.578125,21.25,34590.796875,30719.44921875,12820.900390625,44.54999923706055,76.54180145263672,3091.86,235.71,61.03,37.04,4.4,-1.62684216398562,-1.6402205362178026,1.0977498581497966,-11.180359927063243,Full Recovery
2022-05-09,16301.849609375,54470.671875,22.030000686645508,34275.0,30733.30078125,12785.0,44.41999816894531,76.9574966430664,3286.57,31.57,61.28,37.04,4.4,-0.6666182687180999,-0.668850092324517,1.0968410731458627,-11.772447873999104,Full Recovery
2022-05-10,16240.0498046875,54364.8515625,22.299999237060547,34482.24609375,30427.19921875,12596.2998046875,44.2599983215332,77.3655014038086,3286.57,31.57,61.36,37.04,4.4,-0.3790968888092272,-0.37981728230063116,1.0874536659950866,-12.106915779181316,Full Recovery
2022-05-11,16167.099609375,54088.390625,22.799999237060547,34692.74609375,30050.25,12557.650390625,44.060001373291016,77.27140045166016,3286.57,31.57,61.44,37.04,4.4,-0.44919933245182175,-0.45021126418402274,1.0638667082352837,-12.501730926772547,Full Recovery
2022-05-12,15808.0,52930.30859375,24.270000457763672,33531.7578125,29756.849609375,12424.4501953125,44.02000045776367,77.41840362548828,3286.57,31.57,61.52,37.04,4.4,-2.2211752141785834,-2.2462147872579266,1.1224228226078694,-14.445220792262358,Full Recovery
2022-05-13,15782.150390625,52793.62109375,23.489999771118164,33120.96484375,29624.849609375,12629.5,43.41999816894531,77.44380187988281,3286.57,31.57,61.6,37.04,4.4,-0.16352232651188903,-0.16365617019766784,1.0866159941658802,-14.58512195766497,Full Recovery
2022-05-16,15842.2998046875,52973.83984375,24.530000686645508,33597.2109375,29403.5,12608.25,43.13999938964844,77.48629760742188,2772.14,21.43,61.77,37.04,4.4,0.3811230572117186,0.3803986233609079,0.9871727263076729,-14.259586163156367,Full Recovery
2022-05-17,16259.2998046875,54318.46875,22.739999771118164,34301.5,30218.75,12745.9501953125,43.540000915527344,77.8053970336914,2772.14,21.43,61.83,37.04,4.4,2.6321935902047233,2.5981475212963465,1.1339997353392657,-12.002732485927957,Full Recovery
2022-05-18,16240.2998046875,54208.53125,22.299999237060547,34163.30078125,30077.69921875,12881.5498046875,43.38999938964844,77.37239837646484,2772.14,21.43,61.9,37.04,4.4,-0.11685620062508173,-0.11692453072036017,1.1304406171203578,-12.105562749398802,Full Recovery
2022-05-19,15809.400390625,52792.23046875,24.559999465942383,33315.26171875,28352.150390625,12600.849609375,43.59000015258789,77.81999969482422,2772.14,21.43,61.97,37.04,4.4,-2.6532725334179386,-2.6891070897403773,1.2046347029511448,-14.437641711371263,Full Recovery
2022-05-20,16266.150390625,54326.390625,23.100000381469727,34276.0,28789.400390625,13065.5,43.91999816894531,77.42109680175781,2772.14,21.43,62.05,37.04,4.4,2.8891038794289337,2.848156086057151,1.3273285546088953,-11.965656298723603,Full Recovery
2022-05-23,16214.7001953125,54288.609375,23.399999618530273,34247.203125,29079.30078125,12889.2001953125,44.25,77.81839752197266,2110.29,28.43,62.23,37.04,4.4,-0.31630222318707046,-0.3168035160150404,1.3259131794353054,-12.2441108850189,Full Recovery
2022-05-24,16125.150390625,54052.609375,25.639999389648438,34289.75,28531.5,12691.599609375,44.06999969482422,77.52680206298828,2110.29,28.43,62.3,37.04,4.4,-0.5522754266735541,-0.5538061057189644,1.3230642075059929,-12.728765096059824,Full Recovery
2022-05-25,16025.7998046875,53749.26171875,25.280000686645508,34339.1015625,27566.099609375,12543.849609375,44.119998931884766,77.47879791259766,2110.29,28.43,62.36,37.04,4.4,-0.6161219184365629,-0.6180277818558741,1.3245642077669033,-13.266462302793268,Full Recovery
2022-05-26,16170.150390625,54252.53125,22.719999313354492,35094.4921875,27932.55078125,12557.5,43.869998931884766,77.49729919433594,2110.29,28.43,62.43,37.04,4.4,0.9007387318995308,0.8967062770830264,1.3412295295522836,-12.485219735207842,Full Recovery
2022-05-27,16352.4501953125,54884.66015625,21.479999542236328,35612.88671875,28641.599609375,12669.9501953125,44.08000183105469,77.63020324707031,2110.29,28.43,62.5,37.04,4.4,1.1273847198922216,1.121077101503458,1.3640690670650835,-11.498591474855314,Full Recovery
2022-05-30,16661.400390625,55925.73828125,19.979999542236328,35826.53125,29753.30078125,12671.150390625,43.97999954223633,77.69200134277344,2381.71,24.71,62.64,37.04,4.4,1.8893205092962884,1.8716945110386056,1.3851689377687044,-9.826516212573665,Full Recovery
2022-05-31,16584.55078125,55566.41015625,20.479999542236328,35486.984375,29679.05078125,12604.4501953125,43.95000076293945,77.5208969116211,2381.71,24.71,62.7,37.04,4.4,-0.4612433983534836,-0.4623104079880039,1.3697671615098532,-10.242435453608522,Full Recovery
2022-06-01,16522.75,55381.171875,20.850000381469727,35620.38671875,29260.75,12443.75,43.52000045776367,77.5989990234375,2381.71,24.71,62.8,37.04,4.4,-0.37264067061659745,-0.3733367056413342,1.3543932135510537,-10.576908644063321,Full Recovery
2022-06-02,16628.0,55818.109375,20.31999969482422,35613.234375,29792.400390625,12500.349609375,43.97999954223633,77.58409881591797,2381.71,24.71,62.82,37.04,4.4,0.6370004993115463,0.6349802260260305,1.3281131425532704,-10.007283105626176,Full Recovery
2022-06-03,16584.30078125,55769.23046875,19.979999542236328,35274.640625,29903.80078125,12418.7998046875,44.150001525878906,77.3604965209961,2381.71,24.71,62.88,37.04,4.4,-0.2628050201467391,-0.26315095876877825,1.3112595757262742,-10.243788483391036,Full Recovery
2022-06-06,16569.55078125,55675.3203125,20.200000762939453,35309.7890625,29819.80078125,12412.400390625,44.0,77.69419860839844,3396.29,15.14,63.01,37.04,4.4,-0.08893953501298846,-0.08897910968418908,1.2927749647121445,-10.32361724055918,Full Recovery
2022-06-07,16416.349609375,55107.33984375,20.43000030517578,34995.59375,29351.69921875,12279.650390625,43.86000061035156,77.82099914550781,3396.29,15.14,63.07,37.04,4.4,-0.9245946006475991,-0.9288955076891798,1.2688210546678864,-11.15276023360905,Full Recovery
2022-06-08,16356.25,54892.48828125,19.84000015258789,34945.7421875,29472.150390625,12317.7998046875,43.880001068115234,77.67060089111328,3396.29,15.14,63.15,37.04,4.9,-0.36609606157923524,-0.3667678332650513,1.260672254845359,-11.478026479215664,Full Recovery
2022-06-09,16478.099609375,55320.28125,19.139999389648438,35085.04296875,29761.55078125,12465.900390625,43.95000076293945,77.72429656982422,3396.29,15.14,63.22,37.04,4.9,0.744972774168895,0.7422115570615706,1.2463192033015715,-10.818561877328825,Full Recovery
2022-06-10,16201.7998046875,54303.44140625,19.579999923706055,34483.3984375,29114.30078125,12419.2001953125,43.810001373291016,77.8187026977539,3396.29,15.14,63.3,37.04,4.9,-1.6767698414100085,-1.690986774485526,1.2717851474958444,-12.313929335905504,Full Recovery
2022-06-13,15774.400390625,52846.69921875,22.3700008392334,33405.46484375,27914.599609375,12191.849609375,44.189998626708984,78.17759704589844,6457.14,9.86,63.51,37.04,4.9,-2.637974911520913,-2.6733937520215956,1.3491434709608157,-14.627065880922807,Full Recovery
2022-06-14,15732.099609375,52693.5703125,21.889999389648438,33310.96484375,27953.349609375,12218.5,43.56999969482422,78.16059875488281,6457.14,9.86,63.58,37.04,4.9,-0.268160945598539,-0.268521141142216,1.3482920570003751,-14.856002748341746,Full Recovery
2022-06-15,15692.150390625,52541.390625,22.149999618530273,33338.61328125,27812.44921875,12261.349609375,43.61000061035156,77.9854965209961,6457.14,9.86,63.65,37.04,4.9,-0.2539344381356057,-0.25425739848417966,1.2926284312068201,-15.072212679368935,Full Recovery
2022-06-16,15360.599609375,51495.7890625,22.8700008392334,32616.720703125,27136.44921875,12066.650390625,43.720001220703125,77.90019989013672,6457.14,9.86,63.72,37.04,4.9,-2.1128447854290244,-2.1354848179315096,1.338181114625731,-16.866605005153147,Full Recovery
2022-06-17,15293.5,51360.421875,22.760000228881836,32742.669921875,26732.44921875,11803.9501953125,44.08000183105469,77.97769927978516,6457.14,9.86,63.79,37.04,4.9,-0.43682936266399297,-0.4377862497838008,1.313873601557075,-17.22975608467007,Full Recovery
2022-06-20,15350.150390625,51597.83984375,22.40999984741211,32684.419921875,26966.19921875,11847.900390625,43.81999969482422,77.9614028930664,10667.86,13.43,63.93,37.04,4.9,0.37042135956451006,0.3697369891618423,1.3155363949193402,-16.923157421844024,Full Recovery
2022-06-21,15638.7998046875,52532.0703125,21.139999389648438,33191.36328125,27810.650390625,12098.349609375,43.779998779296875,77.93399810791016,10667.86,13.43,64.0,37.04,4.9,1.8804337854487096,1.8629721921802747,1.3680844469176967,-15.360952406120344,Full Recovery
2022-06-22,15413.2998046875,51822.53125,21.299999237060547,32844.91796875,27488.400390625,11939.0498046875,43.68000030517578,78.13490295410156,10667.86,13.43,64.06,37.04,4.9,-1.4419265085317434,-1.452423294963793,1.3882630807136704,-16.581385269945294,Full Recovery
2022-06-23,15556.650390625,52265.71875,20.8799991607666,33134.61328125,28027.80078125,12127.2001953125,43.7599983215332,78.19309997558594,10667.86,13.43,64.13,37.04,4.9,0.9300447519609234,0.9257464658604654,1.3446562765831578,-15.80555482148992,Full Recovery
2022-06-24,15699.25,52727.98046875,20.549999237060547,33627.05859375,27777.80078125,12178.400390625,43.65999984741211,78.14240264892578,10667.86,13.43,64.19,37.04,4.9,0.9166472588529428,0.912471546173461,1.3557800529930502,-15.033788747654665,Full Recovery
2022-06-27,15832.0498046875,53161.28125,21.010000228881836,33810.85546875,28345.94921875,12221.5498046875,43.869998931884766,78.2522964477539,13325.86,20.57,64.34,37.04,4.9,0.8458990377725017,0.8423413606869335,1.3630240121393105,-14.31506038423932,Full Recovery
2022-06-28,15850.2001953125,53177.44921875,21.450000762939453,33642.05859375,28509.099609375,12214.5498046875,43.79999923706055,78.44110107421875,13325.86,20.57,64.41,37.04,4.9,0.11464333961117568,0.11457767431705532,1.2701474989259272,-14.216828307919982,Full Recovery
2022-06-29,15799.099609375,53026.96875,21.899999618530273,33269.51171875,28140.099609375,12210.9501953125,43.7599983215332,79.07319641113281,13325.86,20.57,64.47,37.04,4.9,-0.32239710103227903,-0.3229179201912245,1.270923470712041,-14.493390766628789,Full Recovery
2022-06-30,15780.25,53018.94140625,21.84000015258789,33424.71484375,27843.349609375,12159.349609375,43.7599983215332,78.89830017089844,13325.86,20.57,64.53,37.04,4.9,-0.11930812414028269,-0.11937935294284722,1.17485068937104,-14.595407098121083,Full Recovery
2022-07-01,15752.0498046875,52907.9296875,21.25,33539.05859375,28064.25,12260.900390625,44.36000061035156,78.96299743652344,13325.86,20.57,64.58,37.04,4.9,-0.17870563085186086,-0.1788654998560177,1.0405967851717561,-14.748029914642846,Full Recovery
2022-07-04,15835.349609375,53234.76953125,20.969999313354492,33940.50390625,27890.650390625,12218.2001953125,44.68000030517578,78.95069885253906,16065.14,28.57,64.67,37.04,4.9,0.5288188249805481,0.5274254882250374,1.0460134084059178,-14.297201448164687,Full Recovery
2022-07-05,15810.849609375,53134.3515625,20.790000915527344,33815.50390625,27695.150390625,12233.75,44.79999923706055,78.93949890136719,16065.14,28.57,64.71,37.04,4.9,-0.15471713984448465,-0.15483695040555473,1.0422511908701153,-14.429798366850765,Full Recovery
2022-07-06,15989.7998046875,53750.96875,20.270000457763672,34323.8515625,28007.599609375,12331.150390625,44.16999816894531,79.36840057373047,16065.14,28.57,64.76,37.04,4.9,1.1318189707300252,1.125461822453212,1.0588345079961956,-13.461298591474858,Full Recovery
2022-07-07,16132.900390625,54178.4609375,19.200000762939453,34919.89453125,28196.349609375,12389.7001953125,43.59000015258789,79.04389953613281,16065.14,28.57,64.81,37.04,4.9,0.894949203151052,0.8909682667129231,1.0586648033403074,-12.686821172801988,Full Recovery
2022-07-08,16220.599609375,54481.83984375,18.399999618530273,35123.640625,28250.30078125,12449.4501953125,43.56999969482422,79.22160339355469,16065.14,28.57,64.87,37.04,4.9,0.5436047866567373,0.5421325887187374,1.0424256428278729,-12.212182553315188,Full Recovery
2022-07-11,16216.0,54395.23046875,18.3700008392334,35469.234375,27380.55078125,12564.849609375,43.560001373291016,79.3313980102539,17174.57,32.71,65.0,37.04,4.9,-0.028356592763323363,-0.028360614005298525,0.9780047857240044,-12.237076187204355,Full Recovery
2022-07-12,16058.2998046875,53886.609375,18.549999237060547,35131.83984375,27063.75,12450.650390625,43.619998931884766,79.47779846191406,17174.57,32.71,65.04,37.04,4.9,-0.97249750439381,-0.9772571447684876,0.9891661456839654,-13.09056843106683,Full Recovery
2022-07-13,15966.650390625,53514.1484375,18.520000457763672,34827.39453125,26949.75,12622.2998046875,43.439998626708984,79.47640228271484,17174.57,32.71,65.1,37.04,4.9,-0.5707292501522909,-0.5723641330078542,0.9916883143954145,-13.586585978171827,Full Recovery
2022-07-14,15938.650390625,53416.1484375,18.34000015258789,34650.796875,26523.30078125,12721.0,43.29999923706055,79.80750274658203,17174.57,32.71,65.24,37.04,4.9,-0.1753655232310969,-0.1755194685691454,0.981648228249389,-13.738125313813065,Full Recovery
2022-07-15,16049.2001953125,53760.78125,17.600000381469727,34682.24609375,26484.75,12732.0,43.11000061035156,79.87830352783203,17174.57,32.71,65.29,37.04,4.9,0.6935957686387662,0.6912014580365189,0.9928660321424786,-13.139816601041199,Full Recovery
2022-07-18,16278.5,54521.1484375,17.15999984741211,35358.2890625,27322.94921875,12713.4501953125,43.54999923706055,79.72049713134766,18278.29,40.14,65.36,37.04,4.9,1.4287304158276504,1.4186202470718856,1.0315941918911236,-11.8988187415766,Full Recovery
2022-07-19,16340.5498046875,54767.62109375,17.200000762939453,35719.9375,27346.150390625,12682.2001953125,43.38999938964844,80.0302963256836,18278.29,40.14,65.39,37.04,4.9,0.3811764271124396,0.3804517906147779,1.0210833691674466,-11.562997806611875,Full Recovery
2022-07-20,16520.849609375,55397.53125,16.81999969482422,35971.68359375,28146.349609375,12711.5,43.38999938964844,79.85590362548828,18278.29,40.14,65.42,37.04,4.9,1.103388850696918,1.0973459265845804,1.0385274815695822,-10.587193784519433,Full Recovery
2022-07-21,16605.25,55681.94921875,16.860000610351562,36200.578125,28342.900390625,12651.75,43.029998779296875,80.00340270996094,18278.29,40.14,65.46,37.04,4.9,0.5108719746296009,0.509571451216485,1.0339062506321945,-10.130408815834679,Full Recovery
2022-07-22,16719.44921875,56072.23046875,16.649999618530273,36738.5234375,28168.150390625,12617.5498046875,43.689998626708984,79.7759017944336,18278.29,40.14,65.51,37.04,4.9,0.6877295960614926,0.6853755230166663,0.9883671424706485,-9.512349039401702,Full Recovery
2022-07-25,16631.0,55766.21875,17.68000030517578,36725.97265625,28216.0,12488.7998046875,43.599998474121094,79.87680053710938,19736.57,46.29,65.62,37.04,4.9,-0.5290199311757782,-0.5304241963650272,0.8517625835919127,-9.991046748236043,Full Recovery
2022-07-26,16483.849609375,55268.48828125,18.170000076293945,36408.078125,27418.849609375,12341.900390625,43.459999084472656,79.72250366210938,19736.57,46.29,65.64,37.04,4.9,-0.884795806776506,-0.8887333683346772,0.8701896294733067,-10.787442192331065,Full Recovery
2022-07-27,16641.80078125,55816.3203125,18.1299991607666,36783.32421875,27878.80078125,12628.9501953125,43.56999969482422,79.84120178222656,19736.57,46.29,65.68,37.04,4.9,0.9582177441437301,0.953655956008488,0.8784392483194708,-9.932591633413491,Full Recovery
2022-07-28,16929.599609375,56857.7890625,17.010000228881836,37377.71484375,28663.05078125,12660.650390625,44.02000045776367,79.84739685058594,19736.57,46.29,65.72,37.04,4.9,1.7293731123692924,1.7145896529526243,0.8068097734551474,-8.374990090113899,Full Recovery
2022-07-29,17158.25,57570.25,16.549999237060547,37490.9609375,29152.30078125,12776.5498046875,44.060001373291016,79.57150268554688,19736.57,46.29,65.77,37.04,4.9,1.3505953826479233,1.3415561413115864,0.8143554639626951,-7.137506936920268,Full Recovery
2022-08-01,17340.05078125,58115.5,17.489999771118164,37902.7578125,29220.0,12766.849609375,44.220001220703125,79.1948013305664,18722.29,46.29,65.83,37.04,4.9,1.0595531668439406,1.0539792401854702,0.8235266656943514,-6.15357945086018,Full Recovery
2022-08-02,17345.44921875,58136.359375,18.530000686645508,38023.55859375,29024.650390625,12780.400390625,44.18000030517578,78.95570373535156,18722.29,46.29,65.85,31.48,4.9,0.0311327663805816,0.03112792114048116,0.7776305691183163,-6.124362463994082,Full Recovery
2022-08-03,17388.150390625,58350.53125,18.450000762939453,37988.80859375,29416.94921875,12682.0,44.189998626708984,78.60449981689453,18722.29,46.29,0.0,31.48,4.9,0.24618083588656692,0.2458783072766921,0.7008744408041,-5.893258634814091,Full Recovery
2022-08-04,17382.0,58298.80078125,19.260000228881836,37755.11328125,29782.900390625,12982.349609375,44.65999984741211,79.11830139160156,18722.29,46.29,65.91,31.48,4.9,-0.03537116074355806,-0.03537741781412895,0.6980954664431829,-5.926545281572892,Full Recovery
2022-08-05,17397.5,58387.9296875,18.920000076293945,37920.16015625,29973.55078125,12939.75,44.720001220703125,79.15489959716797,18722.29,46.29,65.95,31.48,5.4,0.08917270739845495,0.08913297215996853,0.6921910166235168,-5.842657435057208,Full Recovery
2022-08-08,17525.099609375,58853.0703125,19.299999237060547,38236.953125,29967.69921875,12940.25,44.619998931884766,79.41059875488281,17988.71,47.43,66.04,31.48,5.4,0.7334364671648164,0.7307599012140524,0.6896862492105748,-5.1520731481726205,Full Recovery
2022-08-09,,,,,,,,79.60189819335938,17988.71,47.43,66.07,31.48,5.4,0.0,,0.6913024265522286,,Full Recovery
2022-08-10,17534.75,58817.2890625,19.59000015258789,38287.40625,29701.150390625,12950.7001953125,44.869998931884766,79.57839965820312,17988.71,47.43,66.08,31.48,5.4,0.05506610997998429,,0.6822496928810776,-5.09984408445866,Full Recovery
2022-08-11,17659.0,59332.6015625,18.360000610351562,38879.3984375,30233.69921875,13014.2001953125,44.90999984741211,79.0978012084961,17988.71,47.43,66.1,31.48,5.4,0.7085929368824795,0.7060942140366637,0.6793377706480145,-4.4273882825506705,Full Recovery
2022-08-12,17698.150390625,59462.78125,17.610000610351562,39041.84765625,29885.900390625,12864.0,45.0,79.61399841308594,17988.71,47.43,66.12,31.48,5.4,0.22170219505635025,0.22145679837284518,0.6719183256020079,-4.215501704500413,Full Recovery
2022-08-15,,,,,,,,79.62760162353516,15390.29,49.71,66.18,31.48,5.4,0.0,,0.6751132691832235,,Full Recovery
2022-08-16,17825.25,59842.2109375,17.68000030517578,39239.19140625,29909.0,12933.849609375,44.650001525878906,79.55290222167969,15390.29,49.71,66.18,31.48,5.4,0.7181519343531395,,0.670351376996664,-3.52762347718083,Full Recovery
2022-08-17,17944.25,60260.12890625,17.68000030517578,39461.2421875,30256.900390625,12979.25,44.599998474121094,79.14600372314453,15390.29,49.71,66.2,31.48,5.4,0.6675923198833145,0.6653737907021656,0.6581878227400072,-2.8835813007055844,Full Recovery
2022-08-18,17956.5,60298.0,17.350000381469727,39655.6875,30018.900390625,12935.75,44.54999923706055,79.35970306396484,15390.29,49.71,66.23,31.48,5.4,0.06826699360520383,0.06824370229270742,0.6534864429097443,-2.817282841362545,Full Recovery
2022-08-19,17758.44921875,59646.1484375,18.290000915527344,38985.49609375,30036.099609375,12799.9501953125,44.41999816894531,79.7667007446289,15390.29,49.71,66.25,31.48,5.4,-1.1029475746944017,-1.1090751389954998,0.7046477983608853,-3.8891572632858584,Full Recovery
2022-08-22,17490.69921875,58773.87109375,19.040000915527344,38297.3046875,29478.900390625,12588.25,43.9900016784668,79.91790008544922,12280.71,42.14,66.32,31.48,5.4,-1.50773300473388,-1.5192148554208882,0.7768327169019543,-5.3382521603551725,Full Recovery
2022-08-23,17577.5,59031.30078125,19.049999237060547,38697.19921875,28957.849609375,12683.5498046875,44.150001525878906,79.88379669189453,12280.71,42.14,66.34,31.48,5.4,0.49626821755044404,0.4950408657946044,0.7422885550066317,-4.868475991649268,Full Recovery
2022-08-24,17604.94921875,59085.4296875,18.43000030517578,39038.046875,28859.849609375,12644.0,44.33000183105469,79.85449981689453,12280.71,42.14,66.36,31.48,5.4,0.1561611079505143,0.1560393032835227,0.7243843405840488,-4.719917549747632,Full Recovery
2022-08-25,17522.44921875,58774.71875,19.56999969482422,38950.296875,28608.650390625,12593.25,44.63999938964844,79.79679870605469,12280.71,42.14,66.38,31.48,5.4,-0.46861822192667546,-0.46971967955087224,0.7333435543375805,-5.166417377976273,Full Recovery
2022-08-26,17558.900390625,58833.87109375,18.219999313354492,38986.6953125,28691.599609375,12580.4501953125,44.29999923706055,79.88289642333984,12280.71,42.14,66.41,31.48,5.4,0.2080255529346653,0.2078094793881999,0.7301395738338137,-4.96913929335906,Full Recovery
2022-08-29,17312.900390625,57972.62109375,19.81999969482422,38276.25390625,27678.94921875,12545.75,43.849998474121094,79.95909881591797,9814.71,60.29,66.46,31.48,5.4,-1.4009988924553851,-1.410905518594369,0.7617521684977726,-6.3005205993499125,Full Recovery
2022-08-30,17759.30078125,59537.0703125,18.700000762939453,39536.2890625,28407.900390625,12699.400390625,43.900001525878906,79.96790313720703,9814.71,60.29,66.48,31.48,5.4,2.578426378902554,2.5457455427431688,0.8760036418301799,-3.8845485055891804,Full Recovery
2022-08-31,,,,,,,,79.68229675292969,9814.71,60.29,66.49,31.48,5.4,0.0,,0.8633834699991663,,Full Recovery
2022-09-01,17542.80078125,58766.58984375,19.8700008392334,39300.79296875,27846.80078125,12555.0,43.349998474121094,79.54879760742188,9814.71,60.29,66.51,31.48,5.4,-1.2190795272107646,,0.9019138622321556,-5.056272297243735,Full Recovery
2022-09-02,17539.44921875,58803.328125,19.549999237060547,39420.54296875,27745.80078125,12506.150390625,43.369998931884766,79.716796875,9814.71,60.29,66.53,31.48,5.4,-0.01910505934481499,-0.01910688459375813,0.8976087890156433,-5.074411352765518,Full Recovery
2022-09-05,17665.80078125,59245.98046875,19.65999984741211,39805.2890625,27836.599609375,12565.5498046875,43.540000915527344,79.72450256347656,6914.71,33.86,66.58,31.48,5.4,0.7203850071011875,0.717802628935595,0.8933389029665889,-4.390581644248304,Full Recovery
2022-09-06,17655.599609375,59196.98828125,19.520000457763672,39666.0390625,27742.80078125,12598.0,43.5,79.78299713134766,6914.71,33.86,66.59,31.48,5.4,-0.05774531254664206,-0.0577619915734608,0.8710226918860221,-4.445791601701854,Full Recovery
2022-09-07,17624.400390625,59028.91015625,19.3700008392334,39455.44140625,27832.400390625,12696.2998046875,43.40999984741211,79.89510345458984,6914.71,33.86,66.61,31.48,5.4,-0.17671004916441913,-0.17686636555011565,0.8630403494604357,-4.614645490341163,Full Recovery
2022-09-08,17798.75,59688.21875,18.309999465942383,40208.48046875,28102.400390625,12689.9501953125,43.599998474121094,79.6498031616211,6914.71,33.86,66.63,31.48,5.4,0.9892512965589573,0.9843902383512463,0.8275136106371181,-3.6710446341270075,Full Recovery
2022-09-09,17833.349609375,59793.140625,17.719999313354492,40415.23046875,28724.05078125,12689.2998046875,43.65999984741211,79.706298828125,6914.71,33.86,66.65,31.48,5.4,0.19439347917691308,0.19420477956010657,0.7970107516500317,-3.4837874263365154,Full Recovery
2022-09-12,17936.349609375,60115.12890625,17.940000534057617,40573.52734375,29131.19921875,12715.25,43.599998474121094,79.65579986572266,5546.29,22.71,66.7,31.48,5.4,0.5775695663245095,0.5759080279283832,0.7823876215271522,-2.9263391559419705,Full Recovery
2022-09-13,18070.05078125,60571.078125,17.469999313354492,40872.625,29116.849609375,12745.599609375,43.5,79.35530090332031,5546.29,22.71,66.71,31.48,5.4,0.7454201929980142,0.7426556664034913,0.7905508358528245,-2.2027324859279607,Full Recovery
2022-09-14,18003.75,60346.96875,18.280000686645508,41404.91796875,28137.650390625,12682.2001953125,43.18000030517578,79.60240173339844,5546.29,22.71,66.73,31.48,5.4,-0.3669097671756161,-0.36758453208641867,0.7956068959060338,-2.5615602124679615,Full Recovery
2022-09-15,17877.400390625,59934.01171875,18.389999389648438,41208.71875,27734.349609375,12518.849609375,43.04999923706055,79.45369720458984,5546.29,22.71,66.74,31.48,5.4,-0.7017960667916379,-0.7042702379409719,0.8092548650173782,-3.245379350440003,Full Recovery
2022-09-16,17530.849609375,58840.7890625,19.81999969482422,40776.328125,26706.44921875,12346.849609375,42.2599983215332,79.8490982055664,5546.29,22.71,66.76,31.48,5.4,-1.9384853148544656,-1.9575203370476821,0.890515036736091,-5.12095346317486,Full Recovery
2022-09-19,17622.25,59141.23046875,19.940000534057617,40903.921875,26810.150390625,12369.599609375,42.34000015258789,79.68949890136719,5547.0,26.71,66.8,31.48,5.4,0.521368859248672,0.5200144374609498,0.8855606537675831,-4.6262836605798,Full Recovery
2022-09-20,17816.25,59719.73828125,18.799999237060547,41467.8203125,27020.599609375,12750.7001953125,42.4900016784668,79.7074966430664,5547.0,26.71,66.81,31.48,5.4,1.1008809885230342,1.0948654031257963,0.9071542595340569,-3.5763325493512355,Full Recovery
2022-09-21,17718.349609375,59456.78125,19.329999923706055,41202.96875,26843.25,12573.5498046875,42.70000076293945,79.76270294189453,5547.0,26.71,66.82,31.48,5.4,-0.5495005437451739,-0.5510158516157929,0.9139324981234255,-4.106181126291586,Full Recovery
2022-09-22,17629.80078125,59119.71875,18.81999969482422,40630.12890625,26782.650390625,12612.849609375,42.9900016784668,80.05069732666016,5547.0,26.71,66.83,31.48,5.4,-0.4997577656902563,-0.5010107310831895,0.9100125575756899,-4.585417932929891,Full Recovery
2022-09-23,17327.349609375,58098.921875,20.59000015258789,39545.7890625,26592.349609375,12610.650390625,42.81999969482422,81.06220245361328,5547.0,26.71,66.84,31.48,5.4,-1.7155677232420508,-1.7304540890907432,0.9609371089746328,-6.222319706138846,Full Recovery
2022-09-26,17016.30078125,57145.21875,21.889999389648438,38615.80078125,26743.650390625,12475.5,42.63999938964844,81.25479888916016,4846.57,24.71,66.87,31.48,5.4,-1.7951321762256445,-1.8114401349380975,1.0112538287986135,-7.90575301921197,Full Recovery
2022-09-27,17007.400390625,57107.51953125,21.56999969482422,38358.703125,27004.150390625,12598.0,42.41999816894531,81.61579895019531,4846.57,24.71,66.88,31.48,5.4,-0.052305085220449854,-0.05231876910193474,0.9987846598811762,-7.953922993578388,Full Recovery
2022-09-28,16858.599609375,56598.28125,22.100000381469727,37759.4140625,27067.650390625,12705.400390625,42.29999923706055,81.72460174560547,4846.57,24.71,66.89,31.48,5.4,-0.874917846539458,-0.8787677246935571,0.9948542642988861,-8.75925054834703,Full Recovery
2022-09-29,16818.099609375,56409.9609375,21.299999237060547,37647.3125,26819.05078125,12874.2998046875,42.900001525878906,81.42870330810547,4846.57,24.71,66.9,31.48,5.4,-0.24023347691036756,-0.24052250050792126,0.993546850657931,-8.97844137311382,Full Recovery
2022-09-30,17094.349609375,57426.921875,19.969999313354492,38631.5,26981.150390625,12971.900390625,43.15999984741211,81.48059844970703,4846.57,24.71,66.92,31.48,5.9,1.642575596626905,1.6292312526781774,1.034383625421032,-7.483343463439129,Full Recovery
2022-10-03,16887.349609375,56788.80859375,21.3700008392334,38029.20703125,26729.099609375,13118.9501953125,43.13999938964844,81.52130126953125,3767.57,23.29,66.94,31.48,5.9,-1.2109264448790458,-1.2183178897324074,1.0220159611309938,-8.603652123358263,Full Recovery
2022-10-04,17274.30078125,58065.46875,19.56999969482422,39109.59765625,27496.94921875,13233.4501953125,44.04999923706055,81.49500274658203,3767.57,23.29,66.94,31.48,5.9,2.291367093271912,2.2655095268550496,1.10779994984429,-6.50942628366058,Full Recovery
2022-10-05,,,,,,,,81.46549987792969,3767.57,23.29,66.94,31.48,5.9,0.0,,1.1071544882673163,,Full Recovery
2022-10-06,17331.80078125,58222.1015625,19.31999969482422,39282.39453125,27928.75,13188.0,44.279998779296875,81.6488037109375,3767.57,23.29,66.94,31.48,5.9,0.33286441360573793,,1.1065561228289353,-6.198229433683045,Full Recovery
2022-10-07,17314.650390625,58191.2890625,18.809999465942383,39177.59375,27733.599609375,13134.7001953125,44.4900016784668,82.3489990234375,3767.57,23.29,66.95,31.48,5.9,-0.09895331040011834,-0.09900230150986376,1.1056928508921735,-6.291049390872338,Full Recovery
2022-10-10,17241.0,57991.109375,19.6200008392334,39092.6484375,28027.599609375,13028.400390625,43.72999954223633,82.8322982788086,2503.71,18.0,66.96,31.48,5.9,-0.425364584114718,-0.4262718329192525,1.0783150851759136,-6.689654078909124,Full Recovery
2022-10-11,16983.55078125,57147.3203125,20.489999771118164,38712.0,27469.5,12826.7998046875,43.41999816894531,82.42070007324219,2503.71,18.0,66.97,31.48,5.9,-1.49323831999304,-1.5044993668578568,0.9944967108568742,-8.082999920720912,Full Recovery
2022-10-12,17123.599609375,57625.91015625,20.18000030517578,39118.09765625,27694.650390625,12839.349609375,43.59000015258789,82.2739028930664,2503.71,18.0,66.97,31.48,5.9,0.8246145339619648,0.8212331644389038,1.009890403796207,-7.325038978885335,Full Recovery
2022-10-13,17014.349609375,57235.328125,20.290000915527344,38623.55078125,27506.19921875,12867.150390625,43.689998626708984,82.19999694824219,2503.71,18.0,0.0,31.48,5.9,-0.6380083772817624,-0.6400523491751724,0.9934529861292137,-7.916312993842656,Full Recovery
2022-10-14,17185.69921875,57919.96875,18.260000228881836,39305.14453125,27954.05078125,12950.4501953125,43.2599983215332,82.19210052490234,2503.71,18.0,66.99,31.48,5.9,1.0070888003887335,1.0020514532698734,1.0136929680210254,-6.988948495018632,Full Recovery
2022-10-17,17311.80078125,58410.98046875,18.420000076293945,39919.984375,28019.150390625,12982.400390625,43.2400016784668,82.41280364990234,2402.14,13.71,67.0,31.48,5.9,0.7337586960815656,0.7310797834822186,1.0140521984028446,-6.306471816283921,Full Recovery
2022-10-18,17486.94921875,58960.6015625,17.450000762939453,40318.28125,28315.19921875,13008.25,43.119998931884766,82.1947021484375,2402.14,13.71,67.0,31.48,5.9,1.0117285874136073,1.0066448739082916,1.0328489179667402,-5.358547607092834,Full Recovery
2022-10-19,17512.25,59107.19140625,17.489999771118164,40372.73046875,28060.349609375,13021.75,43.189998626708984,82.2863998413086,2402.14,13.71,67.01,31.48,5.9,0.14468379208691928,0.14457922593648584,1.0329075146639801,-5.221616764884651,Full Recovery
2022-10-20,17563.94921875,59202.8984375,17.229999542236328,40099.0859375,28432.19921875,13089.2001953125,43.040000915527344,82.99700164794922,2402.14,13.71,67.02,31.48,5.9,0.2952174549244013,0.2947825439411186,1.0172672443480608,-4.941814434079439,Full Recovery
2022-10-21,17576.30078125,59307.1484375,17.280000686645508,40783.578125,28336.94921875,12979.400390625,42.72999954223633,82.82569885253906,2402.14,13.71,67.02,31.48,5.9,0.07032337856462956,0.07029866326317706,1.0165365496703922,-4.874966306387252,Full Recovery
2022-10-24,17730.75,59831.66015625,17.420000076293945,41304.41796875,28534.30078125,13061.099609375,43.47999954223633,82.54129791259766,1987.71,9.43,67.03,31.48,5.9,0.8787356376761757,0.8748972260095097,1.0243374710189692,-4.039068734970009,Full Recovery
2022-10-25,17656.349609375,59543.9609375,16.8799991607666,41122.2734375,28722.849609375,13112.2001953125,43.16999816894531,82.7614974975586,1987.71,9.43,67.03,31.48,5.9,-0.41961220267050514,-0.4204950452158822,1.0158438811079673,-4.441732512354324,Full Recovery
2022-10-26,,,,,,,,82.44529724121094,1987.71,9.43,67.03,31.48,5.9,0.0,,1.014380808217999,,Full Recovery
2022-10-27,17736.94921875,59756.83984375,16.600000381469727,41298.8203125,28572.19921875,13228.0498046875,43.459999084472656,82.04959869384766,1987.71,9.43,67.03,31.48,5.9,0.45649078749665506,,1.0111467563305305,-4.005517824581806,Full Recovery
2022-10-28,17786.80078125,59959.8515625,15.920000076293945,40990.375,28318.349609375,13048.2998046875,43.279998779296875,82.44249725341797,1987.71,9.43,67.04,31.48,5.9,0.2810605244745412,0.280666287905275,0.9450764924460161,-3.735715229512959,Full Recovery
2022-10-31,18012.19921875,60746.58984375,15.800000190734863,41307.41796875,28727.599609375,13212.25,43.22999954223633,82.23919677734375,1360.57,7.86,0.0,31.48,5.9,1.26722303955642,1.2592609626880553,0.9673796388151609,-2.5158320340371576,Full Recovery
2022-11-01,18145.400390625,61121.3515625,16.1299991607666,41289.0703125,29270.650390625,13492.0498046875,43.310001373291016,82.72899627685547,1360.57,7.86,67.04,31.48,5.9,0.7395053222392978,0.736784387700839,0.9563845212505496,-1.7949314235881753,Full Recovery
2022-11-02,18082.849609375,60906.08984375,16.65999984741211,41146.171875,29138.650390625,13556.900390625,43.5,82.68450164794922,1360.57,7.86,67.05,31.48,5.9,-0.3447197631545107,-0.34531529072475453,0.9525671927755746,-2.1334637033905035,Full Recovery
2022-11-03,18052.69921875,60836.41015625,15.9399995803833,41297.87109375,28795.75,13559.9501953125,43.0,82.88839721679688,1360.57,7.86,67.05,31.48,5.9,-0.16673473084335422,-0.1668738878993079,0.9475985116204749,-2.296641209270367,Full Recovery
2022-11-04,18117.150390625,60950.359375,15.65999984741211,41257.96875,28693.05078125,13422.150390625,43.290000915527344,82.68180084228516,1360.57,7.86,67.05,31.48,5.9,0.3570168155688336,0.35638102334325084,0.8854339568035615,-1.9478237890119154,Full Recovery
2022-11-07,18202.80078125,61185.1484375,15.59000015258789,41686.21484375,28741.30078125,13230.0,43.7400016784668,81.9749984741211,1187.57,212.0,67.06,31.48,5.9,0.4727586225111935,0.47164462855731093,0.8067343815011447,-1.4842736714146043,Full Recovery
2022-11-08,,,,,,,,81.82599639892578,1187.57,212.0,67.06,31.48,5.9,0.0,,0.8061638705955507,,Full Recovery
2022-11-09,18157.0,61033.55078125,15.920000076293945,41782.71484375,28626.80078125,13079.5,43.970001220703125,81.40519714355469,1187.57,212.0,67.06,31.48,5.9,-0.2516139235956394,,0.7844501776104112,-1.7321529557886906,Full Recovery
2022-11-10,18028.19921875,60613.69921875,15.569999694824219,41603.265625,28505.75,12983.099609375,44.18000030517578,81.34380340576172,1187.57,212.0,67.06,31.48,5.9,-0.7093725904609771,-0.7119006002546902,0.7991111782492409,-2.4292381279564457,Full Recovery
2022-11-11,18349.69921875,61795.0390625,14.40999984741211,42136.5625,29591.94921875,13015.650390625,44.7599983215332,80.48290252685547,1187.57,212.0,67.06,31.48,5.9,1.7833173247033374,1.767602773148285,0.8080234110347907,-0.6892418276472578,Full Recovery
2022-11-14,18329.150390625,61624.1484375,14.90999984741211,42076.26171875,29849.30078125,13019.849609375,44.81999969482422,80.49700164794922,828.29,4.43,67.07,31.48,5.9,-0.11198455015547504,-0.11204729970374992,0.7636887209507741,-0.8004545334425628,Full Recovery
2022-11-15,18403.400390625,61872.98828125,14.640000343322754,42372.20703125,29865.30078125,13036.900390625,45.150001525878906,80.99199676513672,828.29,4.43,67.07,31.48,5.9,0.40509242609507723,0.40427413587009603,0.6630852096547064,-0.3986046880367855,Full Recovery
2022-11-16,18409.650390625,61980.71875,15.100000381469727,42534.8046875,29951.5,12998.5,45.349998474121094,81.07140350341797,828.29,4.43,67.07,31.48,5.9,0.03396111515991951,0.0339553496785159,0.6627372300680308,-0.36477894347400897,Full Recovery
2022-11-17,18343.900390625,61750.6015625,14.880000114440918,42457.55859375,29681.400390625,12948.25,45.16999816894531,81.49530029296875,828.29,4.43,67.07,31.48,5.9,-0.357149639481924,-0.35778894143715545,0.6704177690836706,-0.7206257762744084,Full Recovery
2022-11-18,18307.650390625,61663.48046875,14.390000343322754,42436.95703125,29669.25,12861.400390625,45.2599983215332,81.52490234375,828.29,4.43,67.07,31.48,5.9,-0.19761337135545398,-0.19780888419361492,0.6721316225625532,-0.9168150947385101,Full Recovery
2022-11-21,18159.94921875,61144.83984375,14.800000190734863,42346.05859375,29209.55078125,12794.599609375,44.79999923706055,81.5198974609375,376.86,6.14,67.08,31.48,5.9,-0.8067729540576885,-0.8100449774708418,0.6875683500433374,-1.7161914325731331,Full Recovery
2022-11-22,18244.19921875,61418.9609375,13.84000015258789,42456.55859375,29446.900390625,12836.349609375,44.900001525878906,81.72769927978516,376.86,6.14,67.08,28.7,5.9,0.463933015368867,0.46286016308605993,0.6125267110580965,-1.2602203958669178,Full Recovery
2022-11-23,18267.25,61510.578125,14.039999961853027,42728.60546875,29405.650390625,12876.9501953125,44.77000045776367,81.71499633789062,376.86,6.14,67.08,28.7,5.9,0.12634580983039712,0.12626606067816232,0.6027648360179768,-1.1354668217013253,Full Recovery
2022-11-24,18484.099609375,62272.6796875,13.479999542236328,43074.8984375,30178.650390625,12888.150390625,45.040000915527344,81.63289642333984,376.86,6.14,67.08,28.7,5.9,1.1870949889830174,1.1801042862214368,0.6055395403460117,0.0,Full Recovery
2022-11-25,18512.75,62293.640625,13.329999923706055,42983.44921875,30334.599609375,12968.4501953125,44.97999954223633,81.65540313720703,376.86,6.14,67.08,28.7,5.9,0.15500019600884762,0.15488019469054912,0.5899613405053368,0.0,Full Recovery
2022-11-28,18562.75,62504.80078125,13.569999694824219,43019.94921875,30309.650390625,12993.9501953125,45.119998931884766,81.6697006225586,363.86,5.43,67.09,28.7,5.9,0.27008413120686026,0.26972005940332766,0.5828798786549028,0.0,Full Recovery
2022-11-29,18618.05078125,62681.83984375,13.619999885559082,43052.94921875,30345.650390625,13087.349609375,45.099998474121094,81.65029907226562,363.86,5.43,67.09,28.7,5.9,0.297912654375021,0.29746977400658825,0.5643312936161875,0.0,Full Recovery
2022-11-30,18758.349609375,63099.6484375,13.8100004196167,43230.49609375,30391.69921875,13144.2001953125,45.099998474121094,81.63089752197266,363.86,5.43,67.09,28.7,5.9,0.7535634625419174,0.7507383568474861,0.5727622842901682,0.0,Full Recovery
2022-12-01,18812.5,63284.19140625,13.359999656677246,43260.14453125,31120.5,13120.650390625,45.369998931884766,81.3052978515625,363.86,5.43,67.09,28.7,5.9,0.2886735334004964,0.2882576714860245,0.5727382176748651,0.0,Full Recovery
2022-12-02,18696.099609375,62868.5,13.449999809265137,43103.25,31052.099609375,13086.9501953125,45.880001068115234,81.16220092773438,363.86,5.43,67.09,28.7,5.9,-0.6187396179402005,-0.6206617442539312,0.5928572768923667,-0.6187396179402005,Full Recovery
2022-12-05,18701.05078125,62834.6015625,13.729999542236328,43332.4453125,30891.5,13052.900390625,46.09000015258789,81.42250061035156,261.43,2.29,67.09,28.7,5.9,0.026482378562620035,0.026478872599709623,0.5798749011958139,-0.592421096345519,Full Recovery
2022-12-06,18642.75,62626.359375,14.039999961853027,43138.05078125,30443.0,12955.349609375,45.81999969482422,81.89900207519531,261.43,2.29,67.09,28.7,5.9,-0.3117513659096294,-0.31223832280691255,0.5763566935889202,-0.9023255813953468,Full Recovery
2022-12-07,18560.5,62410.6796875,14.079999923706055,43098.19921875,30187.05078125,12869.7998046875,45.84000015258789,82.37220001220703,261.43,2.29,67.09,28.7,6.25,-0.4411902750398933,-0.44216639141222674,0.5867218330641539,-1.3395348837209275,Full Recovery
2022-12-08,18609.349609375,62570.6796875,13.399999618530273,43596.34375,30115.0,12728.7001953125,46.060001373291016,82.25350189208984,261.43,2.29,67.1,28.7,6.25,0.2631912360927746,0.262845494467234,0.5845045995525798,-1.0798691860465115,Full Recovery
2022-12-09,18496.599609375,62181.671875,13.479999542236328,43632.94140625,29168.44921875,12774.7001953125,46.11000061035156,82.2791976928711,261.43,2.29,67.1,28.7,6.25,-0.6058782405979346,-0.6077211303593385,0.6004780252442188,-1.679204734219264,Full Recovery
2022-12-12,18497.150390625,62130.5703125,13.319999694824219,43708.2421875,29050.5,12758.0498046875,46.189998626708984,82.41300201416016,204.29,4.29,67.1,28.7,6.25,0.002977743269738653,0.002977698935843848,0.5611540939584826,-1.6762769933554855,Full Recovery
2022-12-13,18608.0,62533.30078125,12.880000114440918,43946.0390625,29376.55078125,12797.75,46.15999984741211,82.64469909667969,204.29,4.29,67.1,28.7,6.25,0.599279386467999,0.5974908495510217,0.5561198138293878,-1.0870431893687749,Full Recovery
2022-12-14,18660.30078125,62677.91015625,12.890000343322754,44048.58984375,29713.900390625,12883.599609375,46.540000915527344,82.40249633789062,204.29,4.29,67.1,28.7,6.25,0.2810661073194387,0.2806718551028224,0.5511426448963787,-0.8090323920265763,Full Recovery
2022-12-15,18414.900390625,61799.03125,13.729999542236328,43497.6953125,29087.94921875,12816.099609375,46.029998779296875,82.50800323486328,204.29,4.29,67.1,28.7,6.25,-1.3150934355333654,-1.3238173588299011,0.6077328737079557,-2.1134862956810663,Full Recovery
2022-12-16,18269.0,61337.80859375,14.069999694824219,43218.99609375,28702.19921875,12636.2001953125,46.099998474121094,82.85790252685547,204.29,4.29,67.1,28.7,6.25,-0.792295301794177,-0.7954506384605002,0.6248704716693965,-2.8890365448504984,Full Recovery
2022-12-19,18420.44921875,61806.19140625,13.550000190734863,43413.24609375,28556.44921875,12646.4501953125,46.41999816894531,82.72599792480469,161.43,2.0,67.11,28.7,6.25,0.8289956688926514,0.8255783729645224,0.6368501670793661,-2.083990863787377,Full Recovery
2022-12-20,18385.30078125,61702.2890625,13.779999732971191,43358.99609375,28612.5,12618.4501953125,46.75,82.58190155029297,161.43,2.0,67.11,28.7,6.25,-0.19081205394395617,-0.19099433205291774,0.6382311473900315,-2.2708264119601362,Full Recovery
2022-12-21,18199.099609375,61067.23828125,15.5600004196167,42617.453125,28764.25,12920.400390625,46.86000061035156,82.63690185546875,161.43,2.0,67.11,28.7,6.25,-1.012771964355863,-1.017935391694218,0.6646113098742842,-3.260600083056475,Full Recovery
2022-12-22,18127.349609375,60826.21875,15.1899995803833,42408.30859375,28763.900390625,12892.75,46.869998931884766,82.87860107421875,161.43,2.0,67.11,28.7,6.25,-0.39425027358517273,-0.39502948868902,0.6552767898444434,-3.6419954318936854,Full Recovery
2022-12-23,17806.80078125,59845.2890625,16.15999984741211,41667.56640625,28237.05078125,12784.4501953125,46.689998626708984,82.8749008178711,161.43,2.0,67.11,28.7,6.25,-1.768316025411787,-1.784137526808462,0.6465581196054752,-5.345909468438537,Full Recovery
2022-12-26,18014.599609375,60566.421875,,42629.65234375,28385.69921875,12677.099609375,46.689998626708984,82.6041030883789,164.86,3.0,67.11,28.7,6.25,1.1669632893506865,1.160206785899442,0.686535026257014,-4.241330980066449,Full Recovery
2022-12-27,18132.30078125,60927.4296875,15.289999961853027,42859.0,28636.25,12694.75,46.869998931884766,82.90290069580078,164.86,3.0,67.12,28.7,6.25,0.6533654614990558,0.6512402811413872,0.6937360316971927,-3.615676910299004,Full Recovery
2022-12-28,18122.5,60910.28125,15.399999618530273,42827.203125,28583.44921875,12624.150390625,46.54999923706055,82.7761001586914,164.86,3.0,67.12,28.7,6.25,-0.05405150382313817,-0.05406611691443354,0.6935673801340351,-3.667774086378739,Full Recovery
2022-12-29,18191.0,61133.87890625,14.8100004196167,43251.84765625,28687.19921875,12634.2998046875,46.61000061035156,82.85199737548828,164.86,3.0,67.12,28.7,6.25,0.377983170092433,0.3772706087183377,0.6953276678329058,-3.303654485049834,Full Recovery
2022-12-30,18105.30078125,60840.73828125,14.869999885559082,42985.94921875,28621.69921875,12597.599609375,46.790000915527344,82.83509826660156,164.86,3.0,67.12,28.7,6.25,-0.471107793689185,-0.47222100411233103,0.6994420628063388,-3.7591985049833854,Full Recovery
2023-01-02,18197.44921875,61167.7890625,14.6899995803833,43203.1015625,28737.30078125,12551.400390625,47.16999816894531,82.74980163574219,220.43,1.71,67.12,0.0,6.25,0.5089583355357918,0.5076675205536103,0.6905530577433154,-3.269372923588043,Full Recovery
2023-01-03,18232.55078125,61294.19921875,14.390000343322754,43425.25,28962.30078125,12641.75,47.630001068115234,82.70600128173828,220.43,1.71,67.12,0.0,6.25,0.192892762485819,0.1927069632871597,0.6861574012233054,-3.082786544850502,Full Recovery
2023-01-04,18042.94921875,60657.44921875,15.199999809265137,42958.80078125,28677.80078125,12622.75,48.06999969482422,82.78569793701172,220.43,1.71,67.12,0.0,6.25,-1.0399069487028845,-1.0453517612292944,0.7113369617976115,-4.090635382059804,Full Recovery
2023-01-05,17992.150390625,60353.26953125,14.979999542236328,42608.69921875,28527.75,12753.2001953125,47.779998779296875,82.66649627685547,220.43,1.71,67.12,0.0,6.25,-0.28154392892826285,-0.28194100932680755,0.6736018587530733,-4.360662375415281,Full Recovery
2023-01-06,17859.44921875,59900.37109375,15.029999732971191,42188.80078125,27956.44921875,12654.9501953125,47.5,82.64520263671875,220.43,1.71,67.12,0.0,6.25,-0.7375503705446151,-0.7402837214764996,0.6821702741146293,-5.066050664451827,Full Recovery
2023-01-09,18101.19921875,60747.30859375,14.649999618530273,42582.75,28748.150390625,12770.599609375,48.11000061035156,82.27339935302734,182.14,2.14,67.12,0.0,6.25,1.3536251708490266,1.344545509952314,0.7303761610339216,-3.7810008305647846,Full Recovery
2023-01-10,17914.150390625,60115.48046875,15.510000228881836,42014.75,28502.69921875,12766.599609375,47.959999084472656,82.18009948730469,182.14,2.14,67.13,0.0,6.25,-1.033350475095851,-1.0387266093937284,0.7467983172230659,-4.775280315614616,Full Recovery
2023-01-11,17895.69921875,60105.5,15.4399995803833,42232.69921875,28596.349609375,12682.25,48.02000045776367,81.63739776611328,182.14,2.14,67.13,0.0,6.25,-0.10299775022909463,-0.10305082936186097,0.7281649576939699,-4.8733596345515,Full Recovery
2023-01-12,17858.19921875,59958.03125,15.279999732971191,42082.25,28720.30078125,12671.4501953125,47.95000076293945,81.63179779052734,182.14,2.14,67.13,0.0,6.25,-0.209547554088918,-0.20976741216788597,0.7233808532573007,-5.072695182724251,Full Recovery
2023-01-13,17956.599609375,60261.1796875,14.460000038146973,42371.25,28933.75,12668.7998046875,48.22999954223633,81.1156005859375,182.14,2.14,67.13,0.0,6.25,0.5510095918388247,0.5494970874730372,0.729902492642357,-4.549636627906972,Full Recovery
2023-01-16,17894.849609375,60092.96875,15.020000457763672,42167.55078125,29264.650390625,12659.400390625,48.70000076293945,81.27799987792969,159.43,0.86,67.13,0.0,6.25,-0.3438847072569362,-0.34447734977776495,0.7302641447281703,-4.877875830564782,Full Recovery
2023-01-17,18053.30078125,60655.71875,14.59000015258789,42235.05078125,29498.0,12648.0,48.5,81.65260314941406,159.43,0.86,67.13,0.0,6.25,0.8854568511824201,0.8815596703469526,0.7531457735451457,-4.03561046511628,Full Recovery
2023-01-18,18165.349609375,61045.73828125,14.369999885559082,42458.0,29617.80078125,12734.5,48.459999084472656,81.52549743652344,159.43,0.86,67.13,0.0,6.25,0.6206556323560042,0.618737497867869,0.7616700015758633,-3.440002076411963,Full Recovery
2023-01-19,18107.849609375,60858.4296875,13.960000038146973,42328.8515625,29632.349609375,12699.0498046875,48.5,81.43599700927734,159.43,0.86,67.13,0.0,6.25,-0.3165367099256078,-0.31703874707042845,0.7603069589189592,-3.7456499169435165,Full Recovery
2023-01-20,18027.650390625,60621.76953125,13.789999961853027,42506.80078125,29529.650390625,12606.4501953125,48.7599983215332,81.23979949951172,159.43,0.86,67.13,0.0,6.25,-0.44289753051891534,-0.4438812272184146,0.7570558871131545,-4.171958056478409,Full Recovery
2023-01-23,18118.55078125,60941.671875,13.619999885559082,42821.25,30086.0,12718.4501953125,48.77000045776367,80.97599792480469,125.86,1.0,67.14,0.0,6.25,0.5042276095628795,0.5029606393094338,0.7645086971985988,-3.6887666112956796,Full Recovery
2023-01-24,18118.30078125,60978.75,13.65999984741211,42733.44921875,30316.900390625,12593.849609375,48.90999984741211,81.48799896240234,125.86,1.0,67.14,0.0,6.25,-0.0013798013043020418,-0.001379810823647804,0.7542794712581108,-3.6900955149501646,Full Recovery
2023-01-25,17891.94921875,60205.05859375,14.65999984741211,41647.6484375,30043.900390625,12440.099609375,48.7599983215332,81.60189819335938,125.86,1.0,67.14,0.0,6.25,-1.249297962501228,-1.2571672991636755,0.779905605984129,-4.893293189368775,Full Recovery
2023-01-26,,,,,,,,81.50270080566406,125.86,1.0,67.14,0.0,6.25,0.0,,0.7477056613942115,,Full Recovery
2023-01-27,17604.349609375,59330.8984375,17.31999969482422,40345.30078125,29766.44921875,12508.0498046875,48.779998779296875,81.44509887695312,125.86,1.0,67.14,0.0,6.25,-1.6074246906178757,,0.7877229232412716,-6.422061877076413,Full Recovery
2023-01-30,17648.94921875,59500.41015625,17.709999084472656,40387.44921875,30094.849609375,12484.0,48.77000045776367,81.50800323486328,102.57,1.0,67.15,0.0,6.25,0.25334426073457816,0.2530238851503625,0.7706232178833822,-6.184987541528242,Full Recovery
2023-01-31,17662.150390625,59549.8984375,16.8799991607666,40655.05078125,29740.349609375,12360.25,48.66999816894531,81.57990264892578,102.57,1.0,67.15,0.0,6.25,0.07479862801675896,0.07477066778470427,0.7715402626113167,-6.114815199335544,Full Recovery
2023-02-01,17616.30078125,59708.078125,16.780000686645508,40513.0,30018.25,12355.7998046875,49.40999984741211,81.76840209960938,102.57,1.0,67.16,0.0,6.25,-0.25959245256645946,-0.2599299780272256,0.7539033421142318,-6.35853405315615,Full Recovery
2023-02-02,17610.400390625,59932.23828125,15.729999542236328,40669.30078125,30566.75,12306.2998046875,50.470001220703125,81.71029663085938,102.57,1.0,67.16,0.0,6.25,-0.03349392530399564,-0.03349953577196926,0.7520165079435476,-6.389898255813953,Full Recovery
2023-02-03,17854.05078125,60841.87890625,14.399999618530273,41499.69921875,30597.650390625,12184.599609375,49.41999816894531,82.0458984375,102.57,1.0,67.16,0.0,6.25,1.3835596307890219,1.3740758205234282,0.7298288625429291,-5.0947466777408685,Full Recovery
2023-02-06,17764.599609375,60506.8984375,14.6899995803833,41374.6484375,30411.099609375,12193.099609375,49.040000915527344,82.22599792480469,103.43,0.71,67.16,0.0,6.25,-0.5010133160870178,-0.5022725956678951,0.7017561297746743,-5.570234634551497,Full Recovery
2023-02-07,17721.5,60286.0390625,14.130000114440918,41490.94921875,30310.69921875,12191.400390625,49.06999969482422,82.75499725341797,103.43,0.71,67.16,0.0,6.25,-0.24261514654264627,-0.24290993398515345,0.6900129391000089,-5.799335548172757,Full Recovery
2023-02-08,17871.69921875,60663.7890625,13.600000381469727,41537.6484375,30774.05078125,12357.2998046875,49.20000076293945,82.74189758300781,103.43,0.71,67.16,0.0,6.5,0.8475536424681795,0.843982073038998,0.7102521563344868,-5.000934385382061,Full Recovery
2023-02-09,17893.44921875,60806.21875,13.039999961853027,41554.30078125,30990.849609375,12302.5,49.11000061035156,82.65950012207031,103.43,0.71,67.16,0.0,6.5,0.12170079483646568,0.12162679944837883,0.7065331080273353,-4.885319767441865,Full Recovery
2023-02-10,17856.5,60682.69921875,12.75,41559.3984375,30870.19921875,12327.0,48.65999984741211,82.533203125,103.43,0.71,67.16,0.0,6.5,-0.20649578680046465,-0.206709283308457,0.7027692548655298,-5.081727574750827,Full Recovery
2023-02-13,17770.900390625,60431.83984375,13.680000305175781,41282.19921875,30289.650390625,12268.099609375,48.66999816894531,82.51300048828125,107.86,0.71,67.17,0.0,6.5,-0.479375070002519,-0.48052775756446475,0.6991232542070734,-5.5367421096345515,Full Recovery
2023-02-14,17929.849609375,61032.26171875,13.449999809265137,41648.3515625,30588.75,12248.7998046875,48.790000915527344,82.59739685058594,107.86,0.71,67.17,0.0,6.5,0.89443537049958,0.8904589905162997,0.7198755067882944,-4.69182931893688,Full Recovery
2023-02-15,18015.849609375,61275.08984375,12.859999656677246,41731.05078125,30934.349609375,12237.099609375,48.15999984741211,82.86759948730469,107.86,0.71,67.17,0.0,6.5,0.4796470794436125,0.47850043793272484,0.7012802547114145,-4.234686461794023,Full Recovery
2023-02-16,18035.849609375,61319.51171875,12.890000343322754,41631.3515625,31434.849609375,12298.599609375,48.18000030517578,82.73770141601562,107.86,0.71,67.17,0.0,6.5,0.11101336008929596,0.110951785824931,0.6995568343423362,-4.128374169435212,Full Recovery
2023-02-17,17944.19921875,61002.5703125,13.09000015258789,41131.75,31054.849609375,12154.0498046875,47.95000076293945,82.69529724121094,107.86,0.71,67.17,0.0,6.5,-0.5081567689351307,-0.5094522761127012,0.6923151168950772,-4.615552325581396,Full Recovery
2023-02-20,17844.599609375,60691.5390625,13.380000114440918,40701.69921875,31222.349609375,12055.400390625,48.380001068115234,82.75800323486328,114.14,1.43,67.17,0.0,6.5,-0.5550518480140765,-0.5565979846782634,0.6518711254893332,-5.144985465116281,Full Recovery
2023-02-21,17826.69921875,60672.71875,14.010000228881836,40673.6015625,30947.25,12019.5,48.2599983215332,82.69750213623047,114.14,1.43,67.17,0.0,6.5,-0.10031264929920569,-0.10036299610954842,0.6248123657669138,-5.240137043189364,Full Recovery
2023-02-22,17554.30078125,59744.98046875,15.59000015258789,39995.8984375,30608.19921875,11991.849609375,48.15999984741211,82.86119842529297,114.14,1.43,67.17,0.0,6.5,-1.5280363131582653,-1.5398310946496918,0.6832179103136615,-6.688102159468434,Full Recovery
2023-02-23,17511.25,59605.80078125,15.079999923706055,40001.55078125,30598.400390625,11968.2001953125,47.86000061035156,82.83529663085938,114.14,1.43,67.17,0.0,6.5,-0.2452434977984641,-0.24554471223785587,0.6835148902787529,-6.916943521594687,Full Recovery
2023-02-24,17465.80078125,59463.9296875,14.1899995803833,39909.3984375,30514.900390625,11996.2001953125,47.779998779296875,82.6178970336914,114.14,1.43,67.17,0.0,6.5,-0.2595429723749043,-0.2598803690668268,0.67436107768062,-7.158534053156151,Full Recovery
2023-02-27,17392.69921875,59288.3515625,13.880000114440918,40307.1015625,29919.19921875,11902.5,47.439998626708984,82.91799926757812,157.14,1.29,67.17,0.0,6.5,-0.41854114458053093,-0.4194194796816341,0.6754666173079241,-7.547113787375414,Full Recovery
2023-02-28,17303.94921875,58962.12109375,14.020000457763672,40269.05078125,29663.94921875,11747.099609375,47.40999984741211,82.6520004272461,157.14,1.29,67.17,0.0,6.5,-0.5102715736285734,-0.5115779048087727,0.6534856476934962,-8.018874584717606,Full Recovery
2023-03-01,17450.900390625,59411.078125,13.0,40698.1484375,30097.75,11764.599609375,47.77000045776367,82.6353988647461,157.14,1.29,67.17,0.0,6.5,0.8492348770636093,0.8456491641293511,0.6638995904784318,-7.237738787375414,Full Recovery
2023-03-02,17321.900390625,58909.3515625,12.970000267028809,40389.80078125,29717.44921875,11761.099609375,47.810001373291016,82.4198989868164,157.14,1.29,67.17,0.0,6.5,-0.7392168719804415,-0.7419626196212838,0.6723920685982604,-7.9234530730897035,Full Recovery
2023-03-03,17594.349609375,59808.96875,12.180000305175781,41251.3515625,29817.05078125,11781.7998046875,47.81999969482422,82.35569763183594,157.14,1.29,67.17,0.0,6.5,1.5728598629827895,1.5606186138582536,0.739071115110014,-6.475218023255813,Full Recovery
2023-03-06,17711.44921875,60224.4609375,12.270000457763672,41350.3984375,30179.75,11807.900390625,47.83000183105469,81.7125015258789,257.57,0.86,67.17,0.0,6.5,0.6655523618366965,0.6633473404126093,0.7440269584108623,-5.852761627906977,Full Recovery
2023-03-07,,,,,,,,81.85440063476562,257.57,0.86,67.17,0.0,6.5,0.0,,0.7440315839462492,,Full Recovery
2023-03-08,17754.400390625,60348.08984375,12.449999809265137,41577.1015625,30065.75,11750.150390625,47.119998931884766,82.07460021972656,257.57,0.86,67.17,0.0,6.5,0.24250512391459367,,0.7118598564041958,-5.624449750830562,Full Recovery
2023-03-09,17589.599609375,59806.28125,12.729999542236328,41256.75,29742.349609375,11700.400390625,47.06999969482422,81.9645004272461,257.57,0.86,67.17,0.0,6.5,-0.9282249899975281,-0.9325598438082557,0.7307357250351183,-6.500467192691028,Full Recovery
2023-03-10,17412.900390625,59135.12890625,13.40999984741211,40485.44921875,29545.5,11683.9501953125,47.43000030517578,82.01840209960938,257.57,0.86,67.17,0.0,6.5,-1.0045664635585094,-1.0096462811863625,0.6939108908194195,-7.439732142857148,Full Recovery
2023-03-13,17154.30078125,58237.8515625,16.219999313354492,39564.69921875,29267.0,11597.349609375,48.81999969482422,81.95800018310547,381.71,0.86,67.17,0.0,6.5,-1.4851035931626178,-1.4962416687813755,0.7401267679031249,-8.814348006644524,Full Recovery
2023-03-14,17043.30078125,57900.19140625,16.219999313354492,39411.3984375,28784.69921875,11597.9501953125,49.130001068115234,82.41739654541016,381.71,0.86,67.17,0.0,6.5,-0.6470680525861194,-0.6491706128142258,0.7462239297108528,-9.40438122923588,Full Recovery
2023-03-15,16972.150390625,57555.8984375,16.299999237060547,39051.5,28716.5,11633.9501953125,48.93000030517578,82.30490112304688,381.71,0.86,67.17,0.0,6.5,-0.41746837386849034,-0.4183422059139645,0.7478255230726727,-9.782589285714282,Full Recovery
2023-03-16,16985.599609375,57634.83984375,16.219999313354492,39132.6015625,28517.25,11743.2001953125,49.70000076293945,82.7156982421875,381.71,0.86,67.17,0.0,6.5,0.07924286811309411,0.07921148752918238,0.7485653364081767,-9.711098421926911,Full Recovery
2023-03-17,17100.05078125,57989.8984375,14.770000457763672,39598.1015625,28854.44921875,11676.150390625,49.75,82.622802734375,381.71,0.86,67.17,0.0,6.5,0.6738129621978839,0.6715529889727186,0.7096907395319957,-9.10272009966777,Full Recovery
2023-03-20,16988.400390625,57628.94921875,16.010000228881836,39361.94921875,28442.94921875,11663.2998046875,50.90999984741211,82.53299713134766,704.0,3.0,67.17,0.0,6.5,-0.6529243219992265,-0.6550651968001941,0.7128806676726552,-9.696210548172758,Full Recovery
2023-03-21,17107.5,58074.6796875,15.079999923706055,39894.69921875,28164.849609375,11633.75,50.47999954223633,82.52909851074219,704.0,3.0,67.17,0.0,6.5,0.7010642946744028,0.6986182644570191,0.7291217218992859,-9.06312292358804,Full Recovery
2023-03-22,17151.900390625,58214.58984375,14.8100004196167,39999.05078125,28217.599609375,11754.7001953125,50.040000915527344,82.677001953125,704.0,3.0,67.17,0.0,6.5,0.25953757489405316,0.2592013577443892,0.710009664897418,-8.827107558139534,Full Recovery
2023-03-23,17076.900390625,57925.28125,14.489999771118164,39616.8984375,27999.25,11780.849609375,50.36000061035156,82.52580261230469,704.0,3.0,67.17,0.0,6.5,-0.43726933046436267,-0.43822814890137707,0.7103887652457447,-9.225778654485051,Full Recovery
2023-03-24,16945.05078125,57527.1015625,15.239999771118164,39395.3515625,27935.650390625,11755.349609375,50.900001525878906,82.26529693603516,704.0,3.0,67.17,0.0,6.5,-0.7720933328590696,-0.7750894050448838,0.7193031990877178,-9.926640365448502,Full Recovery
2023-03-27,16985.69921875,57653.859375,15.449999809265137,39431.30078125,27948.75,11882.75,50.400001525878906,82.33879852294922,1246.71,4.14,67.17,0.0,6.5,0.23988383407489433,0.2395965721106003,0.7206897811306407,-9.710568936877074,Full Recovery
2023-03-28,16951.69921875,57613.71875,15.100000381469727,39567.8984375,27702.80078125,11873.2001953125,50.40999984741211,82.21489715576172,1246.71,4.14,67.17,0.0,6.5,-0.20016838613549082,-0.20036899079230228,0.6932807671510707,-9.891299833887047,Full Recovery
2023-03-29,17080.69921875,57960.08984375,13.630000114440918,39910.1484375,28011.30078125,11942.5,50.689998626708984,82.16429901123047,1246.71,4.14,67.17,0.0,6.5,0.7609856589321451,0.7581047692737273,0.7043882180835873,-9.205585548172756,Full Recovery
2023-03-30,,,,,,,,82.25540161132812,1246.71,4.14,67.17,0.0,6.5,0.0,,0.7031236769184103,,Full Recovery
2023-03-31,17359.75,58991.51953125,12.9399995803833,40608.6484375,28698.599609375,12017.0498046875,51.06999969482422,82.10050201416016,1246.71,4.14,67.17,0.0,6.5,1.6337198944623932,,0.7737285124017566,-7.722259136212628,Full Recovery
2023-04-03,17398.05078125,59106.44140625,12.59000015258789,40813.05078125,28633.0,12067.9501953125,50.79999923706055,82.18479919433594,2636.86,7.14,67.17,0.0,6.5,0.2206297973761151,0.2203867672376198,0.7712106525166447,-7.51866694352159,Full Recovery
2023-04-04,,,,,,,,82.14089965820312,2636.86,7.14,67.17,0.0,6.5,0.0,,0.7713440282281232,,Full Recovery
2023-04-05,17557.05078125,59689.30859375,12.40999984741211,40999.1484375,28977.19921875,12181.849609375,51.86000061035156,82.11479949951172,2636.86,7.14,67.17,0.0,6.5,0.9138954817361267,,0.741335065537536,-6.673484219269099,Full Recovery
2023-04-06,17599.150390625,59832.96875,11.800000190734863,41041.0,28764.55078125,12274.349609375,51.810001373291016,81.94999694824219,2636.86,7.14,67.17,0.0,6.5,0.23978747854371818,0.2395004471214228,0.7410194631441472,-6.449698920265778,Full Recovery
2023-04-07,,,,,,,,81.831298828125,2636.86,7.14,67.17,0.0,6.5,0.0,,0.7391639613639741,,Full Recovery
2023-04-10,17624.05078125,59846.51171875,12.270000457763672,40834.6484375,29041.599609375,12298.75,51.380001068115234,81.88480377197266,4858.71,12.0,67.17,0.0,6.5,0.14148632219350699,,0.7345552469610073,-6.317338039867105,Full Recovery
2023-04-11,17722.30078125,60157.71875,11.979999542236328,41366.5,28675.75,12300.0,51.54999923706055,81.98390197753906,4858.71,12.0,67.17,0.0,6.5,0.5574768321964241,0.5559286811614235,0.7325046178392233,-5.795078903654483,Full Recovery
2023-04-12,17812.400390625,60392.76953125,12.270000457763672,41557.94921875,28980.349609375,12574.2001953125,51.720001220703125,82.07009887695312,4858.71,12.0,67.17,0.0,6.5,0.5083967961446945,0.5071088231309614,0.7227770200664406,-5.3161441029900285,Full Recovery
2023-04-13,17828.0,60431.0,11.90999984741211,42132.55078125,28342.80078125,12478.900390625,51.939998626708984,81.96060180664062,4858.71,12.0,67.17,0.0,6.5,0.08757724412713497,0.0875389176339158,0.7063995449297947,-5.23322259136213,Full Recovery
2023-04-14,,,,,,,,81.68070220947266,4858.71,12.0,67.17,0.0,6.5,0.0,,0.6492530749214174,,Full Recovery
2023-04-17,17706.849609375,59910.75,12.270000457763672,42262.55078125,27008.19921875,12403.599609375,51.70000076293945,81.84480285644531,8785.57,21.29,67.17,0.0,6.5,-0.6795512150830185,,0.6514357165850179,-5.877211378737545,Full Recovery
2023-04-18,17660.150390625,59727.01171875,12.079999923706055,42265.19921875,27166.94921875,12607.349609375,51.52000045776367,82.00370025634766,8785.57,21.29,67.17,0.0,6.5,-0.26373533282438855,-0.26408372714739103,0.6532293618087187,-6.125446428571424,Full Recovery
2023-04-19,17618.75,59567.80078125,12.149999618530273,42154.0,26687.44921875,12625.2998046875,51.119998931884766,82.10790252685547,8785.57,21.29,67.17,0.0,6.5,-0.2344283016240789,-0.23470351496987077,0.6527358934872227,-6.345514950166109,Full Recovery
2023-04-20,17624.44921875,59632.3515625,11.9399995803833,42269.5,26637.150390625,12485.25,51.63999938964844,82.34010314941406,8785.57,21.29,67.17,0.0,6.5,0.03234746363958152,0.03234223297552299,0.6299891060455157,-6.315220099667773,Full Recovery
2023-04-21,17624.05078125,59655.05859375,11.630000114440918,42118.0,26822.099609375,12545.75,51.290000915527344,82.14089965820312,8785.57,21.29,67.17,0.0,6.5,-0.002260708945023282,-0.002260734499433094,0.6002871607527241,-6.317338039867105,Full Recovery
2023-04-24,17743.400390625,60056.1015625,11.670000076293945,42635.75,27013.650390625,12454.349609375,51.2599983215332,82.05480194091797,10553.43,30.71,67.17,0.0,6.5,0.6771973756565242,0.6749146939408538,0.537102550445698,-5.682921511627903,Full Recovery
2023-04-25,17769.25,60130.7109375,11.520000457763672,42678.5,26985.80078125,12456.599609375,51.31999969482422,81.85230255126953,10553.43,30.71,67.17,0.0,6.5,0.14568576938982503,0.14557975062981768,0.5175113588358138,-5.545514950166108,Full Recovery
2023-04-26,17813.599609375,60300.578125,11.649999618530273,42829.8984375,27065.0,12457.849609375,51.47999954223633,81.9916000366211,10553.43,30.71,67.17,0.0,6.5,0.24958627615121465,0.24927532688865447,0.5069366351364228,-5.3097695182724225,Full Recovery
2023-04-27,17915.05078125,60649.37890625,11.430000305175781,43000.8515625,27355.25,12519.349609375,51.470001220703125,81.76689910888672,10553.43,30.71,67.17,0.0,6.5,0.5695152810193838,0.5678996739265909,0.5120316417946597,-4.770494186046514,Full Recovery
2023-04-28,18065.0,61112.44140625,10.949999809265137,43233.8984375,27708.19921875,12613.9501953125,51.25,81.76509857177734,10553.43,30.71,67.17,0.0,6.5,0.8370013603697934,0.8335179280697748,0.5182980175193056,-3.9734219269103033,Full Recovery
2023-05-01,,,,,,,,81.74479675292969,7628.57,29.14,67.17,0.0,6.5,0.0,,0.4951131783252764,,Full Recovery
2023-05-02,18147.650390625,61354.7109375,11.899999618530273,43352.1015625,28025.0,12590.2998046875,51.310001373291016,81.77469635009766,7628.57,29.14,67.17,0.0,6.5,0.4575166931912511,,0.48867418465289864,-3.5340843023255797,Full Recovery
2023-05-03,18089.849609375,61193.30078125,11.84000015258789,43312.69921875,27743.75,12586.7998046875,52.060001373291016,81.77870178222656,7628.57,29.14,67.17,0.0,6.5,-0.318502836487633,-0.3190111363585117,0.49748424886910414,-3.8413309800664486,Full Recovery
2023-05-04,18255.80078125,61749.25,11.729999542236328,43685.44921875,27883.19921875,12654.650390625,52.5099983215332,81.77999877929688,7628.57,29.14,67.17,0.0,6.5,0.9173717607303677,0.9131894646700034,0.5011002978674289,-2.9591985049833847,Full Recovery
2023-05-05,18069.0,61054.2890625,12.300000190734863,42661.19921875,27719.94921875,12608.349609375,52.5,81.71610260009766,7628.57,29.14,67.17,0.0,6.5,-1.0232406865540389,-1.0285117822267789,0.5200542837932967,-3.952159468438543,Full Recovery
2023-05-08,18264.400390625,61764.25,12.640000343322754,43284.0,27920.94921875,12663.099609375,52.16999816894531,81.72979736328125,3463.0,21.0,67.17,0.0,6.5,1.0814123118324304,1.0756068652657527,0.5435725727429077,-2.913486295681067,Full Recovery
2023-05-09,18265.94921875,61761.328125,12.680000305175781,43198.1484375,28125.5,12716.7001953125,52.369998931884766,81.78710174560547,3463.0,21.0,67.17,0.0,6.5,0.00848003817193188,0.008479678637020548,0.5390137644958769,-2.905253322259138,Full Recovery
2023-05-10,18315.099609375,61940.19921875,13.079999923706055,43331.05078125,28091.75,12716.900390625,52.43000030517578,82.1050033569336,3463.0,21.0,67.17,0.0,6.5,0.26908205008338015,0.26872067245805376,0.5303653015742629,-2.6439887873754175,Full Recovery
2023-05-11,18297.0,61904.51953125,13.220000267028809,43475.30078125,28102.0,12557.0498046875,52.369998931884766,81.9198989868164,3463.0,21.0,67.17,0.0,6.5,-0.09882342854272697,-0.09887229108728535,0.5321739932770325,-2.740199335548177,Full Recovery
2023-05-12,18314.80078125,62027.8984375,12.850000381469727,43793.55078125,28028.400390625,12486.7001953125,51.90999984741211,82.10030364990234,3463.0,21.0,67.17,0.0,6.5,0.09728797753729701,0.09724068345624824,0.4617952443268367,-2.6455772425249213,Full Recovery
2023-05-15,18398.849609375,62345.7109375,13.170000076293945,44072.1015625,28165.400390625,12487.400390625,52.279998779296875,82.20030212402344,1577.71,12.86,67.17,0.0,6.5,0.45891205221868514,0.4578622613795238,0.4645642765121274,-2.1988060631229267,Full Recovery
2023-05-16,18286.5,61932.46875,13.289999961853027,43903.69921875,28216.0,12454.5,52.04999923706055,82.2667007446289,1577.71,12.86,67.17,0.0,6.5,-0.6106338807060685,-0.6125058739613254,0.48595421574750924,-2.7960132890365474,Full Recovery
2023-05-17,18181.75,61560.640625,13.109999656677246,43698.69921875,27942.94921875,12398.5498046875,51.619998931884766,82.2959976196289,1577.71,12.86,67.17,0.0,6.5,-0.5728269488420423,-0.5744738948538705,0.4829893488046819,-3.3528239202657795,Full Recovery
2023-05-18,18129.94921875,61431.73828125,12.800000190734863,43752.30078125,27892.55078125,12241.349609375,51.59000015258789,82.45030212402344,1577.71,12.86,67.17,0.0,6.5,-0.2849053652701161,-0.285311993125948,0.48789239535424617,-3.628176910299008,Full Recovery
2023-05-19,18203.400390625,61729.6796875,12.300000190734863,43969.3984375,28303.650390625,12124.25,51.439998626708984,82.72509765625,1577.71,12.86,67.17,0.0,6.5,0.40513721791914925,0.4043187469679982,0.4906212694098538,-3.2377387873754104,Full Recovery
2023-05-22,18314.400390625,61963.6796875,12.569999694824219,43885.1015625,29007.30078125,12244.2001953125,51.97999954223633,82.90480041503906,826.71,8.86,67.17,0.0,6.5,0.6097761825706316,0.6079245709185509,0.49891359746859926,-2.647705564784053,Full Recovery
2023-05-23,18348.0,61981.7890625,12.609999656677246,43954.44921875,28873.69921875,12314.2001953125,51.43000030517578,82.82499694824219,826.71,8.86,67.17,0.0,6.5,0.1834600568861644,0.18329197446846868,0.49247824012897656,-2.469102990033223,Full Recovery
2023-05-24,18285.400390625,61773.78125,13.109999656677246,43677.8515625,28890.80078125,12440.4501953125,51.75,82.8906021118164,826.71,8.86,67.17,0.0,6.5,-0.34117947119577385,-0.3417628155656871,0.4936146791220814,-2.8018583887043147,Full Recovery
2023-05-25,18321.150390625,61872.62109375,12.520000457763672,43681.3984375,28928.75,12455.5,51.45000076293945,82.71369934082031,826.71,8.86,67.17,0.0,6.5,0.19551116867164708,0.19532029433287895,0.4940003508254562,-2.6118251661129577,Full Recovery
2023-05-26,18499.349609375,62501.69140625,11.899999618530273,44018.0,29355.900390625,12601.5498046875,51.33000183105469,82.74210357666016,826.71,8.86,67.17,0.0,6.5,0.9726420827874671,0.9679423693686187,0.5190259241919212,-1.6645867940199288,Full Recovery
2023-05-29,18598.650390625,62846.37890625,12.300000190734863,44311.8984375,29240.19921875,12624.2001953125,51.18000030517578,82.57479858398438,469.0,4.57,67.17,0.0,6.5,0.5367798508963517,0.5353443226476252,0.5012460491257898,-1.1367421096345476,Full Recovery
2023-05-30,18633.849609375,62969.12890625,12.010000228881836,44436.3515625,29297.650390625,12604.7001953125,51.13999938964844,82.57969665527344,469.0,4.57,67.17,0.0,6.5,0.18925684396833287,0.18907797884415814,0.4946607679458084,-0.9496366279069801,Full Recovery
2023-05-31,18534.400390625,62622.23828125,11.970000267028809,44128.1484375,29319.75,12678.400390625,51.130001068115234,82.68389892578125,469.0,4.57,67.17,0.0,6.5,-0.533701950132548,-0.5351312266430236,0.5061949320569317,-1.4782703488372073,Full Recovery
2023-06-01,18487.75,62428.5390625,11.600000381469727,43790.19921875,29446.25,12812.7998046875,50.9900016784668,82.66680145263672,469.0,4.57,67.17,0.0,6.5,-0.25169624936233204,-0.2520135368843953,0.5114922528296605,-1.7262458471760778,Full Recovery
2023-06-02,18534.099609375,62547.109375,11.130000114440918,43937.8515625,29328.150390625,12900.599609375,51.31999969482422,82.27670288085938,469.0,4.57,0.0,0.0,6.5,0.2507044360454902,0.25039069673706255,0.5107961692188029,-1.4798691860465119,Full Recovery
2023-06-05,18593.849609375,62787.46875,11.140000343322754,44101.6484375,29238.75,12934.5,50.720001220703125,82.40979766845703,262.57,2.29,67.17,0.0,6.5,0.3223787573137793,0.32186023111129003,0.5026719636897281,-1.1622612126245824,Full Recovery
2023-06-06,18599.0,62792.87890625,11.380000114440918,44164.55078125,28689.05078125,13012.900390625,51.06999969482422,82.51119995117188,262.57,2.29,67.17,0.0,6.5,0.027699431442118616,0.027695595857881204,0.5032280239385223,-1.1348837209302354,Full Recovery
2023-06-07,18726.400390625,63142.9609375,11.4399995803833,44275.30078125,28913.69921875,13045.650390625,50.9900016784668,82.51719665527344,262.57,2.29,0.0,0.0,6.5,0.6849851638528914,0.6826497990157328,0.512292639608557,-0.45767234219269426,Full Recovery
2023-06-08,18634.55078125,62848.640625,11.260000228881836,43995.25,28591.099609375,12911.349609375,50.70000076293945,82.61810302734375,262.57,2.29,67.17,0.0,6.5,-0.49048192636628185,-0.4916887367083021,0.5201378163810749,-0.9459094684385327,Full Recovery
2023-06-09,18563.400390625,62625.62890625,11.119999885559082,43989.0,28355.349609375,12861.0498046875,50.959999084472656,82.48829650878906,262.57,2.29,67.17,0.0,6.5,-0.381819725413457,-0.3825505177262602,0.5107398268462745,-1.3241175249169457,Full Recovery
2023-06-12,18601.5,62724.7109375,11.25,43944.19921875,28784.0,12856.0498046875,50.93000030517578,82.4448013305664,172.29,1.57,67.17,0.0,6.5,0.20524046550352004,0.20503013499982167,0.5108393118878181,-1.1215946843853852,Full Recovery
2023-06-13,18716.150390625,63143.16015625,11.109999656677246,44079.8515625,28899.30078125,12993.75,50.88999938964844,82.33719635009766,172.29,1.57,67.17,0.0,6.5,0.6163502439319402,0.614458574708609,0.5154866342705844,-0.5121573920265798,Full Recovery
2023-06-14,18755.900390625,63228.51171875,11.15999984741211,43988.0,28855.05078125,12976.7998046875,50.560001373291016,82.29039764404297,172.29,1.57,67.17,0.0,6.5,0.21238341844009856,0.21215820368078678,0.5095551306562743,-0.3008617109634515,Full Recovery
2023-06-15,18688.099609375,62917.62890625,11.079999923706055,43443.6015625,28699.0,13160.599609375,50.15999984741211,82.04499816894531,172.29,1.57,67.17,0.0,6.5,-0.36149041015322014,-0.36214536561356997,0.49396345226972366,-0.661264534883721,Full Recovery
2023-06-16,18826.0,63384.578125,10.84000015258789,43938.1484375,28588.80078125,13241.9501953125,50.65999984741211,81.9126968383789,172.29,1.57,67.17,0.0,6.5,0.7379048352023077,0.7351956368470602,0.46204365656172086,0.0,Full Recovery
2023-06-19,18755.44921875,63168.30078125,11.229999542236328,43633.75,28708.30078125,13264.650390625,50.529998779296875,81.91480255126953,98.86,0.57,67.17,0.0,6.5,-0.37475183921172883,-0.3754557931873424,0.43521861116501603,-0.37475183921172883,Full Recovery
2023-06-20,18816.69921875,63327.69921875,11.130000114440918,43766.5,28930.80078125,13238.849609375,50.4900016784668,81.98139953613281,98.86,0.57,67.17,0.0,6.5,0.3265717567498605,0.32603966930515954,0.4370504109685108,-0.04940391612663353,Full Recovery
2023-06-21,18856.849609375,63523.1484375,11.289999961853027,43859.19921875,29025.69921875,13247.7001953125,50.09000015258789,81.9917984008789,98.86,0.57,67.17,0.0,6.5,0.21337637466720683,0.21314905059401928,0.4364251287577926,0.0,Full Recovery
2023-06-22,18771.25,63238.890625,11.550000190734863,43724.8515625,28811.150390625,13166.849609375,49.86000061035156,81.94149780273438,98.86,0.57,67.17,0.0,6.5,-0.4539443817404343,-0.4549778379793411,0.44664786538612283,-0.4539443817404343,Full Recovery
2023-06-23,18665.5,62979.37109375,11.239999771118164,43622.8984375,28554.30078125,13186.2998046875,49.75,81.91929626464844,98.86,0.57,67.17,0.0,6.5,-0.5633615236065759,-0.5649543898520234,0.46210622266188317,-1.014748557361711,Full Recovery
2023-06-26,18691.19921875,62970.0,11.399999618530273,43641.05078125,28590.099609375,13388.599609375,49.9900016784668,81.98480224609375,67.43,1.14,67.17,0.0,6.5,0.13768299134766515,0.13758829522746804,0.45633222801023954,-0.8784627021824698,Full Recovery
2023-06-27,18817.400390625,63416.03125,10.779999732971191,44121.5,28800.150390625,13426.900390625,49.79999923706055,82.00650024414062,67.43,1.14,67.17,0.0,6.5,0.675190341711196,0.6729211402828641,0.45216231630502157,-0.20920365579193412,Full Recovery
2023-06-28,18972.099609375,63915.421875,10.890000343322754,44327.80078125,28843.0,13622.75,49.54999923706055,81.99839782714844,67.43,1.14,67.17,0.0,6.5,0.822107281232487,0.8187463868637099,0.45268988919116177,0.0,Full Recovery
2023-06-29,,,,,,,,82.02649688720703,67.43,1.14,67.17,0.0,6.5,0.0,,0.44634909426865726,,Full Recovery
2023-06-30,19189.05078125,64718.55859375,10.800000190734863,44747.3515625,29563.0,13767.5,49.310001373291016,82.07540130615234,67.43,1.14,67.17,0.0,6.5,1.143527476356887,,0.4798651553188832,0.0,Full Recovery
2023-07-03,19322.55078125,65205.05078125,11.539999961853027,45158.1015625,29424.80078125,13614.0,49.560001373291016,82.09629821777344,47.0,0.57,67.17,0.0,6.5,0.695709243369369,0.6933003527425257,0.48278495409981714,0.0,Full Recovery
2023-07-04,19389.0,65479.05078125,11.699999809265137,45301.44921875,29729.849609375,13675.4501953125,49.880001068115234,81.95010375976562,47.0,0.57,67.17,0.0,6.5,0.3438946519135566,0.3433046864417105,0.4837134115251921,0.0,Full Recovery
2023-07-05,19398.5,65446.0390625,11.880000114440918,45151.80078125,29841.849609375,13772.0,49.97999954223633,82.0071029663086,47.0,0.57,67.17,0.0,6.5,0.04899685388621844,0.04898485434720244,0.47422330015734127,0.0,Full Recovery
2023-07-06,19497.30078125,65785.640625,11.84000015258789,45339.8984375,29805.19921875,13871.599609375,49.900001525878906,82.39409637451172,47.0,0.57,67.17,0.0,6.5,0.509321758125636,0.5080291021865595,0.477609598707316,0.0,Full Recovery
2023-07-07,19331.80078125,65280.44921875,11.529999732971191,44925.0,29560.44921875,13769.0,50.02000045776367,82.76840209960938,47.0,0.57,67.17,0.0,6.5,-0.848835445771845,-0.8524585713268293,0.492686280954945,-0.848835445771845,Full Recovery
2023-07-10,19355.900390625,65344.171875,11.460000038146973,44860.8515625,29194.75,13751.7998046875,50.029998779296875,82.61530303955078,42.0,0.86,67.17,0.0,6.5,0.12466303397029588,0.12458539412885826,0.48718708034561653,-0.7252305958216576,Full Recovery
2023-07-11,19439.400390625,65617.84375,11.010000228881836,44745.05078125,29324.80078125,13895.400390625,50.15999984741211,82.52529907226562,42.0,0.86,67.17,0.0,6.5,0.43139300324381846,0.4304651710725516,0.49012645536454597,-0.29696618662559127,Full Recovery
2023-07-12,19384.30078125,65393.8984375,10.9399995803833,44639.44921875,29118.05078125,13936.7001953125,50.099998474121094,82.39990234375,42.0,0.86,67.17,0.0,6.5,-0.2834429471475497,-0.283845407345589,0.4802538280627668,-0.5795674040617427,Full Recovery
2023-07-13,19413.75,65558.890625,10.9399995803833,44665.05078125,29628.19921875,13876.5498046875,50.52000045776367,82.00180053710938,42.0,0.86,67.17,0.0,6.5,0.1519230385574888,0.15180775225879406,0.47420848399310483,-0.4285248619149806,Full Recovery
2023-07-14,19564.5,66060.8984375,10.680000305175781,44819.30078125,30945.5,13945.650390625,50.59000015258789,82.03079986572266,42.0,0.86,67.17,0.0,6.5,0.7765114931427508,0.7735121594226722,0.4870614888130483,0.0,Full Recovery
2023-07-17,19711.44921875,66589.9296875,11.319999694824219,45449.75,31041.599609375,14053.7001953125,50.4900016784668,82.07679748535156,43.29,0.29,67.17,0.0,6.5,0.7511013251041421,0.7482946045497489,0.497510219646144,0.0,Full Recovery
2023-07-18,19749.25,66795.140625,11.710000038146973,45410.8515625,31371.150390625,14017.150390625,50.65999984741211,82.06159973144531,43.29,0.29,67.17,0.0,6.5,0.1917706853032497,0.19158704007220428,0.4964977018246564,0.0,Full Recovery
2023-07-19,19833.150390625,67097.4375,11.600000381469727,45669.30078125,31353.55078125,14092.599609375,51.02000045776367,82.07540130615234,43.29,0.29,67.17,0.0,6.5,0.4248282371482448,0.423928389630214,0.4899896852863742,0.0,Full Recovery
2023-07-20,19979.150390625,67571.8984375,11.789999961853027,46186.8984375,31145.94921875,14299.0498046875,51.08000183105469,82.06169891357422,43.29,0.29,67.17,0.0,6.5,0.7361412439498949,0.7334449485705514,0.48212661993409406,0.0,Full Recovery
2023-07-21,19745.0,66684.2578125,11.489999771118164,46075.19921875,29871.05078125,14274.0,50.650001525878906,82.0823974609375,43.29,0.29,67.17,0.0,6.5,-1.1719737128305097,-1.1788954585924887,0.5355329453496107,-1.1719737128305097,Full Recovery
2023-07-24,19672.349609375,66384.78125,11.649999618530273,45923.05078125,29843.44921875,14332.0498046875,50.650001525878906,81.99030303955078,55.14,0.0,67.17,0.0,6.5,-0.3679432292985618,-0.36862180542648426,0.5457361905317437,-1.5356047442035559,Full Recovery
2023-07-25,19680.599609375,66355.7109375,10.239999771118164,45845.0,29761.150390625,14383.25,50.58000183105469,81.81420135498047,55.14,0.0,67.17,0.0,6.5,0.04193703428323481,0.041928243166748924,0.5402451064718378,-1.4943116970083548,Full Recovery
2023-07-26,19778.30078125,66707.203125,10.460000038146973,46062.3515625,29800.400390625,14478.349609375,50.84000015258789,81.95010375976562,55.14,0.0,67.17,0.0,6.5,0.4964339187534694,0.4952057486000637,0.5435102147900664,-1.0052960483707407,Full Recovery
2023-07-27,19659.900390625,66266.8203125,10.510000228881836,45679.30078125,29745.0,14919.9501953125,50.93000030517578,81.97550201416016,55.14,0.0,67.17,0.0,6.5,-0.598637830087223,-0.6004368496797154,0.5532717743030401,-1.5979157960080426,Full Recovery
2023-07-28,19646.05078125,66160.203125,10.140000343322754,45468.1015625,29490.25,14962.5498046875,50.66999816894531,82.3749008178711,55.14,0.0,67.17,0.0,6.5,-0.07044597937843067,-0.07047080421790247,0.5443019110252554,-1.6672361079543396,Full Recovery
2023-07-31,19753.80078125,66527.671875,10.40999984741211,45651.1015625,29928.44921875,14992.150390625,50.65999984741211,82.25279998779297,46.29,0.14,67.17,0.0,6.5,0.5484562836559181,0.5469577389253641,0.5400630451409486,-1.1279238854958629,Full Recovery
2023-08-01,19733.55078125,66459.3125,10.279999732971191,45592.5,30288.650390625,15001.2998046875,50.689998626708984,82.2332992553711,46.29,0.14,67.17,0.0,6.5,-0.10251191770254131,-0.10256449710540406,0.5415746143014838,-1.2292795467931605,Full Recovery
2023-08-02,19526.55078125,65782.78125,11.279999732971191,44995.69921875,30043.599609375,14943.400390625,50.68000030517578,82.30729675292969,46.29,0.14,67.17,0.0,6.5,-1.0489749274959825,-1.0545154493387934,0.5846239019438747,-2.265359640054454,Full Recovery
2023-08-03,19381.650390625,65240.6796875,11.1899995803833,44513.44921875,29971.150390625,15099.2001953125,50.540000915527344,82.7332992553711,46.29,0.14,67.17,0.0,6.5,-0.7420685416911321,-0.7448355676119346,0.5965887970262789,-2.990617660500572,Full Recovery
2023-08-04,19517.0,65721.25,10.569999694824219,44879.5,30436.099609375,15241.0,50.5,82.7843017578125,46.29,0.14,67.17,0.0,6.5,0.6983389270114548,0.6959118337332753,0.5920511338463958,-2.3131633807704777,Full Recovery
2023-08-07,19597.30078125,65953.4765625,11.100000381469727,44837.5,30779.25,15479.25,50.4900016784668,82.69529724121094,56.0,0.29,67.17,0.0,6.5,0.41144018676027017,0.41059608614452353,0.5939533678436942,-1.911240477744136,Full Recovery
2023-08-08,19570.849609375,65846.5,11.329999923706055,44964.44921875,30824.94921875,15578.5,50.560001373291016,82.74829864501953,56.0,0.29,67.17,0.0,6.5,-0.13497354646058168,-0.13506471779916257,0.5880929085792943,-2.0436343551505143,Full Recovery
2023-08-09,19632.55078125,65995.8125,11.140000343322754,44880.69921875,30940.05078125,15696.849609375,50.369998931884766,82.84500122070312,56.0,0.29,0.0,0.0,6.5,0.3152707884763739,0.31477485221408874,0.5747309292354068,-1.734806548819201,Full Recovery
2023-08-10,19543.099609375,65688.1796875,11.399999618530273,44541.80078125,30867.0,15580.7001953125,50.22999954223633,82.86630249023438,56.0,0.29,67.17,0.0,6.5,-0.4556268458015711,-0.4566679886024027,0.5838424284347609,-2.182529150261625,Full Recovery
2023-08-11,19428.30078125,65322.6484375,11.520000457763672,44199.1015625,30819.150390625,15355.5,50.130001068115234,82.79989624023438,56.0,0.29,67.17,0.0,6.5,-0.5874136161590715,-0.5891456761763215,0.5623496168438306,-2.7571222930154238,Full Recovery
2023-08-14,19434.55078125,65401.921875,12.0,44090.94921875,31028.900390625,15305.400390625,50.09000015258789,82.89730072021484,42.0,0.43,67.17,0.0,6.5,0.032169565781225984,0.03216439248586792,0.5486685696428734,-2.7258396815039165,Full Recovery
2023-08-15,,,,,,,,83.2333984375,42.0,0.43,67.17,0.0,6.5,0.0,,0.5452657502926398,,Full Recovery
2023-08-16,19465.0,65539.421875,12.130000114440918,43946.3984375,31212.099609375,15398.7998046875,50.11000061035156,83.19419860839844,42.0,0.43,67.17,0.0,6.5,0.15667570139761278,,0.545890381334184,-2.5734347085462628,Full Recovery
2023-08-17,19365.25,65151.01953125,12.239999771118164,43891.3515625,31060.19921875,15358.4501953125,49.81999969482422,83.23699951171875,42.0,0.43,67.17,0.0,6.5,-0.5124582584125403,-0.5137758290060533,0.5457218643423315,-3.0727051882699974,Full Recovery
2023-08-18,19310.150390625,64948.66015625,12.140000343322754,43851.05078125,30604.05078125,15271.5,49.75,83.09829711914062,42.0,0.43,67.17,0.0,6.5,-0.28452826260957353,-0.2849338137250638,0.5255642067083022,-3.3484907361922667,Full Recovery
2023-08-21,19393.599609375,65216.08984375,11.960000038146973,44002.0,30937.599609375,15333.349609375,49.68000030517578,83.16729736328125,46.43,0.57,67.17,0.0,6.5,0.43215209131937105,0.43122099570483996,0.5310968499308777,-2.930809217617003,Full Recovery
2023-08-22,19396.44921875,65220.03125,11.75,43993.25,30902.400390625,15302.599609375,49.900001525878906,83.1135025024414,46.43,0.57,67.17,0.0,6.5,0.014693555773015454,0.014692476375842436,0.5250524928430991,-2.9165463019309668,Full Recovery
2023-08-23,19444.0,65433.30078125,11.729999542236328,44479.05078125,30924.099609375,15282.5,49.810001373291016,83.07330322265625,46.43,0.57,67.17,0.0,6.5,0.24515199000461063,0.24485198272942724,0.5242910874613044,-2.6785442832249484,Full Recovery
2023-08-24,19386.69921875,65252.33984375,11.699999809265137,44496.19921875,31112.150390625,15193.150390625,50.029998779296875,82.5447006225586,46.43,0.57,67.17,0.0,6.5,-0.2946964680621278,-0.2951315531006464,0.52650488751437,-2.9653471758889327,Full Recovery
2023-08-25,19265.80078125,64886.51171875,12.079999923706055,44231.44921875,30914.55078125,15025.2001953125,49.939998626708984,82.64140319824219,46.43,0.57,67.17,0.0,6.5,-0.6236153774081932,-0.6255679801563102,0.5169652064792637,-3.5704701923147453,Full Recovery
2023-08-28,19306.05078125,64996.6015625,12.399999618530273,44494.6484375,30773.599609375,15161.7998046875,49.79999923706055,82.66429901123047,52.0,0.43,67.17,0.0,6.5,0.2089194238900971,0.20870149074536445,0.4970894595827341,-3.369010174180598,Full Recovery
2023-08-29,19342.650390625,65075.8203125,12.229999542236328,44495.25,30866.05078125,15121.099609375,49.97999954223633,82.69149780273438,52.0,0.43,67.17,0.0,6.5,0.18957584743610756,0.18939637920959618,0.49705006074893643,-3.1858211563324024,Full Recovery
2023-08-30,19347.44921875,65087.25,11.800000190734863,44232.6015625,31103.900390625,15125.5,50.34000015258789,82.49469757080078,52.0,0.43,67.17,0.0,6.5,0.02480956863764039,0.024806491573087567,0.4886648241433019,-3.161801976181222,Full Recovery
2023-08-31,19253.80078125,64831.41015625,12.0600004196167,43989.1484375,31164.900390625,15095.900390625,50.349998474121094,82.70040130615234,52.0,0.43,67.17,0.0,6.5,-0.4840350603388277,-0.48521030396481435,0.46863636193145464,-3.630532806416842,Full Recovery
2023-09-01,19435.30078125,65387.16015625,11.369999885559082,44436.1015625,31514.349609375,15011.7998046875,50.369998931884766,82.68240356445312,52.0,0.43,67.17,0.0,6.5,0.9426710188917609,0.9382556025202546,0.4642959120692563,-2.7220857681225286,Full Recovery
2023-09-04,19528.80078125,65628.140625,10.960000038146973,44578.30078125,32163.94921875,15052.599609375,50.439998626708984,82.6969985961914,51.86,13.57,67.17,0.0,6.5,0.48108337016425917,0.4799298621963187,0.47018962784266816,-2.2540978999103123,Full Recovery
2023-09-05,19574.900390625,65780.2578125,10.819999694824219,44532.1484375,32365.30078125,15218.25,50.349998474121094,82.7345962524414,51.86,13.57,67.17,0.0,6.5,0.23605960187407238,0.23578141889496507,0.47244927975324086,-2.02335931256461,Full Recovery
2023-09-06,19611.05078125,65880.5234375,10.680000305175781,44409.1015625,32312.30078125,15355.2998046875,50.310001373291016,83.08609771728516,51.86,13.57,67.17,0.0,6.5,0.18467726478093027,0.18450694598145603,0.4641247713812799,-1.8424187324188046,Full Recovery
2023-09-07,19727.05078125,66265.5625,10.869999885559082,44878.3515625,32448.349609375,15306.150390625,50.16999816894531,83.25740051269531,51.86,13.57,67.17,0.0,6.5,0.5915032360780392,0.5897607236551244,0.4644658177416574,-1.2618134627651378,Full Recovery
2023-09-08,19819.94921875,66598.90625,10.779999732971191,45156.3984375,32415.650390625,15250.5498046875,50.209999084472656,83.24150085449219,51.86,13.57,67.17,0.0,6.5,0.47091903665750223,0.46981368182121824,0.4715975276343331,-0.796836545910895,Full Recovery
2023-09-11,19996.349609375,67127.078125,11.350000381469727,45570.69921875,32642.80078125,15309.9501953125,50.15999984741211,83.03130340576172,54.86,0.57,67.17,0.0,6.5,0.8900143420050854,0.8860770587058941,0.4883593392621422,0.0,Full Recovery
2023-09-12,19993.19921875,67221.1328125,11.6899995803833,45511.3515625,32977.8984375,15328.650390625,50.02000045776367,82.94329833984375,54.86,0.57,67.17,0.0,6.5,-0.01575482868895195,-0.015756069892455076,0.48773152404583076,-0.01575482868895195,Full Recovery
2023-09-13,20070.0,67466.9921875,11.829999923706055,45909.44921875,32886.69921875,15448.9501953125,49.880001068115234,82.84300231933594,54.86,0.57,67.17,0.0,6.5,0.3841345269944396,0.38339861431470507,0.4452475637807752,0.0,Full Recovery
2023-09-14,20103.099609375,67519.0,11.319999694824219,46000.8515625,33045.3984375,15489.2998046875,49.880001068115234,82.93679809570312,54.86,0.57,67.17,0.0,6.5,0.1649208239910216,0.16478497893743788,0.4164890252849375,0.0,Full Recovery
2023-09-15,20192.349609375,67838.6328125,10.899999618530273,46231.5,33355.05078125,15583.5498046875,50.119998931884766,83.0282974243164,54.86,0.57,67.17,0.0,6.5,0.44396138771742866,0.4429787863222843,0.40684404377385397,0.0,Full Recovery
2023-09-18,20133.30078125,67596.84375,10.84000015258789,45979.8515625,33129.5,15503.4501953125,50.439998626708984,83.08580017089844,64.57,0.43,67.17,0.0,6.5,-0.2924316846098174,-0.29286010148227576,0.4094025547275464,-0.2924316846098174,Full Recovery
2023-09-19,,,,,,,,83.25489807128906,64.57,0.43,67.17,0.0,6.5,0.0,,0.4075734891822596,,Full Recovery
2023-09-20,19901.400390625,66800.84375,11.130000114440918,45384.6015625,32949.19921875,15460.2001953125,50.380001068115234,83.19499969482422,64.57,0.43,67.17,0.0,6.5,-1.1518249945432046,,0.4643325564528468,-1.4408883779177262,Full Recovery
2023-09-21,19742.349609375,66230.2421875,10.819999694824219,44623.8515625,32919.94921875,15306.7001953125,50.27000045776367,83.08699798583984,64.57,0.43,67.17,0.0,6.5,-0.7991939166498319,-0.802404589005525,0.4810761557525501,-2.2285668023055205,Full Recovery
2023-09-22,19674.25,66009.1484375,10.65999984741211,44612.05078125,32906.30078125,15069.099609375,50.220001220703125,82.89129638671875,64.57,0.43,67.17,0.0,6.5,-0.3449417659114995,-0.34553806166447804,0.4722149244877874,-2.565821310534633,Full Recovery
2023-09-25,19674.55078125,66023.6875,10.899999618530273,44766.1015625,32648.599609375,15017.400390625,50.220001220703125,82.97480010986328,51.86,0.14,67.17,0.0,6.5,0.0015288066889551644,0.0015287950028248089,0.47227233626119336,-2.564331730293501,Full Recovery
2023-09-26,19664.69921875,65945.46875,11.1899995803833,44624.19921875,32471.0,14981.650390625,50.02000045776367,83.0282974243164,51.86,0.14,67.17,0.0,6.5,-0.05007261720755274,-0.050085157728942384,0.47251430639607434,-2.6131203194898145,Full Recovery
2023-09-27,19716.44921875,66118.6875,11.59000015258789,44588.30078125,32594.650390625,15159.7998046875,49.70000076293945,83.29869842529297,51.86,0.14,67.17,0.0,6.5,0.2631619198663282,0.2628162551917123,0.4738166057075893,-2.3568351372246776,Full Recovery
2023-09-28,19523.55078125,65508.3203125,12.819999694824219,44300.94921875,31879.599609375,15023.150390625,49.369998931884766,83.22270202636719,51.86,0.14,67.17,0.0,6.5,-0.9783629666773708,-0.9831803841213342,0.49961348758712115,-3.3121397017338072,Full Recovery
2023-09-29,19638.30078125,65828.40625,11.449999809265137,44584.55078125,31784.400390625,15422.75,49.290000915527344,83.19300079345703,51.86,0.14,67.17,0.0,6.5,0.5877516917168757,0.5860311697675281,0.5061167807806112,-2.743855167145892,Full Recovery
2023-10-02,,,,,,,,83.03479766845703,44.71,0.14,0.0,0.0,6.5,0.0,,0.5012097096213033,,Full Recovery
2023-10-03,19528.75,65512.1015625,11.789999961853027,44399.05078125,31717.25,15281.2998046875,48.83000183105469,83.3593978881836,44.71,0.14,67.17,0.0,6.5,-0.5578424654468894,,0.5130850250322992,-3.2863912432800846,Full Recovery
2023-10-04,19436.099609375,65226.0390625,11.65999984741211,43964.05078125,31811.5,15067.150390625,48.36000061035156,83.22979736328125,44.71,0.14,67.17,0.0,6.5,-0.47443072713306833,-0.47555972198833263,0.5191705437393481,-3.7452303205412263,Full Recovery
2023-10-05,19545.75,65631.5703125,10.9399995803833,44213.3515625,32125.400390625,15021.400390625,48.25,83.44979858398438,44.71,0.14,67.17,0.0,6.5,0.5641584105285702,0.5625729970019748,0.5259976087265377,-3.2022009418596564,Full Recovery
2023-10-06,19653.5,65995.6328125,10.300000190734863,44360.6015625,32341.69921875,15128.4501953125,48.380001068115234,83.22489929199219,44.71,0.14,67.17,0.0,6.5,0.5512707366051472,0.5497568008546022,0.5194616021282433,-2.6685830019742784,Full Recovery
2023-10-09,19512.349609375,65512.390625,11.399999618530273,43886.5,32308.55078125,15103.849609375,48.880001068115234,83.12460327148438,70.0,0.29,67.17,0.0,6.5,-0.718194675884698,-0.7207861089913015,0.5380194366811999,-3.3676120568172374,Full Recovery
2023-10-10,19689.849609375,66079.359375,11.270000457763672,44360.1484375,32569.44921875,15106.7001953125,48.93000030517578,83.27030181884766,70.0,0.29,67.17,0.0,6.5,0.9096802976240159,0.9055676290125599,0.5606561268060982,-2.4885662625744986,Full Recovery
2023-10-11,19811.349609375,66473.046875,10.989999771118164,44516.8984375,32548.05078125,15176.599609375,49.16999816894531,83.25029754638672,70.0,0.29,67.17,0.0,6.5,0.6170692128707245,0.615173136873013,0.5696981367237999,-1.886853225952012,Full Recovery
2023-10-12,19794.0,66408.390625,10.619999885559082,44599.19921875,32003.650390625,15186.2001953125,49.38999938964844,83.21800231933594,70.0,0.29,67.17,0.0,6.5,-0.08757409120068171,-0.08761245971014768,0.5606759216365396,-1.9727749225877722,Full Recovery
2023-10-13,19751.05078125,66282.7421875,10.619999885559082,44287.94921875,31807.94921875,15235.0498046875,49.4900016784668,83.26239776611328,70.0,0.29,67.17,0.0,6.5,-0.21698099802970328,-0.2172167428733089,0.5397170080396827,-2.1854753739015687,Full Recovery
2023-10-16,19731.75,66166.9296875,11.069999694824219,44225.8984375,31750.400390625,15164.75,50.25,83.28230285644531,37.14,0.43,67.17,0.0,6.5,-0.09772027556287366,-0.09776805295215436,0.5342837239673162,-2.281059996906698,Full Recovery
2023-10-17,19811.5,66428.09375,10.699999809265137,44409.5,31794.900390625,15211.9501953125,50.310001373291016,83.19950103759766,37.14,0.43,67.17,0.0,6.5,0.4041709427698992,0.40335636613206177,0.5373289104720304,-1.8861084358314462,Full Recovery
2023-10-18,19671.099609375,65877.0234375,10.970000267028809,43888.69921875,31606.650390625,15331.2998046875,50.779998779296875,83.26429748535156,37.14,0.43,67.17,0.0,6.5,-0.7086812741337156,-0.7112043473065063,0.5536254813450443,-2.581423212670564,Full Recovery
2023-10-19,19624.69921875,65629.2421875,10.899999618530273,43754.5,31540.05078125,15273.400390625,50.90999984741211,83.26860046386719,37.14,0.43,67.17,0.0,6.5,-0.23588102112443998,-0.2361596586600212,0.5442742004797518,-2.811215146361412,Full Recovery
2023-10-20,19542.650390625,65397.62109375,10.819999694824219,43723.05078125,31469.349609375,15107.150390625,51.59000015258789,83.12229919433594,37.14,0.43,67.17,0.0,6.5,-0.41808960845935994,-0.41896604678091653,0.5410465035792437,-3.21755135642241,Full Recovery
2023-10-23,19281.75,64571.87890625,10.90999984741211,43151.19921875,30848.400390625,14911.650390625,51.540000915527344,83.15979766845703,209.14,179.14,67.17,0.0,6.5,-1.3350307425555652,-1.344022395196905,0.5605327478947768,-4.50962679921223,Full Recovery
2023-10-24,,,,,,,,83.02940368652344,209.14,179.14,67.17,0.0,6.5,0.0,,0.5606408682037519,,Full Recovery
2023-10-25,19122.150390625,64049.05859375,11.3100004196167,42832.0,30530.5,14800.150390625,51.40999984741211,82.98780059814453,209.14,179.14,67.17,0.0,6.5,-0.8277236732921023,,0.5667505365430728,-5.300023223910122,Full Recovery
2023-10-26,18857.25,63148.1484375,11.729999542236328,42280.1484375,30225.650390625,14648.5498046875,51.83000183105469,83.1709976196289,209.14,179.14,67.17,0.0,6.5,-1.3853064912347501,-1.3949914095014038,0.605491728604157,-6.611908149387102,Full Recovery
2023-10-27,19047.25,63782.80078125,10.90999984741211,42782.0,30599.69921875,14738.5,51.63999938964844,83.28250122070312,209.14,179.14,67.17,0.0,6.5,1.0075700327460302,1.0025278863763394,0.6345679968846717,-5.670957721746994,Full Recovery
2023-10-30,19140.900390625,64112.6484375,11.489999771118164,43039.1484375,30641.0,14775.599609375,52.02000045776367,83.41339874267578,27.57,0.29,67.18,0.0,6.5,0.49167407696648624,0.4904693073893485,0.6463472203303271,-5.207166273814057,Full Recovery
2023-10-31,19079.599609375,63874.9296875,11.829999923706055,42845.94921875,30582.25,14683.650390625,52.060001373291016,83.29650115966797,27.57,0.29,67.18,0.0,6.5,-0.3202606982899536,-0.3207746304394414,0.6461501114995409,-5.510750465034375,Full Recovery
2023-11-01,18989.150390625,63591.328125,12.050000190734863,42700.94921875,30344.849609375,14735.25,51.7599983215332,83.2771987915039,27.57,0.29,67.18,0.0,6.5,-0.4740624572936891,-0.4751896973195711,0.6222994835521817,-5.958688523258204,Full Recovery
2023-11-02,19133.25,64080.8984375,11.079999923706055,43017.19921875,30582.75,14834.4501953125,51.849998474121094,85.19400024414062,27.57,0.29,67.18,0.0,6.5,0.7588523257266999,0.7559875254064636,0.6315779117274767,-5.2450538439730465,Full Recovery
2023-11-03,19230.599609375,64363.78125,10.880000114440918,43318.25,30779.94921875,14882.349609375,51.79999923706055,83.24729919433594,27.57,0.29,67.18,0.0,6.5,0.5087980838331285,0.5075080802081227,0.6394609544272131,-4.76294249359408,Full Recovery
2023-11-06,19411.75,64958.69140625,11.109999656677246,43619.3984375,30972.94921875,15072.2998046875,51.75,83.15850067138672,19.86,0.14,67.18,0.0,6.5,0.941990339899168,0.9375812778954773,0.6658021265920995,-3.8658186118795235,Full Recovery
2023-11-07,19406.69921875,64942.3984375,11.1899995803833,43737.8984375,30981.599609375,15271.75,51.36000061035156,83.2228012084961,19.86,0.14,67.18,0.0,6.5,-0.026019195847870602,-0.026022581427913322,0.6658073862780962,-3.8908319528116464,Full Recovery
2023-11-08,19443.5,64975.609375,11.039999961853027,43658.6484375,30917.19921875,15497.25,51.400001525878906,83.23269653320312,19.86,0.14,67.18,0.0,6.5,0.18962926582819506,0.18944969651071764,0.6647802961159358,-3.70858084305018,Full Recovery
2023-11-09,19395.30078125,64832.19921875,10.979999542236328,43683.6015625,30717.69921875,15491.849609375,50.939998626708984,83.21769714355469,19.86,0.14,67.18,0.0,6.5,-0.24789373698150818,-0.24820150223140985,0.6423896554896188,-3.9472812403908764,Full Recovery
2023-11-10,19425.349609375,64904.6796875,11.109999656677246,43820.1015625,30639.05078125,15516.5,51.310001373291016,83.31939697265625,19.86,0.14,67.18,0.0,6.5,0.1549283945833313,0.15480850435944918,0.6330628760811243,-3.7984683052629697,Full Recovery
2023-11-13,19443.55078125,64933.87109375,11.1899995803833,43891.25,30635.849609375,15497.150390625,50.93000030517578,83.29889678955078,10.29,0.14,67.18,0.0,6.5,0.09369804014345284,0.09365417093074231,0.6334694295297364,-3.7083293554770025,Full Recovery
2023-11-14,,,,,,,,83.19760131835938,10.29,0.14,67.18,0.0,6.5,0.0,,0.6256183735287173,,Full Recovery
2023-11-15,19675.44921875,65675.9296875,11.140000343322754,44201.69921875,31429.349609375,15516.25,51.459999084472656,82.98159790039062,10.29,0.14,67.18,0.0,6.5,1.1926753508604282,,0.6564684511818469,-2.559882334768071,Full Recovery
2023-11-16,19765.19921875,65982.4765625,11.649999618530273,44161.55078125,32273.349609375,15651.099609375,51.38999938964844,83.18620300292969,10.29,0.14,67.18,0.0,6.5,0.4561522280999375,0.4551150068331243,0.6538018891833327,-2.115407066974917,Full Recovery
2023-11-17,19731.80078125,65794.7265625,11.829999923706055,43583.94921875,32191.349609375,15804.5,51.86000061035156,83.12030029296875,10.29,0.14,67.18,0.0,6.5,-0.16897597201204206,-0.16911889743673852,0.647547387013499,-2.2808085093335206,Full Recovery
2023-11-20,19694.0,65655.1484375,12.149999618530273,43584.94921875,32383.19921875,15806.75,51.65999984741211,83.29149627685547,17.0,0.0,67.18,0.0,6.5,-0.19157289123818977,-0.19175662679732527,0.6339739555674129,-2.468011989766772,Full Recovery
2023-11-21,19783.400390625,65930.7734375,12.229999542236328,43689.1484375,32325.69921875,15968.900390625,51.880001068115234,83.32219696044922,17.0,0.0,67.18,0.0,6.5,0.45394734754240496,0.4529201141300913,0.6174844170024515,-2.0252681171889497,Full Recovery
2023-11-22,19811.849609375,66023.2421875,11.869999885559082,43449.6015625,32564.400390625,16069.7998046875,52.16999816894531,83.345703125,17.0,0.0,67.18,0.0,6.5,0.14380348265852216,0.14370018446946908,0.6076087880053785,-1.8843770406161142,Full Recovery
2023-11-23,19802.0,66017.8125,11.319999694824219,43577.5,32370.650390625,15817.4501953125,52.02000045776367,83.54830169677734,17.0,0.0,67.18,0.0,6.5,-0.04971574875239915,-0.049728111128304164,0.6074559091451316,-1.9331559572134505,Full Recovery
2023-11-24,19794.69921875,65970.0390625,11.329999923706055,43769.1015625,32055.150390625,15954.5,52.150001525878906,83.34400177001953,17.0,0.0,67.18,0.0,6.5,-0.03686890844358803,-0.03687570669664962,0.6060939547841383,-1.9693121321571083,Full Recovery
2023-11-27,,,,,,,,83.31449890136719,27.0,0.43,67.18,0.0,6.5,0.0,,0.6057623702238681,,Full Recovery
2023-11-28,19889.69921875,66174.203125,12.180000305175781,43880.94921875,32118.5,15900.2998046875,52.29999923706055,83.364501953125,27.0,0.43,67.18,0.0,6.5,0.4799264638990497,,0.6076069403433441,-1.4988369183370542,Full Recovery
2023-11-29,20096.599609375,66901.90625,12.710000038146973,44566.44921875,32608.400390625,15990.099609375,53.04999923706055,83.41809844970703,27.0,0.43,67.18,0.0,6.5,1.040238911355451,1.0348656573869122,0.6195695560666994,-0.47418949182389536,Full Recovery
2023-11-30,20133.150390625,66988.4375,12.6899995803833,44481.75,32582.19921875,16238.900390625,53.150001525878906,83.3302993774414,27.0,0.43,67.18,0.0,6.5,0.18187545137213768,0.18171025823992026,0.6170724844012033,-0.29317647473038333,Full Recovery
2023-12-01,20267.900390625,67481.1875,12.380000114440918,44814.19921875,32598.69921875,16257.0498046875,53.290000915527344,83.35269927978516,27.0,0.43,67.18,0.0,6.5,0.6692941610506598,0.667064331563437,0.6183070675733531,0.0,Full Recovery
2023-12-04,20686.80078125,68865.1171875,12.989999771118164,46431.3984375,32665.55078125,16228.400390625,53.720001220703125,83.21859741210938,59.29,0.29,67.18,0.0,6.5,2.066816900376933,2.04574804837739,0.6526071701132661,0.0,Full Recovery
2023-12-05,20855.099609375,69296.140625,13.460000038146973,47012.25,32479.150390625,16229.650390625,52.939998626708984,83.41709899902344,59.29,0.29,67.18,0.0,6.5,0.8135565760247543,0.8102650447744337,0.6592976292512234,0.0,Full Recovery
2023-12-06,20937.69921875,69653.7265625,13.739999771118164,46834.55078125,33022.6015625,16169.5498046875,52.83000183105469,83.31590270996094,59.29,0.29,67.18,0.0,6.5,0.39606432442005346,0.39528205452235365,0.6264687173291136,0.0,Full Recovery
2023-12-07,20901.150390625,69521.6875,12.670000076293945,46841.3984375,32961.6015625,16294.2001953125,53.029998779296875,83.28959655761719,59.29,0.29,67.18,0.0,6.5,-0.17455990623970186,-0.17471243957791427,0.547916051345265,-0.17455990623970186,Full Recovery
2023-12-08,20969.400390625,69825.6015625,12.470000267028809,47262.0,33392.8984375,16163.150390625,52.939998626708984,83.35489654541016,59.29,0.29,67.18,0.0,6.5,0.3265370504707432,0.32600507599202966,0.5334371482980872,0.0,Full Recovery
2023-12-11,20997.099609375,69928.53125,12.760000228881836,47314.25,33514.25,16039.900390625,52.02000045776367,83.43009948730469,125.14,0.86,67.18,0.0,6.5,0.1320935183362959,0.1320063516009915,0.5335411367093671,0.0,Full Recovery
2023-12-12,20906.400390625,69551.03125,12.710000038146973,47097.55078125,33493.8984375,15963.5,51.849998474121094,83.34349822998047,125.14,0.86,67.18,0.0,6.5,-0.43196070141755527,-0.4328963470418101,0.5384608000295991,-0.43196070141755527,Full Recovery
2023-12-13,20926.349609375,69584.6015625,12.069999694824219,47092.25,33066.6484375,16142.400390625,51.83000183105469,83.39600372314453,125.14,0.86,0.0,0.0,6.5,0.09542158562574343,0.09537608817135473,0.5197003646754498,-0.33695129954239844,Full Recovery
2023-12-14,21182.69921875,70514.203125,12.319999694824219,47732.30078125,34223.3515625,16155.7001953125,52.79999923706055,83.2853012084961,125.14,0.86,67.18,0.0,6.5,1.2250087289956912,1.2175662163725103,0.5396847075000539,0.0,Full Recovery
2023-12-15,21456.650390625,71483.75,13.130000114440918,48143.55078125,35782.44921875,16179.7998046875,52.810001373291016,83.29660034179688,125.14,0.86,67.18,0.0,6.5,1.2932779200891975,1.2849864921501506,0.5664297030308407,0.0,Full Recovery
2023-12-18,21418.650390625,71315.09375,13.899999618530273,47867.69921875,35685.55078125,16332.150390625,52.4900016784668,83.04170227050781,251.57,1.43,67.18,0.0,6.5,-0.17710126840955187,-0.17725827811074615,0.5641234089128181,-0.17710126840955187,Full Recovery
2023-12-19,21453.099609375,71437.1875,13.869999885559082,47870.8984375,35345.0,16391.25,52.59000015258789,83.11119842529297,251.57,1.43,67.18,0.0,6.5,0.1608374856572503,0.1607082806947435,0.5610802505725058,-0.01654862797947354,Full Recovery
2023-12-20,21150.150390625,70506.3125,14.449999809265137,47445.30078125,34741.05078125,16121.25,52.83000183105469,83.09159851074219,251.57,1.43,0.0,0.0,6.5,-1.412146609423337,-1.4222122733049722,0.6453908599557767,-1.4284615465138928,Full Recovery
2023-12-21,21255.05078125,70865.1015625,13.760000228881836,47840.1484375,34846.05078125,16238.150390625,52.86000061035156,83.26719665527344,251.57,1.43,0.0,0.0,6.5,0.49597940765233606,0.49475348167753463,0.6385503208645401,-0.9395670139784928,Full Recovery
2023-12-22,21349.400390625,71106.9609375,13.710000038146973,47491.8515625,35637.80078125,16394.349609375,53.189998626708984,83.13159942626953,251.57,1.43,0.0,0.0,6.5,0.44389265566107117,0.4429103580375731,0.6383467023472117,-0.49984502728748215,Full Recovery
2023-12-25,,,,,,,,83.16500091552734,543.43,2.43,0.0,0.0,6.5,0.0,,0.6397060921094226,,Full Recovery
2023-12-26,21441.349609375,71336.796875,14.680000305175781,47724.8515625,35493.44921875,16562.599609375,53.459999084472656,83.17230224609375,543.43,2.43,0.0,0.0,6.5,0.43068759341071683,,0.6372408315045369,-0.07131020439558045,Full Recovery
2023-12-27,21654.75,72038.4296875,15.5600004196167,48282.19921875,35741.0,16655.94921875,53.630001068115234,83.18280029296875,543.43,2.43,0.0,0.0,6.5,0.9952749920727699,0.9903547502138933,0.6289754623653648,0.0,Full Recovery
2023-12-28,21778.69921875,72410.3828125,15.140000343322754,48508.55078125,35691.6484375,16860.849609375,53.84000015258789,83.26719665527344,543.43,2.43,0.0,0.0,6.5,0.5723881307796219,0.570756214221481,0.6301876578088869,0.0,Full Recovery
2023-12-29,21731.400390625,72240.2578125,14.5,48292.25,35515.0,16831.80078125,53.65999984741211,82.302001953125,543.43,2.43,0.0,0.0,6.5,-0.21717930740454694,-0.21741548367498845,0.6315526548005674,-0.21717930740454694,Full Recovery
